Workbook

Sheet 铝耗
A1: 序号 | B1: 适用 牌号 | C1: 分类 序号 | D1: 最小厚度mm | E1: 最大厚度mm | F1: 炼钢 牌号 | G1: 钢种类型 | H1: 液相线温度℃ | I1: 内控成分目标值/wt% | AA1: 备注 | AB1: 铝块---方法1 | AC1: 铝块---方法2 | AD1: 实际铝铝耗2026年 | AE1: 实际铝铝耗2025年 | AF1: 实际铝铝耗
I2: C | J2: Si | K2: Mn | L2: P | M2: S | N2: V | O2: Nb | P2: Ti | Q2: Als | R2: Alt | S2: Ca | T2: Cr | U2: Ni | V2: Cu | W2: Mo | X2: B | Y2: Sb | Z2: N | AB2: 99
B3: 合金不含税价格 | AB3: ='[1]6.合金辅料价格'!K8 -> 22337.168
A4: 1 | B4: Q195 | C4: 01 | D4: 1.5 | E4: 12 | F4: Q195-1 | G4: A 碳素钢-碳素结构钢-A20 Q195 | H4: 1527 | I4: 0.07 | J4: 0.15 | K4: 0.25 | L4: 0.02 | M4: 0.015 | P4: 0.01 | Q4: 0.01 | Z4: 60 | AB4: {=IF(R4="",IF(Q4="",0,(_xlfn.IFS(Q4=0.01,0.67,Q4=0.015,1,Q4=0.015,1.33,Q4=0.02,1.67,Q4=0.025,2,Q4=0.03,2.33,Q4=0.035,2.67,Q4=0.04,3)+IF(J4<=0.03,"0.33",0))),(_xlfn.IFS(R4=0.01,0.67,R4=0.015,1,R4=0.015,1.33,R4=0.02,1.67,R4=0.025,2,R4=0.03,2.33,R4=0.035,2.67,R4=0.04,3)+IF(J4<=0.03,"0.33",0)))} -> 0.67 | AC4: =IF(R4="",IF(Q4="",0.3,Q4/100/0.99/0.15*1000+IF(J4<=0.03,"0.33",0)),R4/100/0.99/0.15*1000+IF(J4<=0.03,"0.33",0)) -> 0.67340067 | AD4: =VLOOKUP(F4,铝耗2026年!$A$2:$B$5000,2,0) -> #N/A | AE4: =VLOOKUP(F4,铝耗2025年!$A$2:$B$5000,2,0) -> 1.45 | AF4: 1.45
A5: 2 | B5: Q195 | C5: 02 | D5: 12.01 | E5: 28 | F5: Q195-2 | G5: A 碳素钢-碳素结构钢-A20 Q195 | H5: 1527 | I5: 0.07 | J5: 0.15 | K5: 0.32 | L5: 0.02 | M5: 0.015 | Q5: 0.01 | Z5: 60 | AB5: {=IF(R5="",IF(Q5="",0,(_xlfn.IFS(Q5=0.01,0.67,Q5=0.015,1,Q5=0.015,1.33,Q5=0.02,1.67,Q5=0.025,2,Q5=0.03,2.33,Q5=0.035,2.67,Q5=0.04,3)+IF(J5<=0.03,"0.33",0))),(_xlfn.IFS(R5=0.01,0.67,R5=0.015,1,R5=0.015,1.33,R5=0.02,1.67,R5=0.025,2,R5=0.03,2.33,R5=0.035,2.67,R5=0.04,3)+IF(J5<=0.03,"0.33",0)))} -> 0.67 | AC5: =IF(R5="",IF(Q5="",0.3,Q5/100/0.99/0.15*1000+IF(J5<=0.03,"0.33",0)),R5/100/0.99/0.15*1000+IF(J5<=0.03,"0.33",0)) -> 0.67340067 | AD5: =VLOOKUP(F5,铝耗2026年!$A$2:$B$5000,2,0) -> #N/A | AE5: =VLOOKUP(F5,铝耗2025年!$A$2:$B$5000,2,0) -> #N/A | AF5: 1.45
A6: 3 | B6: Q235B | C6: 01 | D6: 1.45 | E6: 12 | F6: Q235B-1 | G6: A 碳素钢-碳素结构钢-A01 Q235B | H6: 1519 | I6: 0.16 | J6: 0.08 | K6: 0.23 | L6: 0.025 | M6: 0.02 | Q6: 0.01 | AB6: {=IF(R6="",IF(Q6="",0,(_xlfn.IFS(Q6=0.01,0.67,Q6=0.015,1,Q6=0.015,1.33,Q6=0.02,1.67,Q6=0.025,2,Q6=0.03,2.33,Q6=0.035,2.67,Q6=0.04,3)+IF(J6<=0.03,"0.33",0))),(_xlfn.IFS(R6=0.01,0.67,R6=0.015,1,R6=0.015,1.33,R6=0.02,1.67,R6=0.025,2,R6=0.03,2.33,R6=0.035,2.67,R6=0.04,3)+IF(J6<=0.03,"0.33",0)))} -> 0.67 | AC6: =IF(R6="",IF(Q6="",0.3,Q6/100/0.99/0.15*1000+IF(J6<=0.03,"0.33",0)),R6/100/0.99/0.15*1000+IF(J6<=0.03,"0.33",0)) -> 0.67340067 | AD6: =VLOOKUP(F6,铝耗2026年!$A$2:$B$5000,2,0) -> 1.2022258 | AE6: =VLOOKUP(F6,铝耗2025年!$A$2:$B$5000,2,0) -> 1.2 | AF6: =MAX(AD6:AE6) -> 1.2022258
A7: 4 | B7: Q235B | C7: 02 | D7: 12.01 | E7: 28 | F7: Q235B-2 | G7: A 碳素钢-碳素结构钢-A01 Q235B | H7: 1519 | I7: 0.16 | J7: 0.08 | K7: 0.38 | L7: 0.025 | M7: 0.02 | Q7: 0.01 | AB7: {=IF(R7="",IF(Q7="",0,(_xlfn.IFS(Q7=0.01,0.67,Q7=0.015,1,Q7=0.015,1.33,Q7=0.02,1.67,Q7=0.025,2,Q7=0.03,2.33,Q7=0.035,2.67,Q7=0.04,3)+IF(J7<=0.03,"0.33",0))),(_xlfn.IFS(R7=0.01,0.67,R7=0.015,1,R7=0.015,1.33,R7=0.02,1.67,R7=0.025,2,R7=0.03,2.33,R7=0.035,2.67,R7=0.04,3)+IF(J7<=0.03,"0.33",0)))} -> 0.67 | AC7: =IF(R7="",IF(Q7="",0.3,Q7/100/0.99/0.15*1000+IF(J7<=0.03,"0.33",0)),R7/100/0.99/0.15*1000+IF(J7<=0.03,"0.33",0)) -> 0.67340067 | AD7: =VLOOKUP(F7,铝耗2026年!$A$2:$B$5000,2,0) -> 1.1762267 | AE7: =VLOOKUP(F7,铝耗2025年!$A$2:$B$5000,2,0) -> 1.2 | AF7: =MAX(AD7:AE7) -> 1.2
A8: 5 | B8: Q235C | C8: 01 | D8: 1.6 | E8: 12 | F8: Q235C-1 | G8: A 碳素钢-碳素结构钢-A02 Q235C | H8: 1519 | I8: 0.15 | J8: 0.1 | K8: 0.35 | L8: 0.015 | M8: 0.01 | Q8: 0.025 | AB8: {=IF(R8="",IF(Q8="",0,(_xlfn.IFS(Q8=0.01,0.67,Q8=0.015,1,Q8=0.015,1.33,Q8=0.02,1.67,Q8=0.025,2,Q8=0.03,2.33,Q8=0.035,2.67,Q8=0.04,3)+IF(J8<=0.03,"0.33",0))),(_xlfn.IFS(R8=0.01,0.67,R8=0.015,1,R8=0.015,1.33,R8=0.02,1.67,R8=0.025,2,R8=0.03,2.33,R8=0.035,2.67,R8=0.04,3)+IF(J8<=0.03,"0.33",0)))} -> 2 | AC8: =IF(R8="",IF(Q8="",0.3,Q8/100/0.99/0.15*1000+IF(J8<=0.03,"0.33",0)),R8/100/0.99/0.15*1000+IF(J8<=0.03,"0.33",0)) -> 1.6835017 | AD8: =VLOOKUP(F8,铝耗2026年!$A$2:$B$5000,2,0) -> 1.318726 | AE8: =VLOOKUP(F8,铝耗2025年!$A$2:$B$5000,2,0) -> 1.33 | AF8: =MAX(AD8:AE8) -> 1.33
A9: 6 | B9: Q235C | C9: 02 | D9: 12.01 | E9: 25.4 | F9: Q235C-2 | G9: A 碳素钢-碳素结构钢-A02 Q235C | H9: 1519 | I9: 0.15 | J9: 0.1 | K9: 0.5 | L9: 0.015 | M9: 0.01 | Q9: 0.025 | AB9: {=IF(R9="",IF(Q9="",0,(_xlfn.IFS(Q9=0.01,0.67,Q9=0.015,1,Q9=0.015,1.33,Q9=0.02,1.67,Q9=0.025,2,Q9=0.03,2.33,Q9=0.035,2.67,Q9=0.04,3)+IF(J9<=0.03,"0.33",0))),(_xlfn.IFS(R9=0.01,0.67,R9=0.015,1,R9=0.015,1.33,R9=0.02,1.67,R9=0.025,2,R9=0.03,2.33,R9=0.035,2.67,R9=0.04,3)+IF(J9<=0.03,"0.33",0)))} -> 2 | AC9: =IF(R9="",IF(Q9="",0.3,Q9/100/0.99/0.15*1000+IF(J9<=0.03,"0.33",0)),R9/100/0.99/0.15*1000+IF(J9<=0.03,"0.33",0)) -> 1.6835017 | AD9: =VLOOKUP(F9,铝耗2026年!$A$2:$B$5000,2,0) -> #N/A | AE9: =VLOOKUP(F9,铝耗2025年!$A$2:$B$5000,2,0) -> 1.33 | AF9: 1.33
A10: 7 | B10: Q235B-WJ | C10: 01 | D10: 1.45 | E10: 12 | F10: Q235B-1 | G10: A 碳素钢-碳素结构钢-A01 Q235B | H10: 1519 | I10: 0.16 | J10: 0.08 | K10: 0.23 | L10: 0.025 | M10: 0.02 | Q10: 0.01 | AB10: {=IF(R10="",IF(Q10="",0,(_xlfn.IFS(Q10=0.01,0.67,Q10=0.015,1,Q10=0.015,1.33,Q10=0.02,1.67,Q10=0.025,2,Q10=0.03,2.33,Q10=0.035,2.67,Q10=0.04,3)+IF(J10<=0.03,"0.33",0))),(_xlfn.IFS(R10=0.01,0.67,R10=0.015,1,R10=0.015,1.33,R10=0.02,1.67,R10=0.025,2,R10=0.03,2.33,R10=0.035,2.67,R10=0.04,3)+IF(J10<=0.03,"0.33",0)))} -> 0.67 | AC10: =IF(R10="",IF(Q10="",0.3,Q10/100/0.99/0.15*1000+IF(J10<=0.03,"0.33",0)),R10/100/0.99/0.15*1000+IF(J10<=0.03,"0.33",0)) -> 0.67340067 | AD10: =VLOOKUP(F10,铝耗2026年!$A$2:$B$5000,2,0) -> 1.2022258 | AE10: =VLOOKUP(F10,铝耗2025年!$A$2:$B$5000,2,0) -> 1.2 | AF10: =MAX(AD10:AE10) -> 1.2022258
A11: 8 | B11: Q235B-WJ | C11: 02 | D11: 12.01 | E11: 28 | F11: Q235B-2 | G11: A 碳素钢-碳素结构钢-A01 Q235B | H11: 1519 | I11: 0.16 | J11: 0.08 | K11: 0.38 | L11: 0.025 | M11: 0.02 | Q11: 0.01 | AB11: {=IF(R11="",IF(Q11="",0,(_xlfn.IFS(Q11=0.01,0.67,Q11=0.015,1,Q11=0.015,1.33,Q11=0.02,1.67,Q11=0.025,2,Q11=0.03,2.33,Q11=0.035,2.67,Q11=0.04,3)+IF(J11<=0.03,"0.33",0))),(_xlfn.IFS(R11=0.01,0.67,R11=0.015,1,R11=0.015,1.33,R11=0.02,1.67,R11=0.025,2,R11=0.03,2.33,R11=0.035,2.67,R11=0.04,3)+IF(J11<=0.03,"0.33",0)))} -> 0.67 | AC11: =IF(R11="",IF(Q11="",0.3,Q11/100/0.99/0.15*1000+IF(J11<=0.03,"0.33",0)),R11/100/0.99/0.15*1000+IF(J11<=0.03,"0.33",0)) -> 0.67340067 | AD11: =VLOOKUP(F11,铝耗2026年!$A$2:$B$5000,2,0) -> 1.1762267 | AE11: =VLOOKUP(F11,铝耗2025年!$A$2:$B$5000,2,0) -> 1.2 | AF11: =MAX(AD11:AE11) -> 1.2
A12: 9 | B12: Q235B-LX | C12: 01 | D12: 1.45 | E12: 12 | F12: Q235B-1 | G12: A 碳素钢-碳素结构钢-A01 Q235B | H12: 1519 | I12: 0.16 | J12: 0.08 | K12: 0.23 | L12: 0.025 | M12: 0.02 | Q12: 0.01 | AB12: {=IF(R12="",IF(Q12="",0,(_xlfn.IFS(Q12=0.01,0.67,Q12=0.015,1,Q12=0.015,1.33,Q12=0.02,1.67,Q12=0.025,2,Q12=0.03,2.33,Q12=0.035,2.67,Q12=0.04,3)+IF(J12<=0.03,"0.33",0))),(_xlfn.IFS(R12=0.01,0.67,R12=0.015,1,R12=0.015,1.33,R12=0.02,1.67,R12=0.025,2,R12=0.03,2.33,R12=0.035,2.67,R12=0.04,3)+IF(J12<=0.03,"0.33",0)))} -> 0.67 | AC12: =IF(R12="",IF(Q12="",0.3,Q12/100/0.99/0.15*1000+IF(J12<=0.03,"0.33",0)),R12/100/0.99/0.15*1000+IF(J12<=0.03,"0.33",0)) -> 0.67340067 | AD12: =VLOOKUP(F12,铝耗2026年!$A$2:$B$5000,2,0) -> 1.2022258 | AE12: =VLOOKUP(F12,铝耗2025年!$A$2:$B$5000,2,0) -> 1.2 | AF12: =MAX(AD12:AE12) -> 1.2022258
A13: 10 | B13: Q235B-LX | C13: 02 | D13: 12.01 | E13: 28 | F13: Q235B-2 | G13: A 碳素钢-碳素结构钢-A01 Q235B | H13: 1519 | I13: 0.16 | J13: 0.08 | K13: 0.38 | L13: 0.025 | M13: 0.02 | Q13: 0.01 | AB13: {=IF(R13="",IF(Q13="",0,(_xlfn.IFS(Q13=0.01,0.67,Q13=0.015,1,Q13=0.015,1.33,Q13=0.02,1.67,Q13=0.025,2,Q13=0.03,2.33,Q13=0.035,2.67,Q13=0.04,3)+IF(J13<=0.03,"0.33",0))),(_xlfn.IFS(R13=0.01,0.67,R13=0.015,1,R13=0.015,1.33,R13=0.02,1.67,R13=0.025,2,R13=0.03,2.33,R13=0.035,2.67,R13=0.04,3)+IF(J13<=0.03,"0.33",0)))} -> 0.67 | AC13: =IF(R13="",IF(Q13="",0.3,Q13/100/0.99/0.15*1000+IF(J13<=0.03,"0.33",0)),R13/100/0.99/0.15*1000+IF(J13<=0.03,"0.33",0)) -> 0.67340067 | AD13: =VLOOKUP(F13,铝耗2026年!$A$2:$B$5000,2,0) -> 1.1762267 | AE13: =VLOOKUP(F13,铝耗2025年!$A$2:$B$5000,2,0) -> 1.2 | AF13: =MAX(AD13:AE13) -> 1.2
A14: 11 | B14: Q235B-HX | C14: 01 | D14: 1.45 | E14: 12 | F14: Q235B-1 | G14: A 碳素钢-碳素结构钢-A01 Q235B | H14: 1519 | I14: 0.16 | J14: 0.08 | K14: 0.23 | L14: 0.025 | M14: 0.02 | Q14: 0.01 | AB14: {=IF(R14="",IF(Q14="",0,(_xlfn.IFS(Q14=0.01,0.67,Q14=0.015,1,Q14=0.015,1.33,Q14=0.02,1.67,Q14=0.025,2,Q14=0.03,2.33,Q14=0.035,2.67,Q14=0.04,3)+IF(J14<=0.03,"0.33",0))),(_xlfn.IFS(R14=0.01,0.67,R14=0.015,1,R14=0.015,1.33,R14=0.02,1.67,R14=0.025,2,R14=0.03,2.33,R14=0.035,2.67,R14=0.04,3)+IF(J14<=0.03,"0.33",0)))} -> 0.67 | AC14: =IF(R14="",IF(Q14="",0.3,Q14/100/0.99/0.15*1000+IF(J14<=0.03,"0.33",0)),R14/100/0.99/0.15*1000+IF(J14<=0.03,"0.33",0)) -> 0.67340067 | AD14: =VLOOKUP(F14,铝耗2026年!$A$2:$B$5000,2,0) -> 1.2022258 | AE14: =VLOOKUP(F14,铝耗2025年!$A$2:$B$5000,2,0) -> 1.2 | AF14: =MAX(AD14:AE14) -> 1.2022258
A15: 12 | B15: Q235B-HX | C15: 02 | D15: 12.01 | E15: 28 | F15: Q235B-2 | G15: A 碳素钢-碳素结构钢-A01 Q235B | H15: 1519 | I15: 0.16 | J15: 0.08 | K15: 0.38 | L15: 0.025 | M15: 0.02 | Q15: 0.01 | AB15: {=IF(R15="",IF(Q15="",0,(_xlfn.IFS(Q15=0.01,0.67,Q15=0.015,1,Q15=0.015,1.33,Q15=0.02,1.67,Q15=0.025,2,Q15=0.03,2.33,Q15=0.035,2.67,Q15=0.04,3)+IF(J15<=0.03,"0.33",0))),(_xlfn.IFS(R15=0.01,0.67,R15=0.015,1,R15=0.015,1.33,R15=0.02,1.67,R15=0.025,2,R15=0.03,2.33,R15=0.035,2.67,R15=0.04,3)+IF(J15<=0.03,"0.33",0)))} -> 0.67 | AC15: =IF(R15="",IF(Q15="",0.3,Q15/100/0.99/0.15*1000+IF(J15<=0.03,"0.33",0)),R15/100/0.99/0.15*1000+IF(J15<=0.03,"0.33",0)) -> 0.67340067 | AD15: =VLOOKUP(F15,铝耗2026年!$A$2:$B$5000,2,0) -> 1.1762267 | AE15: =VLOOKUP(F15,铝耗2025年!$A$2:$B$5000,2,0) -> 1.2 | AF15: =MAX(AD15:AE15) -> 1.2
A16: 13 | B16: Q235B-GL | C16: 01 | D16: 1.6 | E16: 5 | F16: Q235B-GL1 | G16: A 碳素钢-碳素结构钢-A06 Q235B-GL | H16: 1520 | I16: 0.15 | J16: 0.12 | K16: 0.25 | L16: 0.015 | M16: 0.005 | Q16: 0.015 | AB16: {=IF(R16="",IF(Q16="",0,(_xlfn.IFS(Q16=0.01,0.67,Q16=0.015,1,Q16=0.015,1.33,Q16=0.02,1.67,Q16=0.025,2,Q16=0.03,2.33,Q16=0.035,2.67,Q16=0.04,3)+IF(J16<=0.03,"0.33",0))),(_xlfn.IFS(R16=0.01,0.67,R16=0.015,1,R16=0.015,1.33,R16=0.02,1.67,R16=0.025,2,R16=0.03,2.33,R16=0.035,2.67,R16=0.04,3)+IF(J16<=0.03,"0.33",0)))} -> 1 | AC16: =IF(R16="",IF(Q16="",0.3,Q16/100/0.99/0.15*1000+IF(J16<=0.03,"0.33",0)),R16/100/0.99/0.15*1000+IF(J16<=0.03,"0.33",0)) -> 1.010101 | AD16: =VLOOKUP(F16,铝耗2026年!$A$2:$B$5000,2,0) -> #N/A | AE16: =VLOOKUP(F16,铝耗2025年!$A$2:$B$5000,2,0) -> #N/A | AF16: 1.3
A17: 14 | B17: Q235B-GL | C17: 02 | D17: 5.01 | E17: 14 | F17: Q235B-GL2 | G17: A 碳素钢-碳素结构钢-A06 Q235B-GL | H17: 1520 | I17: 0.15 | J17: 0.12 | K17: 0.35 | L17: 0.015 | M17: 0.005 | Q17: 0.015 | AB17: {=IF(R17="",IF(Q17="",0,(_xlfn.IFS(Q17=0.01,0.67,Q17=0.015,1,Q17=0.015,1.33,Q17=0.02,1.67,Q17=0.025,2,Q17=0.03,2.33,Q17=0.035,2.67,Q17=0.04,3)+IF(J17<=0.03,"0.33",0))),(_xlfn.IFS(R17=0.01,0.67,R17=0.015,1,R17=0.015,1.33,R17=0.02,1.67,R17=0.025,2,R17=0.03,2.33,R17=0.035,2.67,R17=0.04,3)+IF(J17<=0.03,"0.33",0)))} -> 1 | AC17: =IF(R17="",IF(Q17="",0.3,Q17/100/0.99/0.15*1000+IF(J17<=0.03,"0.33",0)),R17/100/0.99/0.15*1000+IF(J17<=0.03,"0.33",0)) -> 1.010101 | AD17: =VLOOKUP(F17,铝耗2026年!$A$2:$B$5000,2,0) -> #N/A | AE17: =VLOOKUP(F17,铝耗2025年!$A$2:$B$5000,2,0) -> #N/A | AF17: 1.3
A18: 15 | B18: Q235B-GC | C18: 01 | D18: 3 | E18: 12 | F18: Q235B-GC1 | G18: A 碳素钢-碳素结构钢-A33 Q235B-GC | H18: 1519 | I18: 0.15 | J18: 0.05 | K18: 0.25 | L18: 0.018 | M18: 0.008 | Q18: 0.01 | AB18: {=IF(R18="",IF(Q18="",0,(_xlfn.IFS(Q18=0.01,0.67,Q18=0.015,1,Q18=0.015,1.33,Q18=0.02,1.67,Q18=0.025,2,Q18=0.03,2.33,Q18=0.035,2.67,Q18=0.04,3)+IF(J18<=0.03,"0.33",0))),(_xlfn.IFS(R18=0.01,0.67,R18=0.015,1,R18=0.015,1.33,R18=0.02,1.67,R18=0.025,2,R18=0.03,2.33,R18=0.035,2.67,R18=0.04,3)+IF(J18<=0.03,"0.33",0)))} -> 0.67 | AC18: =IF(R18="",IF(Q18="",0.3,Q18/100/0.99/0.15*1000+IF(J18<=0.03,"0.33",0)),R18/100/0.99/0.15*1000+IF(J18<=0.03,"0.33",0)) -> 0.67340067 | AD18: =VLOOKUP(F18,铝耗2026年!$A$2:$B$5000,2,0) -> 1.304391 | AE18: =VLOOKUP(F18,铝耗2025年!$A$2:$B$5000,2,0) -> 1.3 | AF18: =MAX(AD18:AE18) -> 1.304391
A19: 16 | B19: Q235B-GC | C19: 02 | D19: 12.01 | E19: 25.4 | F19: Q235B-GC2 | G19: A 碳素钢-碳素结构钢-A33 Q235B-GC | H19: 1519 | I19: 0.15 | J19: 0.05 | K19: 0.38 | L19: 0.018 | M19: 0.008 | Q19: 0.01 | AB19: {=IF(R19="",IF(Q19="",0,(_xlfn.IFS(Q19=0.01,0.67,Q19=0.015,1,Q19=0.015,1.33,Q19=0.02,1.67,Q19=0.025,2,Q19=0.03,2.33,Q19=0.035,2.67,Q19=0.04,3)+IF(J19<=0.03,"0.33",0))),(_xlfn.IFS(R19=0.01,0.67,R19=0.015,1,R19=0.015,1.33,R19=0.02,1.67,R19=0.025,2,R19=0.03,2.33,R19=0.035,2.67,R19=0.04,3)+IF(J19<=0.03,"0.33",0)))} -> 0.67 | AC19: =IF(R19="",IF(Q19="",0.3,Q19/100/0.99/0.15*1000+IF(J19<=0.03,"0.33",0)),R19/100/0.99/0.15*1000+IF(J19<=0.03,"0.33",0)) -> 0.67340067 | AD19: =VLOOKUP(F19,铝耗2026年!$A$2:$B$5000,2,0) -> 1.2566435 | AE19: =VLOOKUP(F19,铝耗2025年!$A$2:$B$5000,2,0) -> #N/A | AF19: 1.3
A20: 17 | B20: Q235B-SD | C20: 01 | D20: 3 | E20: 12 | F20: Q235B-SD1 | G20: A 碳素钢-碳素结构钢-A22 Q235B-SD | H20: 1519 | I20: 0.15 | J20: 0.05 | K20: 0.25 | L20: 0.018 | M20: 0.008 | Q20: 0.01 | AB20: {=IF(R20="",IF(Q20="",0,(_xlfn.IFS(Q20=0.01,0.67,Q20=0.015,1,Q20=0.015,1.33,Q20=0.02,1.67,Q20=0.025,2,Q20=0.03,2.33,Q20=0.035,2.67,Q20=0.04,3)+IF(J20<=0.03,"0.33",0))),(_xlfn.IFS(R20=0.01,0.67,R20=0.015,1,R20=0.015,1.33,R20=0.02,1.67,R20=0.025,2,R20=0.03,2.33,R20=0.035,2.67,R20=0.04,3)+IF(J20<=0.03,"0.33",0)))} -> 0.67 | AC20: =IF(R20="",IF(Q20="",0.3,Q20/100/0.99/0.15*1000+IF(J20<=0.03,"0.33",0)),R20/100/0.99/0.15*1000+IF(J20<=0.03,"0.33",0)) -> 0.67340067 | AD20: =VLOOKUP(F20,铝耗2026年!$A$2:$B$5000,2,0) -> 1.2553618 | AE20: =VLOOKUP(F20,铝耗2025年!$A$2:$B$5000,2,0) -> 1.3 | AF20: =MAX(AD20:AE20) -> 1.3
A21: 18 | B21: Q235B-SD | C21: 02 | D21: 12.01 | E21: 25.4 | F21: Q235B-SD2 | G21: A 碳素钢-碳素结构钢-A22 Q235B-SD | H21: 1519 | I21: 0.15 | J21: 0.05 | K21: 0.38 | L21: 0.018 | M21: 0.008 | Q21: 0.01 | AB21: {=IF(R21="",IF(Q21="",0,(_xlfn.IFS(Q21=0.01,0.67,Q21=0.015,1,Q21=0.015,1.33,Q21=0.02,1.67,Q21=0.025,2,Q21=0.03,2.33,Q21=0.035,2.67,Q21=0.04,3)+IF(J21<=0.03,"0.33",0))),(_xlfn.IFS(R21=0.01,0.67,R21=0.015,1,R21=0.015,1.33,R21=0.02,1.67,R21=0.025,2,R21=0.03,2.33,R21=0.035,2.67,R21=0.04,3)+IF(J21<=0.03,"0.33",0)))} -> 0.67 | AC21: =IF(R21="",IF(Q21="",0.3,Q21/100/0.99/0.15*1000+IF(J21<=0.03,"0.33",0)),R21/100/0.99/0.15*1000+IF(J21<=0.03,"0.33",0)) -> 0.67340067 | AD21: =VLOOKUP(F21,铝耗2026年!$A$2:$B$5000,2,0) -> 1.2798339 | AE21: =VLOOKUP(F21,铝耗2025年!$A$2:$B$5000,2,0) -> 1.3 | AF21: =MAX(AD21:AE21) -> 1.3
A22: 19 | B22: Q235B-HG | C22: 01 | D22: 1.5 | E22: 28 | F22: Q235B-HG | G22: A 碳素钢-碳素结构钢-A05 Q235B-HG | H22: 1519 | I22: 0.16 | J22: 0.1 | K22: 0.4 | L22: 0.025 | M22: 0.02 | Q22: 0.01 | AB22: {=IF(R22="",IF(Q22="",0,(_xlfn.IFS(Q22=0.01,0.67,Q22=0.015,1,Q22=0.015,1.33,Q22=0.02,1.67,Q22=0.025,2,Q22=0.03,2.33,Q22=0.035,2.67,Q22=0.04,3)+IF(J22<=0.03,"0.33",0))),(_xlfn.IFS(R22=0.01,0.67,R22=0.015,1,R22=0.015,1.33,R22=0.02,1.67,R22=0.025,2,R22=0.03,2.33,R22=0.035,2.67,R22=0.04,3)+IF(J22<=0.03,"0.33",0)))} -> 0.67 | AC22: =IF(R22="",IF(Q22="",0.3,Q22/100/0.99/0.15*1000+IF(J22<=0.03,"0.33",0)),R22/100/0.99/0.15*1000+IF(J22<=0.03,"0.33",0)) -> 0.67340067 | AD22: =VLOOKUP(F22,铝耗2026年!$A$2:$B$5000,2,0) -> 1.154719 | AE22: =VLOOKUP(F22,铝耗2025年!$A$2:$B$5000,2,0) -> 1.25 | AF22: =MAX(AD22:AE22) -> 1.25
A23: 20 | B23: A36 | C23: 01 | D23: 1.5 | E23: 12 | F23: A36-1 | G23: A 碳素钢-碳素结构钢-A09 A36 | H23: 1519 | I23: 0.16 | J23: 0.08 | K23: 0.25 | L23: 0.015 | M23: 0.01 | Q23: 0.02 | AB23: {=IF(R23="",IF(Q23="",0,(_xlfn.IFS(Q23=0.01,0.67,Q23=0.015,1,Q23=0.015,1.33,Q23=0.02,1.67,Q23=0.025,2,Q23=0.03,2.33,Q23=0.035,2.67,Q23=0.04,3)+IF(J23<=0.03,"0.33",0))),(_xlfn.IFS(R23=0.01,0.67,R23=0.015,1,R23=0.015,1.33,R23=0.02,1.67,R23=0.025,2,R23=0.03,2.33,R23=0.035,2.67,R23=0.04,3)+IF(J23<=0.03,"0.33",0)))} -> 1.67 | AC23: =IF(R23="",IF(Q23="",0.3,Q23/100/0.99/0.15*1000+IF(J23<=0.03,"0.33",0)),R23/100/0.99/0.15*1000+IF(J23<=0.03,"0.33",0)) -> 1.3468013 | AD23: =VLOOKUP(F23,铝耗2026年!$A$2:$B$5000,2,0) -> 1.4320019 | AE23: =VLOOKUP(F23,铝耗2025年!$A$2:$B$5000,2,0) -> 1.45 | AF23: =MAX(AD23:AE23) -> 1.45
A24: 21 | B24: A36 | C24: 02 | D24: 12.01 | E24: 25 | F24: A36-2 | G24: A 碳素钢-碳素结构钢-A09 A36 | H24: 1519 | I24: 0.16 | J24: 0.08 | K24: 0.38 | L24: 0.015 | M24: 0.01 | Q24: 0.02 | AB24: {=IF(R24="",IF(Q24="",0,(_xlfn.IFS(Q24=0.01,0.67,Q24=0.015,1,Q24=0.015,1.33,Q24=0.02,1.67,Q24=0.025,2,Q24=0.03,2.33,Q24=0.035,2.67,Q24=0.04,3)+IF(J24<=0.03,"0.33",0))),(_xlfn.IFS(R24=0.01,0.67,R24=0.015,1,R24=0.015,1.33,R24=0.02,1.67,R24=0.025,2,R24=0.03,2.33,R24=0.035,2.67,R24=0.04,3)+IF(J24<=0.03,"0.33",0)))} -> 1.67 | AC24: =IF(R24="",IF(Q24="",0.3,Q24/100/0.99/0.15*1000+IF(J24<=0.03,"0.33",0)),R24/100/0.99/0.15*1000+IF(J24<=0.03,"0.33",0)) -> 1.3468013 | AD24: =VLOOKUP(F24,铝耗2026年!$A$2:$B$5000,2,0) -> 1.4091815 | AE24: =VLOOKUP(F24,铝耗2025年!$A$2:$B$5000,2,0) -> 1.45 | AF24: =MAX(AD24:AE24) -> 1.45
A25: 22 | B25: A36-DX | C25: 01 | D25: 1.5 | E25: 12 | F25: A36-DX1 | G25: A 碳素钢-碳素结构钢-A36 A36-DX | H25: 1519 | I25: 0.16 | J25: 0 | K25: 0.3 | L25: 0.02 | M25: 0.015 | Q25: 0.02 | AB25: {=IF(R25="",IF(Q25="",0,(_xlfn.IFS(Q25=0.01,0.67,Q25=0.015,1,Q25=0.015,1.33,Q25=0.02,1.67,Q25=0.025,2,Q25=0.03,2.33,Q25=0.035,2.67,Q25=0.04,3)+IF(J25<=0.03,"0.33",0))),(_xlfn.IFS(R25=0.01,0.67,R25=0.015,1,R25=0.015,1.33,R25=0.02,1.67,R25=0.025,2,R25=0.03,2.33,R25=0.035,2.67,R25=0.04,3)+IF(J25<=0.03,"0.33",0)))} -> 2 | AC25: =IF(R25="",IF(Q25="",0.3,Q25/100/0.99/0.15*1000+IF(J25<=0.03,"0.33",0)),R25/100/0.99/0.15*1000+IF(J25<=0.03,"0.33",0)) -> 1.6768013 | AD25: =VLOOKUP(F25,铝耗2026年!$A$2:$B$5000,2,0) -> 1.5404523 | AE25: =VLOOKUP(F25,铝耗2025年!$A$2:$B$5000,2,0) -> 1.6 | AF25: =MAX(AD25:AE25) -> 1.6
A26: 23 | B26: A36-DX | C26: 02 | D26: 12.01 | E26: 20 | F26: A36-DX2 | G26: A 碳素钢-碳素结构钢-A36 A36-DX | H26: 1519 | I26: 0.16 | J26: 0 | K26: 0.4 | L26: 0.02 | M26: 0.015 | Q26: 0.02 | AB26: {=IF(R26="",IF(Q26="",0,(_xlfn.IFS(Q26=0.01,0.67,Q26=0.015,1,Q26=0.015,1.33,Q26=0.02,1.67,Q26=0.025,2,Q26=0.03,2.33,Q26=0.035,2.67,Q26=0.04,3)+IF(J26<=0.03,"0.33",0))),(_xlfn.IFS(R26=0.01,0.67,R26=0.015,1,R26=0.015,1.33,R26=0.02,1.67,R26=0.025,2,R26=0.03,2.33,R26=0.035,2.67,R26=0.04,3)+IF(J26<=0.03,"0.33",0)))} -> 2 | AC26: =IF(R26="",IF(Q26="",0.3,Q26/100/0.99/0.15*1000+IF(J26<=0.03,"0.33",0)),R26/100/0.99/0.15*1000+IF(J26<=0.03,"0.33",0)) -> 1.6768013 | AD26: =VLOOKUP(F26,铝耗2026年!$A$2:$B$5000,2,0) -> #N/A | AE26: =VLOOKUP(F26,铝耗2025年!$A$2:$B$5000,2,0) -> 1.6 | AF26: =AE26 -> 1.6
A27: 24 | B27: SS400 | C27: 01 | D27: 1.6 | E27: 12 | F27: SS400-1 | G27: A 碳素钢-碳素结构钢-A18 SS400 | H27: 1519 | I27: 0.16 | J27: 0.08 | K27: 0.35 | L27: 0.02 | M27: 0.015 | Q27: 0.01 | AB27: {=IF(R27="",IF(Q27="",0,(_xlfn.IFS(Q27=0.01,0.67,Q27=0.015,1,Q27=0.015,1.33,Q27=0.02,1.67,Q27=0.025,2,Q27=0.03,2.33,Q27=0.035,2.67,Q27=0.04,3)+IF(J27<=0.03,"0.33",0))),(_xlfn.IFS(R27=0.01,0.67,R27=0.015,1,R27=0.015,1.33,R27=0.02,1.67,R27=0.025,2,R27=0.03,2.33,R27=0.035,2.67,R27=0.04,3)+IF(J27<=0.03,"0.33",0)))} -> 0.67 | AC27: =IF(R27="",IF(Q27="",0.3,Q27/100/0.99/0.15*1000+IF(J27<=0.03,"0.33",0)),R27/100/0.99/0.15*1000+IF(J27<=0.03,"0.33",0)) -> 0.67340067 | AD27: =VLOOKUP(F27,铝耗2026年!$A$2:$B$5000,2,0) -> 1.2356426 | AE27: =VLOOKUP(F27,铝耗2025年!$A$2:$B$5000,2,0) -> 1.2 | AF27: =MAX(AD27:AE27) -> 1.2356426
A28: 25 | B28: SS400 | C28: 02 | D28: 12.01 | E28: 25.4 | F28: SS400-2 | G28: A 碳素钢-碳素结构钢-A18 SS400 | H28: 1519 | I28: 0.16 | J28: 0.08 | K28: 0.5 | L28: 0.02 | M28: 0.015 | Q28: 0.025 | AB28: {=IF(R28="",IF(Q28="",0,(_xlfn.IFS(Q28=0.01,0.67,Q28=0.015,1,Q28=0.015,1.33,Q28=0.02,1.67,Q28=0.025,2,Q28=0.03,2.33,Q28=0.035,2.67,Q28=0.04,3)+IF(J28<=0.03,"0.33",0))),(_xlfn.IFS(R28=0.01,0.67,R28=0.015,1,R28=0.015,1.33,R28=0.02,1.67,R28=0.025,2,R28=0.03,2.33,R28=0.035,2.67,R28=0.04,3)+IF(J28<=0.03,"0.33",0)))} -> 2 | AC28: =IF(R28="",IF(Q28="",0.3,Q28/100/0.99/0.15*1000+IF(J28<=0.03,"0.33",0)),R28/100/0.99/0.15*1000+IF(J28<=0.03,"0.33",0)) -> 1.6835017 | AD28: =VLOOKUP(F28,铝耗2026年!$A$2:$B$5000,2,0) -> 1.3715183 | AE28: =VLOOKUP(F28,铝耗2025年!$A$2:$B$5000,2,0) -> 1.4 | AF28: =MAX(AD28:AE28) -> 1.4
A29: 26 | B29: A36-HW | C29: 01 | D29: 1.5 | E29: 12 | F29: A36-1 | G29: A 碳素钢-碳素结构钢-A09 A36 | H29: 1519 | I29: 0.16 | J29: 0.08 | K29: 0.25 | L29: 0.015 | M29: 0.01 | Q29: 0.02 | AB29: {=IF(R29="",IF(Q29="",0,(_xlfn.IFS(Q29=0.01,0.67,Q29=0.015,1,Q29=0.015,1.33,Q29=0.02,1.67,Q29=0.025,2,Q29=0.03,2.33,Q29=0.035,2.67,Q29=0.04,3)+IF(J29<=0.03,"0.33",0))),(_xlfn.IFS(R29=0.01,0.67,R29=0.015,1,R29=0.015,1.33,R29=0.02,1.67,R29=0.025,2,R29=0.03,2.33,R29=0.035,2.67,R29=0.04,3)+IF(J29<=0.03,"0.33",0)))} -> 1.67 | AC29: =IF(R29="",IF(Q29="",0.3,Q29/100/0.99/0.15*1000+IF(J29<=0.03,"0.33",0)),R29/100/0.99/0.15*1000+IF(J29<=0.03,"0.33",0)) -> 1.3468013 | AD29: =VLOOKUP(F29,铝耗2026年!$A$2:$B$5000,2,0) -> 1.4320019 | AE29: =VLOOKUP(F29,铝耗2025年!$A$2:$B$5000,2,0) -> 1.45 | AF29: =MAX(AD29:AE29) -> 1.45
A30: 27 | B30: Q235-HW | C30: 01 | D30: 1.5 | E30: 16 | F30: Q235-HW | G30: E 花纹板-花纹板类钢材-E01 Q235-HW | H30: 1519 | I30: 0.16 | J30: 0.1 | K30: 0.25 | L30: 0.035 | M30: 0.02 | AB30: {=IF(R30="",IF(Q30="",0,(_xlfn.IFS(Q30=0.01,0.67,Q30=0.015,1,Q30=0.015,1.33,Q30=0.02,1.67,Q30=0.025,2,Q30=0.03,2.33,Q30=0.035,2.67,Q30=0.04,3)+IF(J30<=0.03,"0.33",0))),(_xlfn.IFS(R30=0.01,0.67,R30=0.015,1,R30=0.015,1.33,R30=0.02,1.67,R30=0.025,2,R30=0.03,2.33,R30=0.035,2.67,R30=0.04,3)+IF(J30<=0.03,"0.33",0)))} -> 0 | AC30: =IF(R30="",IF(Q30="",0.3,Q30/100/0.99/0.15*1000+IF(J30<=0.03,"0.33",0)),R30/100/0.99/0.15*1000+IF(J30<=0.03,"0.33",0)) -> 0.3 | AD30: =VLOOKUP(F30,铝耗2026年!$A$2:$B$5000,2,0) -> 0.22554574 | AE30: =VLOOKUP(F30,铝耗2025年!$A$2:$B$5000,2,0) -> 0.25 | AF30: =MAX(AD30:AE30) -> 0.25
A31: 28 | B31: Q355-HW | C31: 01 | D31: 3 | E31: 6 | F31: Q355-HW1 | G31: E 花纹板-花纹板类钢材-E04 Q355-HW | H31: 1518 | I31: 0.16 | J31: 0.08 | K31: 0.35 | L31: 0.02 | M31: 0.01 | P31: 0.04 | Q31: 0.02 | AA31: Q355级别花纹板 | AB31: {=IF(R31="",IF(Q31="",0,(_xlfn.IFS(Q31=0.01,0.67,Q31=0.015,1,Q31=0.015,1.33,Q31=0.02,1.67,Q31=0.025,2,Q31=0.03,2.33,Q31=0.035,2.67,Q31=0.04,3)+IF(J31<=0.03,"0.33",0))),(_xlfn.IFS(R31=0.01,0.67,R31=0.015,1,R31=0.015,1.33,R31=0.02,1.67,R31=0.025,2,R31=0.03,2.33,R31=0.035,2.67,R31=0.04,3)+IF(J31<=0.03,"0.33",0)))} -> 1.67 | AC31: =IF(R31="",IF(Q31="",0.3,Q31/100/0.99/0.15*1000+IF(J31<=0.03,"0.33",0)),R31/100/0.99/0.15*1000+IF(J31<=0.03,"0.33",0)) -> 1.3468013 | AD31: =VLOOKUP(F31,铝耗2026年!$A$2:$B$5000,2,0) -> #N/A | AE31: =VLOOKUP(F31,铝耗2025年!$A$2:$B$5000,2,0) -> #N/A | AF31: 1.4
A32: 29 | B32: Q355-HW | C32: 02 | D32: 6.01 | E32: 10 | F32: Q355-HW2 | G32: E 花纹板-花纹板类钢材-E04 Q355-HW | H32: 1517 | I32: 0.16 | J32: 0.08 | K32: 0.5 | L32: 0.02 | M32: 0.01 | P32: 0.04 | Q32: 0.02 | AA32: Q355级别花纹板 | AB32: {=IF(R32="",IF(Q32="",0,(_xlfn.IFS(Q32=0.01,0.67,Q32=0.015,1,Q32=0.015,1.33,Q32=0.02,1.67,Q32=0.025,2,Q32=0.03,2.33,Q32=0.035,2.67,Q32=0.04,3)+IF(J32<=0.03,"0.33",0))),(_xlfn.IFS(R32=0.01,0.67,R32=0.015,1,R32=0.015,1.33,R32=0.02,1.67,R32=0.025,2,R32=0.03,2.33,R32=0.035,2.67,R32=0.04,3)+IF(J32<=0.03,"0.33",0)))} -> 1.67 | AC32: =IF(R32="",IF(Q32="",0.3,Q32/100/0.99/0.15*1000+IF(J32<=0.03,"0.33",0)),R32/100/0.99/0.15*1000+IF(J32<=0.03,"0.33",0)) -> 1.3468013 | AD32: =VLOOKUP(F32,铝耗2026年!$A$2:$B$5000,2,0) -> #N/A | AE32: =VLOOKUP(F32,铝耗2025年!$A$2:$B$5000,2,0) -> #N/A | AF32: 1.4
A33: 30 | B33: SPHC | C33: 01 | D33: 1.6 | E33: 8 | F33: SPHC-ZT | G33: C 热轧低碳钢-冷轧基料-C01 SPHC | H33: 1531 | I33: 0.05 | J33: 0.015 | K33: 0.23 | L33: 0.015 | M33: 0.01 | Q33: 0.025 | Z33: 40 | AB33: {=IF(R33="",IF(Q33="",0,(_xlfn.IFS(Q33=0.01,0.67,Q33=0.015,1,Q33=0.015,1.33,Q33=0.02,1.67,Q33=0.025,2,Q33=0.03,2.33,Q33=0.035,2.67,Q33=0.04,3)+IF(J33<=0.03,"0.33",0))),(_xlfn.IFS(R33=0.01,0.67,R33=0.015,1,R33=0.015,1.33,R33=0.02,1.67,R33=0.025,2,R33=0.03,2.33,R33=0.035,2.67,R33=0.04,3)+IF(J33<=0.03,"0.33",0)))} -> 2.33 | AC33: =IF(R33="",IF(Q33="",0.3,Q33/100/0.99/0.15*1000+IF(J33<=0.03,"0.33",0)),R33/100/0.99/0.15*1000+IF(J33<=0.03,"0.33",0)) -> 2.0135017 | AD33: =VLOOKUP(F33,铝耗2026年!$A$2:$B$5000,2,0) -> #N/A | AE33: =VLOOKUP(F33,铝耗2025年!$A$2:$B$5000,2,0) -> #N/A | AF33: 1.2
A34: 31 | B34: SPHC | C34: 02 | D34: 8.01 | E34: 16 | F34: SPHC-SX | G34: C 热轧低碳钢-冷轧基料-C01 SPHC | H34: 1531 | I34: 0.05 | J34: 0.015 | K34: 0.23 | L34: 0.015 | M34: 0.01 | Q34: 0.025 | Z34: 40 | AB34: {=IF(R34="",IF(Q34="",0,(_xlfn.IFS(Q34=0.01,0.67,Q34=0.015,1,Q34=0.015,1.33,Q34=0.02,1.67,Q34=0.025,2,Q34=0.03,2.33,Q34=0.035,2.67,Q34=0.04,3)+IF(J34<=0.03,"0.33",0))),(_xlfn.IFS(R34=0.01,0.67,R34=0.015,1,R34=0.015,1.33,R34=0.02,1.67,R34=0.025,2,R34=0.03,2.33,R34=0.035,2.67,R34=0.04,3)+IF(J34<=0.03,"0.33",0)))} -> 2.33 | AC34: =IF(R34="",IF(Q34="",0.3,Q34/100/0.99/0.15*1000+IF(J34<=0.03,"0.33",0)),R34/100/0.99/0.15*1000+IF(J34<=0.03,"0.33",0)) -> 2.0135017 | AD34: =VLOOKUP(F34,铝耗2026年!$A$2:$B$5000,2,0) -> #N/A | AE34: =VLOOKUP(F34,铝耗2025年!$A$2:$B$5000,2,0) -> 2.5 | AF34: 1.2
A35: 32 | B35: SPHC | C35: 01 | D35: 8.01 | E35: 16 | F35: SPHC-SX | G35: C 热轧低碳钢-冷轧基料-C01 SPHC | H35: 1531 | I35: 0.05 | J35: 0.015 | K35: 0.23 | L35: 0.015 | M35: 0.01 | Q35: 0.025 | Z35: 40 | AA35: SPHC-SX | AB35: {=IF(R35="",IF(Q35="",0,(_xlfn.IFS(Q35=0.01,0.67,Q35=0.015,1,Q35=0.015,1.33,Q35=0.02,1.67,Q35=0.025,2,Q35=0.03,2.33,Q35=0.035,2.67,Q35=0.04,3)+IF(J35<=0.03,"0.33",0))),(_xlfn.IFS(R35=0.01,0.67,R35=0.015,1,R35=0.015,1.33,R35=0.02,1.67,R35=0.025,2,R35=0.03,2.33,R35=0.035,2.67,R35=0.04,3)+IF(J35<=0.03,"0.33",0)))} -> 2.33 | AC35: =IF(R35="",IF(Q35="",0.3,Q35/100/0.99/0.15*1000+IF(J35<=0.03,"0.33",0)),R35/100/0.99/0.15*1000+IF(J35<=0.03,"0.33",0)) -> 2.0135017 | AD35: =VLOOKUP(F35,铝耗2026年!$A$2:$B$5000,2,0) -> #N/A | AE35: =VLOOKUP(F35,铝耗2025年!$A$2:$B$5000,2,0) -> 2.5 | AF35: 1.2
A36: 33 | B36: SPHC-M | C36: 01 | D36: 2.5 | E36: 5 | F36: SPHC-M | G36: C 热轧低碳钢-冷轧基料-C02 SPHC-M | H36: 1531 | I36: 0.045 | J36: 0.02 | K36: 0.25 | L36: 0.015 | M36: 0.006 | Q36: 0.025 | Z36: 45 | AB36: {=IF(R36="",IF(Q36="",0,(_xlfn.IFS(Q36=0.01,0.67,Q36=0.015,1,Q36=0.015,1.33,Q36=0.02,1.67,Q36=0.025,2,Q36=0.03,2.33,Q36=0.035,2.67,Q36=0.04,3)+IF(J36<=0.03,"0.33",0))),(_xlfn.IFS(R36=0.01,0.67,R36=0.015,1,R36=0.015,1.33,R36=0.02,1.67,R36=0.025,2,R36=0.03,2.33,R36=0.035,2.67,R36=0.04,3)+IF(J36<=0.03,"0.33",0)))} -> 2.33 | AC36: =IF(R36="",IF(Q36="",0.3,Q36/100/0.99/0.15*1000+IF(J36<=0.03,"0.33",0)),R36/100/0.99/0.15*1000+IF(J36<=0.03,"0.33",0)) -> 2.0135017 | AD36: =VLOOKUP(F36,铝耗2026年!$A$2:$B$5000,2,0) -> #N/A | AE36: =VLOOKUP(F36,铝耗2025年!$A$2:$B$5000,2,0) -> 2.5 | AF36: 1.2
A37: 34 | B37: SPHC-M(B) | C37: 01 | D37: 2.5 | E37: 6 | F37: SPHC-M(B) | G37: C 热轧低碳钢-冷轧基料-C05 SPHC-M(B) | H37: 1531 | I37: 0.045 | J37: 0.02 | K37: 0.25 | L37: 0.015 | M37: 0.006 | Q37: 0.025 | X37: 0.0014 | AA37: 含硼马口铁 | AB37: {=IF(R37="",IF(Q37="",0,(_xlfn.IFS(Q37=0.01,0.67,Q37=0.015,1,Q37=0.015,1.33,Q37=0.02,1.67,Q37=0.025,2,Q37=0.03,2.33,Q37=0.035,2.67,Q37=0.04,3)+IF(J37<=0.03,"0.33",0))),(_xlfn.IFS(R37=0.01,0.67,R37=0.015,1,R37=0.015,1.33,R37=0.02,1.67,R37=0.025,2,R37=0.03,2.33,R37=0.035,2.67,R37=0.04,3)+IF(J37<=0.03,"0.33",0)))} -> 2.33 | AC37: =IF(R37="",IF(Q37="",0.3,Q37/100/0.99/0.15*1000+IF(J37<=0.03,"0.33",0)),R37/100/0.99/0.15*1000+IF(J37<=0.03,"0.33",0)) -> 2.0135017 | AD37: =VLOOKUP(F37,铝耗2026年!$A$2:$B$5000,2,0) -> #N/A | AE37: =VLOOKUP(F37,铝耗2025年!$A$2:$B$5000,2,0) -> #N/A | AF37: 1.2
A38: 35 | B38: MRT2.5 | C38: 01 | D38: 2.5 | E38: 6 | F38: MRT2.5 | G38: C 热轧低碳钢-冷轧基料-C03 MRT2.5 | H38: 1529 | I38: 0.06 | J38: 0 | K38: 0.28 | L38: 0.015 | M38: 0.006 | Q38: 0.03 | AA38: 供日照昱岚新材料有限公司冷轧用热轧卷板 | AB38: {=IF(R38="",IF(Q38="",0,(_xlfn.IFS(Q38=0.01,0.67,Q38=0.015,1,Q38=0.015,1.33,Q38=0.02,1.67,Q38=0.025,2,Q38=0.03,2.33,Q38=0.035,2.67,Q38=0.04,3)+IF(J38<=0.03,"0.33",0))),(_xlfn.IFS(R38=0.01,0.67,R38=0.015,1,R38=0.015,1.33,R38=0.02,1.67,R38=0.025,2,R38=0.03,2.33,R38=0.035,2.67,R38=0.04,3)+IF(J38<=0.03,"0.33",0)))} -> 2.66 | AC38: =IF(R38="",IF(Q38="",0.3,Q38/100/0.99/0.15*1000+IF(J38<=0.03,"0.33",0)),R38/100/0.99/0.15*1000+IF(J38<=0.03,"0.33",0)) -> 2.350202 | AD38: =VLOOKUP(F38,铝耗2026年!$A$2:$B$5000,2,0) -> 2.8450493 | AE38: =VLOOKUP(F38,铝耗2025年!$A$2:$B$5000,2,0) -> 2.5 | AF38: 1.2
A39: 36 | B39: YFMRT2.5 | C39: 01 | D39: 2.5 | E39: 6 | F39: YFMRT2.5 | G39: C 热轧低碳钢-冷轧基料-C07 YFMRT2.5 | H39: 1529 | I39: 0.06 | J39: 0 | K39: 0.28 | L39: 0.015 | M39: 0.006 | Q39: 0.03 | AA39: 供友富用热轧卷板 | AB39: {=IF(R39="",IF(Q39="",0,(_xlfn.IFS(Q39=0.01,0.67,Q39=0.015,1,Q39=0.015,1.33,Q39=0.02,1.67,Q39=0.025,2,Q39=0.03,2.33,Q39=0.035,2.67,Q39=0.04,3)+IF(J39<=0.03,"0.33",0))),(_xlfn.IFS(R39=0.01,0.67,R39=0.015,1,R39=0.015,1.33,R39=0.02,1.67,R39=0.025,2,R39=0.03,2.33,R39=0.035,2.67,R39=0.04,3)+IF(J39<=0.03,"0.33",0)))} -> 2.66 | AC39: =IF(R39="",IF(Q39="",0.3,Q39/100/0.99/0.15*1000+IF(J39<=0.03,"0.33",0)),R39/100/0.99/0.15*1000+IF(J39<=0.03,"0.33",0)) -> 2.350202 | AD39: =VLOOKUP(F39,铝耗2026年!$A$2:$B$5000,2,0) -> #N/A | AE39: =VLOOKUP(F39,铝耗2025年!$A$2:$B$5000,2,0) -> 2.5 | AF39: 1.2
A40: 37 | B40: YLMRT3 | C40: 01 | D40: 2.5 | E40: 3.5 | F40: YLMRT3 | G40: C 热轧低碳钢-冷轧基料-C04 YLMRT3 | H40: 1528 | I40: 0.07 | J40: 0 | K40: 0.35 | L40: 0.015 | M40: 0.006 | Q40: 0.03 | AA40: 供日照昱岚新材料有限公司冷轧用热轧卷板 | AB40: {=IF(R40="",IF(Q40="",0,(_xlfn.IFS(Q40=0.01,0.67,Q40=0.015,1,Q40=0.015,1.33,Q40=0.02,1.67,Q40=0.025,2,Q40=0.03,2.33,Q40=0.035,2.67,Q40=0.04,3)+IF(J40<=0.03,"0.33",0))),(_xlfn.IFS(R40=0.01,0.67,R40=0.015,1,R40=0.015,1.33,R40=0.02,1.67,R40=0.025,2,R40=0.03,2.33,R40=0.035,2.67,R40=0.04,3)+IF(J40<=0.03,"0.33",0)))} -> 2.66 | AC40: =IF(R40="",IF(Q40="",0.3,Q40/100/0.99/0.15*1000+IF(J40<=0.03,"0.33",0)),R40/100/0.99/0.15*1000+IF(J40<=0.03,"0.33",0)) -> 2.350202 | AD40: =VLOOKUP(F40,铝耗2026年!$A$2:$B$5000,2,0) -> #N/A | AE40: =VLOOKUP(F40,铝耗2025年!$A$2:$B$5000,2,0) -> #N/A | AF40: 1.2
A41: 38 | B41: Q355B | C41: 02 | D41: 0.1 | E41: 5.99 | F41: Q355B-1 | G41: B 结构钢-低合金高强结构钢-B01 Q355B | H41: 1518 | I41: 0.16 | J41: 0.08 | K41: 0.35 | L41: 0.02 | M41: 0.01 | P41: 0.04 | Q41: 0.02 | AB41: {=IF(R41="",IF(Q41="",0,(_xlfn.IFS(Q41=0.01,0.67,Q41=0.015,1,Q41=0.015,1.33,Q41=0.02,1.67,Q41=0.025,2,Q41=0.03,2.33,Q41=0.035,2.67,Q41=0.04,3)+IF(J41<=0.03,"0.33",0))),(_xlfn.IFS(R41=0.01,0.67,R41=0.015,1,R41=0.015,1.33,R41=0.02,1.67,R41=0.025,2,R41=0.03,2.33,R41=0.035,2.67,R41=0.04,3)+IF(J41<=0.03,"0.33",0)))} -> 1.67 | AC41: =IF(R41="",IF(Q41="",0.3,Q41/100/0.99/0.15*1000+IF(J41<=0.03,"0.33",0)),R41/100/0.99/0.15*1000+IF(J41<=0.03,"0.33",0)) -> 1.3468013 | AD41: =VLOOKUP(F41,铝耗2026年!$A$2:$B$5000,2,0) -> 1.4277685 | AE41: =VLOOKUP(F41,铝耗2025年!$A$2:$B$5000,2,0) -> 1.4 | AF41: =MAX(AD41:AE41) -> 1.4277685
A42: 39 | B42: Q355B | C42: 01 | D42: 6 | E42: 15.99 | F42: Q355B-2 | G42: B 结构钢-低合金高强结构钢-B01 Q355B | H42: 1517 | I42: 0.16 | J42: 0.08 | K42: 0.5 | L42: 0.02 | M42: 0.01 | P42: 0.04 | Q42: 0.02 | AB42: {=IF(R42="",IF(Q42="",0,(_xlfn.IFS(Q42=0.01,0.67,Q42=0.015,1,Q42=0.015,1.33,Q42=0.02,1.67,Q42=0.025,2,Q42=0.03,2.33,Q42=0.035,2.67,Q42=0.04,3)+IF(J42<=0.03,"0.33",0))),(_xlfn.IFS(R42=0.01,0.67,R42=0.015,1,R42=0.015,1.33,R42=0.02,1.67,R42=0.025,2,R42=0.03,2.33,R42=0.035,2.67,R42=0.04,3)+IF(J42<=0.03,"0.33",0)))} -> 1.67 | AC42: =IF(R42="",IF(Q42="",0.3,Q42/100/0.99/0.15*1000+IF(J42<=0.03,"0.33",0)),R42/100/0.99/0.15*1000+IF(J42<=0.03,"0.33",0)) -> 1.3468013 | AD42: =VLOOKUP(F42,铝耗2026年!$A$2:$B$5000,2,0) -> 1.3656842 | AE42: =VLOOKUP(F42,铝耗2025年!$A$2:$B$5000,2,0) -> 1.4 | AF42: =MAX(AD42:AE42) -> 1.4
A43: 40 | B43: Q355B | C43: 03 | D43: 16 | E43: 28 | F43: Q355B-3B | G43: B 低合金钢-低合金高强结构钢-B01 Q355B | H43: 1514 | I43: 0.16 | J43: 0.18 | K43: 1.1 | L43: 0.02 | M43: 0.01 | O43: 0.008 | P43: 0.025 | Q43: 0.02 | AB43: {=IF(R43="",IF(Q43="",0,(_xlfn.IFS(Q43=0.01,0.67,Q43=0.015,1,Q43=0.015,1.33,Q43=0.02,1.67,Q43=0.025,2,Q43=0.03,2.33,Q43=0.035,2.67,Q43=0.04,3)+IF(J43<=0.03,"0.33",0))),(_xlfn.IFS(R43=0.01,0.67,R43=0.015,1,R43=0.015,1.33,R43=0.02,1.67,R43=0.025,2,R43=0.03,2.33,R43=0.035,2.67,R43=0.04,3)+IF(J43<=0.03,"0.33",0)))} -> 1.67 | AC43: =IF(R43="",IF(Q43="",0.3,Q43/100/0.99/0.15*1000+IF(J43<=0.03,"0.33",0)),R43/100/0.99/0.15*1000+IF(J43<=0.03,"0.33",0)) -> 1.3468013 | AD43: =VLOOKUP(F43,铝耗2026年!$A$2:$B$5000,2,0) -> 1.3446613 | AE43: =VLOOKUP(F43,铝耗2025年!$A$2:$B$5000,2,0) -> 1.4 | AF43: =MAX(AD43:AE43) -> 1.4
A44: 41 | B44: Q355C | C44: 01 | D44: 2 | E44: 12 | F44: Q355C-1 | G44: B 低合金钢-低合金高强结构钢-B03 Q355C | H44: 1517 | I44: 0.16 | J44: 0.15 | K44: 1 | L44: 0.018 | M44: 0.01 | P44: 0.03 | Q44: 0.025 | S44: 0 | T44: 0 | U44: 0 | V44: 0 | Z44: 40 | AB44: {=IF(R44="",IF(Q44="",0,(_xlfn.IFS(Q44=0.01,0.67,Q44=0.015,1,Q44=0.015,1.33,Q44=0.02,1.67,Q44=0.025,2,Q44=0.03,2.33,Q44=0.035,2.67,Q44=0.04,3)+IF(J44<=0.03,"0.33",0))),(_xlfn.IFS(R44=0.01,0.67,R44=0.015,1,R44=0.015,1.33,R44=0.02,1.67,R44=0.025,2,R44=0.03,2.33,R44=0.035,2.67,R44=0.04,3)+IF(J44<=0.03,"0.33",0)))} -> 2 | AC44: =IF(R44="",IF(Q44="",0.3,Q44/100/0.99/0.15*1000+IF(J44<=0.03,"0.33",0)),R44/100/0.99/0.15*1000+IF(J44<=0.03,"0.33",0)) -> 1.6835017 | AD44: =VLOOKUP(F44,铝耗2026年!$A$2:$B$5000,2,0) -> 1.3408091 | AE44: =VLOOKUP(F44,铝耗2025年!$A$2:$B$5000,2,0) -> 1.4 | AF44: =MAX(AD44:AE44) -> 1.4
A45: 42 | B45: Q355C | C45: 02 | D45: 12.01 | E45: 19 | F45: Q355C-2 | G45: B 低合金钢-低合金高强结构钢-B03 Q355C | H45: 1517 | I45: 0.16 | J45: 0.15 | K45: 1.25 | L45: 0.018 | M45: 0.005 | O45: 0.008 | P45: 0.015 | Q45: 0.025 | S45: 0 | T45: 0 | U45: 0 | V45: 0 | Z45: 40 | AB45: {=IF(R45="",IF(Q45="",0,(_xlfn.IFS(Q45=0.01,0.67,Q45=0.015,1,Q45=0.015,1.33,Q45=0.02,1.67,Q45=0.025,2,Q45=0.03,2.33,Q45=0.035,2.67,Q45=0.04,3)+IF(J45<=0.03,"0.33",0))),(_xlfn.IFS(R45=0.01,0.67,R45=0.015,1,R45=0.015,1.33,R45=0.02,1.67,R45=0.025,2,R45=0.03,2.33,R45=0.035,2.67,R45=0.04,3)+IF(J45<=0.03,"0.33",0)))} -> 2 | AC45: =IF(R45="",IF(Q45="",0.3,Q45/100/0.99/0.15*1000+IF(J45<=0.03,"0.33",0)),R45/100/0.99/0.15*1000+IF(J45<=0.03,"0.33",0)) -> 1.6835017 | AD45: =VLOOKUP(F45,铝耗2026年!$A$2:$B$5000,2,0) -> 1.3553414 | AE45: =VLOOKUP(F45,铝耗2025年!$A$2:$B$5000,2,0) -> 1.4 | AF45: =MAX(AD45:AE45) -> 1.4
A46: 43 | B46: Q355C | C46: 03 | D46: 19.01 | E46: 29 | F46: Q355C-3 | G46: B 低合金钢-低合金高强结构钢-B03 Q355C | H46: 1517 | I46: 0.16 | J46: 0.15 | K46: 1.35 | L46: 0.018 | M46: 0.005 | O46: 0.01 | P46: 0.025 | Q46: 0.025 | S46: 0 | T46: 0 | U46: 0 | V46: 0 | Z46: 40 | AB46: {=IF(R46="",IF(Q46="",0,(_xlfn.IFS(Q46=0.01,0.67,Q46=0.015,1,Q46=0.015,1.33,Q46=0.02,1.67,Q46=0.025,2,Q46=0.03,2.33,Q46=0.035,2.67,Q46=0.04,3)+IF(J46<=0.03,"0.33",0))),(_xlfn.IFS(R46=0.01,0.67,R46=0.015,1,R46=0.015,1.33,R46=0.02,1.67,R46=0.025,2,R46=0.03,2.33,R46=0.035,2.67,R46=0.04,3)+IF(J46<=0.03,"0.33",0)))} -> 2 | AC46: =IF(R46="",IF(Q46="",0.3,Q46/100/0.99/0.15*1000+IF(J46<=0.03,"0.33",0)),R46/100/0.99/0.15*1000+IF(J46<=0.03,"0.33",0)) -> 1.6835017 | AD46: =VLOOKUP(F46,铝耗2026年!$A$2:$B$5000,2,0) -> 1.3861706 | AE46: =VLOOKUP(F46,铝耗2025年!$A$2:$B$5000,2,0) -> 1.4 | AF46: =MAX(AD46:AE46) -> 1.4
A47: 44 | B47: Q355D | C47: 01 | D47: 2 | E47: 12 | F47: Q355D-1 | G47: B 低合金钢-低合金高强结构钢-B04 Q355D | H47: 1517 | I47: 0.16 | J47: 0.15 | K47: 1 | L47: 0.018 | M47: 0.008 | P47: 0.03 | Q47: 0.025 | AB47: {=IF(R47="",IF(Q47="",0,(_xlfn.IFS(Q47=0.01,0.67,Q47=0.015,1,Q47=0.015,1.33,Q47=0.02,1.67,Q47=0.025,2,Q47=0.03,2.33,Q47=0.035,2.67,Q47=0.04,3)+IF(J47<=0.03,"0.33",0))),(_xlfn.IFS(R47=0.01,0.67,R47=0.015,1,R47=0.015,1.33,R47=0.02,1.67,R47=0.025,2,R47=0.03,2.33,R47=0.035,2.67,R47=0.04,3)+IF(J47<=0.03,"0.33",0)))} -> 2 | AC47: =IF(R47="",IF(Q47="",0.3,Q47/100/0.99/0.15*1000+IF(J47<=0.03,"0.33",0)),R47/100/0.99/0.15*1000+IF(J47<=0.03,"0.33",0)) -> 1.6835017 | AD47: =VLOOKUP(F47,铝耗2026年!$A$2:$B$5000,2,0) -> 1.3391827 | AE47: =VLOOKUP(F47,铝耗2025年!$A$2:$B$5000,2,0) -> 1.4 | AF47: =MAX(AD47:AE47) -> 1.4
A48: 45 | B48: Q355D | C48: 02 | D48: 12.01 | E48: 19 | F48: Q355D-2 | G48: B 低合金钢-低合金高强结构钢-B04 Q355D | H48: 1521 | I48: 0.16 | J48: 0.15 | K48: 1.15 | L48: 0.018 | M48: 0.008 | O48: 0.012 | P48: 0.015 | Q48: 0.025 | Z48: 40 | AB48: {=IF(R48="",IF(Q48="",0,(_xlfn.IFS(Q48=0.01,0.67,Q48=0.015,1,Q48=0.015,1.33,Q48=0.02,1.67,Q48=0.025,2,Q48=0.03,2.33,Q48=0.035,2.67,Q48=0.04,3)+IF(J48<=0.03,"0.33",0))),(_xlfn.IFS(R48=0.01,0.67,R48=0.015,1,R48=0.015,1.33,R48=0.02,1.67,R48=0.025,2,R48=0.03,2.33,R48=0.035,2.67,R48=0.04,3)+IF(J48<=0.03,"0.33",0)))} -> 2 | AC48: =IF(R48="",IF(Q48="",0.3,Q48/100/0.99/0.15*1000+IF(J48<=0.03,"0.33",0)),R48/100/0.99/0.15*1000+IF(J48<=0.03,"0.33",0)) -> 1.6835017 | AD48: =VLOOKUP(F48,铝耗2026年!$A$2:$B$5000,2,0) -> 1.3030498 | AE48: =VLOOKUP(F48,铝耗2025年!$A$2:$B$5000,2,0) -> 1.4 | AF48: =MAX(AD48:AE48) -> 1.4
A49: 46 | B49: Q355D | C49: 03 | D49: 19.01 | E49: 29 | F49: Q355D-3 | G49: B 低合金钢-低合金高强结构钢-B04 Q355D | H49: 1521 | I49: 0.16 | J49: 0.15 | K49: 1.3 | L49: 0.018 | M49: 0.008 | O49: 0.015 | P49: 0.015 | Q49: 0.025 | Z49: 40 | AB49: {=IF(R49="",IF(Q49="",0,(_xlfn.IFS(Q49=0.01,0.67,Q49=0.015,1,Q49=0.015,1.33,Q49=0.02,1.67,Q49=0.025,2,Q49=0.03,2.33,Q49=0.035,2.67,Q49=0.04,3)+IF(J49<=0.03,"0.33",0))),(_xlfn.IFS(R49=0.01,0.67,R49=0.015,1,R49=0.015,1.33,R49=0.02,1.67,R49=0.025,2,R49=0.03,2.33,R49=0.035,2.67,R49=0.04,3)+IF(J49<=0.03,"0.33",0)))} -> 2 | AC49: =IF(R49="",IF(Q49="",0.3,Q49/100/0.99/0.15*1000+IF(J49<=0.03,"0.33",0)),R49/100/0.99/0.15*1000+IF(J49<=0.03,"0.33",0)) -> 1.6835017 | AD49: =VLOOKUP(F49,铝耗2026年!$A$2:$B$5000,2,0) -> 1.3693762 | AE49: =VLOOKUP(F49,铝耗2025年!$A$2:$B$5000,2,0) -> 1.4 | AF49: =MAX(AD49:AE49) -> 1.4
A50: 47 | B50: Q355B-T | C50: 01 | D50: 2 | E50: 7.55 | F50: Q355B-T1 | G50: B 低合金钢-低合金高强结构钢-B17 Q355B-T | H50: 1514 | I50: 0.16 | J50: 0.15 | K50: 1.1 | L50: 0.015 | M50: 0.01 | P50: 0.025 | Q50: 0.02 | AB50: {=IF(R50="",IF(Q50="",0,(_xlfn.IFS(Q50=0.01,0.67,Q50=0.015,1,Q50=0.015,1.33,Q50=0.02,1.67,Q50=0.025,2,Q50=0.03,2.33,Q50=0.035,2.67,Q50=0.04,3)+IF(J50<=0.03,"0.33",0))),(_xlfn.IFS(R50=0.01,0.67,R50=0.015,1,R50=0.015,1.33,R50=0.02,1.67,R50=0.025,2,R50=0.03,2.33,R50=0.035,2.67,R50=0.04,3)+IF(J50<=0.03,"0.33",0)))} -> 1.67 | AC50: =IF(R50="",IF(Q50="",0.3,Q50/100/0.99/0.15*1000+IF(J50<=0.03,"0.33",0)),R50/100/0.99/0.15*1000+IF(J50<=0.03,"0.33",0)) -> 1.3468013 | AD50: =VLOOKUP(F50,铝耗2026年!$A$2:$B$5000,2,0) -> #N/A | AE50: =VLOOKUP(F50,铝耗2025年!$A$2:$B$5000,2,0) -> 1.4 | AF50: 1.4
A51: 48 | B51: Q355B-T | C51: 02 | D51: 7.56 | E51: 16 | F51: Q355B-T2 | G51: B 低合金钢-低合金高强结构钢-B17 Q355B-T | H51: 1514 | I51: 0.16 | J51: 0.15 | K51: 1.1 | L51: 0.015 | M51: 0.01 | P51: 0.035 | Q51: 0.02 | AB51: {=IF(R51="",IF(Q51="",0,(_xlfn.IFS(Q51=0.01,0.67,Q51=0.015,1,Q51=0.015,1.33,Q51=0.02,1.67,Q51=0.025,2,Q51=0.03,2.33,Q51=0.035,2.67,Q51=0.04,3)+IF(J51<=0.03,"0.33",0))),(_xlfn.IFS(R51=0.01,0.67,R51=0.015,1,R51=0.015,1.33,R51=0.02,1.67,R51=0.025,2,R51=0.03,2.33,R51=0.035,2.67,R51=0.04,3)+IF(J51<=0.03,"0.33",0)))} -> 1.67 | AC51: =IF(R51="",IF(Q51="",0.3,Q51/100/0.99/0.15*1000+IF(J51<=0.03,"0.33",0)),R51/100/0.99/0.15*1000+IF(J51<=0.03,"0.33",0)) -> 1.3468013 | AD51: =VLOOKUP(F51,铝耗2026年!$A$2:$B$5000,2,0) -> 1.2887244 | AE51: =VLOOKUP(F51,铝耗2025年!$A$2:$B$5000,2,0) -> 1.4 | AF51: =MAX(AD51:AE51) -> 1.4
A52: 49 | B52: Q355B-T | C52: 03 | D52: 16.01 | E52: 28 | F52: Q355B-T3 | G52: B 低合金钢-低合金高强结构钢-B17 Q355B-T | H52: 1514 | I52: 0.16 | J52: 0.15 | K52: 1.15 | L52: 0.015 | M52: 0.01 | O52: 0.015 | P52: 0.025 | Q52: 0.02 | AB52: {=IF(R52="",IF(Q52="",0,(_xlfn.IFS(Q52=0.01,0.67,Q52=0.015,1,Q52=0.015,1.33,Q52=0.02,1.67,Q52=0.025,2,Q52=0.03,2.33,Q52=0.035,2.67,Q52=0.04,3)+IF(J52<=0.03,"0.33",0))),(_xlfn.IFS(R52=0.01,0.67,R52=0.015,1,R52=0.015,1.33,R52=0.02,1.67,R52=0.025,2,R52=0.03,2.33,R52=0.035,2.67,R52=0.04,3)+IF(J52<=0.03,"0.33",0)))} -> 1.67 | AC52: =IF(R52="",IF(Q52="",0.3,Q52/100/0.99/0.15*1000+IF(J52<=0.03,"0.33",0)),R52/100/0.99/0.15*1000+IF(J52<=0.03,"0.33",0)) -> 1.3468013 | AD52: =VLOOKUP(F52,铝耗2026年!$A$2:$B$5000,2,0) -> 1.3688677 | AE52: =VLOOKUP(F52,铝耗2025年!$A$2:$B$5000,2,0) -> 1.4 | AF52: =MAX(AD52:AE52) -> 1.4
A53: 50 | B53: Q355ME | C53: 02 | D53: 2 | E53: 5 | F53: Q355ME-1 | G53: B 低合金钢-低合金高强结构钢-B26 Q355ME | H53: 1522 | I53: 0.075 | J53: 0.15 | K53: 1.1 | L53: 0.015 | M53: 0.004 | O53: 0.01 | P53: 0.02 | Q53: 0.025 | Z53: 45 | AB53: {=IF(R53="",IF(Q53="",0,(_xlfn.IFS(Q53=0.01,0.67,Q53=0.015,1,Q53=0.015,1.33,Q53=0.02,1.67,Q53=0.025,2,Q53=0.03,2.33,Q53=0.035,2.67,Q53=0.04,3)+IF(J53<=0.03,"0.33",0))),(_xlfn.IFS(R53=0.01,0.67,R53=0.015,1,R53=0.015,1.33,R53=0.02,1.67,R53=0.025,2,R53=0.03,2.33,R53=0.035,2.67,R53=0.04,3)+IF(J53<=0.03,"0.33",0)))} -> 2 | AC53: =IF(R53="",IF(Q53="",0.3,Q53/100/0.99/0.15*1000+IF(J53<=0.03,"0.33",0)),R53/100/0.99/0.15*1000+IF(J53<=0.03,"0.33",0)) -> 1.6835017 | AD53: =VLOOKUP(F53,铝耗2026年!$A$2:$B$5000,2,0) -> #N/A | AE53: =VLOOKUP(F53,铝耗2025年!$A$2:$B$5000,2,0) -> #N/A | AF53: 1.7
A54: 51 | B54: Q355ME | C54: 01 | D54: 5.01 | E54: 12 | F54: Q355ME-2 | G54: B 低合金钢-低合金高强结构钢-B26 Q355ME | H54: 1522 | I54: 0.075 | J54: 0.15 | K54: 1.25 | L54: 0.015 | M54: 0.004 | O54: 0.015 | P54: 0.02 | Q54: 0.025 | Z54: 45 | AB54: {=IF(R54="",IF(Q54="",0,(_xlfn.IFS(Q54=0.01,0.67,Q54=0.015,1,Q54=0.015,1.33,Q54=0.02,1.67,Q54=0.025,2,Q54=0.03,2.33,Q54=0.035,2.67,Q54=0.04,3)+IF(J54<=0.03,"0.33",0))),(_xlfn.IFS(R54=0.01,0.67,R54=0.015,1,R54=0.015,1.33,R54=0.02,1.67,R54=0.025,2,R54=0.03,2.33,R54=0.035,2.67,R54=0.04,3)+IF(J54<=0.03,"0.33",0)))} -> 2 | AC54: =IF(R54="",IF(Q54="",0.3,Q54/100/0.99/0.15*1000+IF(J54<=0.03,"0.33",0)),R54/100/0.99/0.15*1000+IF(J54<=0.03,"0.33",0)) -> 1.6835017 | AD54: =VLOOKUP(F54,铝耗2026年!$A$2:$B$5000,2,0) -> 1.7675179 | AE54: =VLOOKUP(F54,铝耗2025年!$A$2:$B$5000,2,0) -> #N/A | AF54: 1.7
A55: 52 | B55: Q355ME | C55: 03 | D55: 12.01 | E55: 25.4 | F55: Q355ME-3 | G55: B 低合金钢-低合金高强结构钢-B26 Q355ME | H55: 1522 | I55: 0.075 | J55: 0.15 | K55: 1.35 | L55: 0.015 | M55: 0.004 | O55: 0.015 | P55: 0.02 | Q55: 0.025 | Z55: 45 | AB55: {=IF(R55="",IF(Q55="",0,(_xlfn.IFS(Q55=0.01,0.67,Q55=0.015,1,Q55=0.015,1.33,Q55=0.02,1.67,Q55=0.025,2,Q55=0.03,2.33,Q55=0.035,2.67,Q55=0.04,3)+IF(J55<=0.03,"0.33",0))),(_xlfn.IFS(R55=0.01,0.67,R55=0.015,1,R55=0.015,1.33,R55=0.02,1.67,R55=0.025,2,R55=0.03,2.33,R55=0.035,2.67,R55=0.04,3)+IF(J55<=0.03,"0.33",0)))} -> 2 | AC55: =IF(R55="",IF(Q55="",0.3,Q55/100/0.99/0.15*1000+IF(J55<=0.03,"0.33",0)),R55/100/0.99/0.15*1000+IF(J55<=0.03,"0.33",0)) -> 1.6835017 | AD55: =VLOOKUP(F55,铝耗2026年!$A$2:$B$5000,2,0) -> #N/A | AE55: =VLOOKUP(F55,铝耗2025年!$A$2:$B$5000,2,0) -> 1.6 | AF55: 1.7
A56: 53 | B56: Q355B-S | C56: 01 | D56: 1.8 | E56: 5.99 | F56: Q355B-S | G56: B 低合金钢-低合金高强结构钢-B24 Q355B-S | H56: 1525 | I56: 0.07 | J56: 0.1 | K56: 0.95 | L56: 0.02 | M56: 0.006 | O56: 0.01 | P56: 0.03 | Q56: 0.025 | Z56: 45 | AB56: {=IF(R56="",IF(Q56="",0,(_xlfn.IFS(Q56=0.01,0.67,Q56=0.015,1,Q56=0.015,1.33,Q56=0.02,1.67,Q56=0.025,2,Q56=0.03,2.33,Q56=0.035,2.67,Q56=0.04,3)+IF(J56<=0.03,"0.33",0))),(_xlfn.IFS(R56=0.01,0.67,R56=0.015,1,R56=0.015,1.33,R56=0.02,1.67,R56=0.025,2,R56=0.03,2.33,R56=0.035,2.67,R56=0.04,3)+IF(J56<=0.03,"0.33",0)))} -> 2 | AC56: =IF(R56="",IF(Q56="",0.3,Q56/100/0.99/0.15*1000+IF(J56<=0.03,"0.33",0)),R56/100/0.99/0.15*1000+IF(J56<=0.03,"0.33",0)) -> 1.6835017 | AD56: =VLOOKUP(F56,铝耗2026年!$A$2:$B$5000,2,0) -> #N/A | AE56: =VLOOKUP(F56,铝耗2025年!$A$2:$B$5000,2,0) -> 1.8 | AF56: 1.8
A57: 54 | B57: Q355B-SS | C57: 02 | D57: 0.1 | E57: 5.99 | F57: Q355B-1 | G57: B 结构钢-低合金高强结构钢-B01 Q355B | H57: 1518 | I57: 0.16 | J57: 0.08 | K57: 0.35 | L57: 0.02 | M57: 0.01 | P57: 0.04 | Q57: 0.02 | AB57: {=IF(R57="",IF(Q57="",0,(_xlfn.IFS(Q57=0.01,0.67,Q57=0.015,1,Q57=0.015,1.33,Q57=0.02,1.67,Q57=0.025,2,Q57=0.03,2.33,Q57=0.035,2.67,Q57=0.04,3)+IF(J57<=0.03,"0.33",0))),(_xlfn.IFS(R57=0.01,0.67,R57=0.015,1,R57=0.015,1.33,R57=0.02,1.67,R57=0.025,2,R57=0.03,2.33,R57=0.035,2.67,R57=0.04,3)+IF(J57<=0.03,"0.33",0)))} -> 1.67 | AC57: =IF(R57="",IF(Q57="",0.3,Q57/100/0.99/0.15*1000+IF(J57<=0.03,"0.33",0)),R57/100/0.99/0.15*1000+IF(J57<=0.03,"0.33",0)) -> 1.3468013 | AD57: =VLOOKUP(F57,铝耗2026年!$A$2:$B$5000,2,0) -> 1.4277685 | AE57: =VLOOKUP(F57,铝耗2025年!$A$2:$B$5000,2,0) -> 1.4 | AF57: 1.4
A58: 55 | B58: Q355B-SS | C58: 01 | D58: 6 | E58: 15.99 | F58: Q355B-2 | G58: B 结构钢-低合金高强结构钢-B01 Q355B | H58: 1517 | I58: 0.16 | J58: 0.08 | K58: 0.5 | L58: 0.02 | M58: 0.01 | P58: 0.04 | Q58: 0.02 | AB58: {=IF(R58="",IF(Q58="",0,(_xlfn.IFS(Q58=0.01,0.67,Q58=0.015,1,Q58=0.015,1.33,Q58=0.02,1.67,Q58=0.025,2,Q58=0.03,2.33,Q58=0.035,2.67,Q58=0.04,3)+IF(J58<=0.03,"0.33",0))),(_xlfn.IFS(R58=0.01,0.67,R58=0.015,1,R58=0.015,1.33,R58=0.02,1.67,R58=0.025,2,R58=0.03,2.33,R58=0.035,2.67,R58=0.04,3)+IF(J58<=0.03,"0.33",0)))} -> 1.67 | AC58: =IF(R58="",IF(Q58="",0.3,Q58/100/0.99/0.15*1000+IF(J58<=0.03,"0.33",0)),R58/100/0.99/0.15*1000+IF(J58<=0.03,"0.33",0)) -> 1.3468013 | AD58: =VLOOKUP(F58,铝耗2026年!$A$2:$B$5000,2,0) -> 1.3656842 | AE58: =VLOOKUP(F58,铝耗2025年!$A$2:$B$5000,2,0) -> 1.4 | AF58: =MAX(AD58:AE58) -> 1.4
A59: 56 | B59: Q355B-SS | C59: 03 | D59: 16 | E59: 28 | F59: Q355B-3B | G59: B 低合金钢-低合金高强结构钢-B01 Q355B | H59: 1514 | I59: 0.16 | J59: 0.18 | K59: 1.1 | L59: 0.02 | M59: 0.01 | O59: 0.008 | P59: 0.025 | Q59: 0.02 | AB59: {=IF(R59="",IF(Q59="",0,(_xlfn.IFS(Q59=0.01,0.67,Q59=0.015,1,Q59=0.015,1.33,Q59=0.02,1.67,Q59=0.025,2,Q59=0.03,2.33,Q59=0.035,2.67,Q59=0.04,3)+IF(J59<=0.03,"0.33",0))),(_xlfn.IFS(R59=0.01,0.67,R59=0.015,1,R59=0.015,1.33,R59=0.02,1.67,R59=0.025,2,R59=0.03,2.33,R59=0.035,2.67,R59=0.04,3)+IF(J59<=0.03,"0.33",0)))} -> 1.67 | AC59: =IF(R59="",IF(Q59="",0.3,Q59/100/0.99/0.15*1000+IF(J59<=0.03,"0.33",0)),R59/100/0.99/0.15*1000+IF(J59<=0.03,"0.33",0)) -> 1.3468013 | AD59: =VLOOKUP(F59,铝耗2026年!$A$2:$B$5000,2,0) -> 1.3446613 | AE59: =VLOOKUP(F59,铝耗2025年!$A$2:$B$5000,2,0) -> 1.4 | AF59: =MAX(AD59:AE59) -> 1.4
A60: 57 | B60: Q355B-SD | C60: 01 | D60: 1.5 | E60: 5.99 | F60: Q355B-SD1 | G60: B 低合金钢-低合金高强结构钢-B46 Q355B-SD | H60: 1517 | I60: 0.16 | J60: 0.07 | K60: 0.35 | L60: 0.02 | M60: 0.01 | P60: 0.04 | Q60: 0.02 | AB60: {=IF(R60="",IF(Q60="",0,(_xlfn.IFS(Q60=0.01,0.67,Q60=0.015,1,Q60=0.015,1.33,Q60=0.02,1.67,Q60=0.025,2,Q60=0.03,2.33,Q60=0.035,2.67,Q60=0.04,3)+IF(J60<=0.03,"0.33",0))),(_xlfn.IFS(R60=0.01,0.67,R60=0.015,1,R60=0.015,1.33,R60=0.02,1.67,R60=0.025,2,R60=0.03,2.33,R60=0.035,2.67,R60=0.04,3)+IF(J60<=0.03,"0.33",0)))} -> 1.67 | AC60: =IF(R60="",IF(Q60="",0.3,Q60/100/0.99/0.15*1000+IF(J60<=0.03,"0.33",0)),R60/100/0.99/0.15*1000+IF(J60<=0.03,"0.33",0)) -> 1.3468013 | AD60: =VLOOKUP(F60,铝耗2026年!$A$2:$B$5000,2,0) -> #N/A | AE60: =VLOOKUP(F60,铝耗2025年!$A$2:$B$5000,2,0) -> #N/A | AF60: 1.4
A61: 58 | B61: Q355B-SD | C61: 02 | D61: 6 | E61: 15.99 | F61: Q355B-SD2 | G61: B 低合金钢-低合金高强结构钢-B46 Q355B-SD | H61: 1517 | I61: 0.16 | J61: 0.07 | K61: 0.5 | L61: 0.02 | M61: 0.01 | P61: 0.04 | Q61: 0.02 | AB61: {=IF(R61="",IF(Q61="",0,(_xlfn.IFS(Q61=0.01,0.67,Q61=0.015,1,Q61=0.015,1.33,Q61=0.02,1.67,Q61=0.025,2,Q61=0.03,2.33,Q61=0.035,2.67,Q61=0.04,3)+IF(J61<=0.03,"0.33",0))),(_xlfn.IFS(R61=0.01,0.67,R61=0.015,1,R61=0.015,1.33,R61=0.02,1.67,R61=0.025,2,R61=0.03,2.33,R61=0.035,2.67,R61=0.04,3)+IF(J61<=0.03,"0.33",0)))} -> 1.67 | AC61: =IF(R61="",IF(Q61="",0.3,Q61/100/0.99/0.15*1000+IF(J61<=0.03,"0.33",0)),R61/100/0.99/0.15*1000+IF(J61<=0.03,"0.33",0)) -> 1.3468013 | AD61: =VLOOKUP(F61,铝耗2026年!$A$2:$B$5000,2,0) -> 1.3165284 | AE61: =VLOOKUP(F61,铝耗2025年!$A$2:$B$5000,2,0) -> 1.4 | AF61: =MAX(AD61:AE61) -> 1.4
A62: 59 | B62: Q355B-SD | C62: 03 | D62: 16 | E62: 28 | F62: Q355B-SD3 | G62: B 低合金钢-低合金高强结构钢-B46 Q355B-SD | H62: 1514 | I62: 0.16 | J62: 0.07 | K62: 1.1 | L62: 0.02 | M62: 0.01 | O62: 0.008 | P62: 0.025 | Q62: 0.02 | AB62: {=IF(R62="",IF(Q62="",0,(_xlfn.IFS(Q62=0.01,0.67,Q62=0.015,1,Q62=0.015,1.33,Q62=0.02,1.67,Q62=0.025,2,Q62=0.03,2.33,Q62=0.035,2.67,Q62=0.04,3)+IF(J62<=0.03,"0.33",0))),(_xlfn.IFS(R62=0.01,0.67,R62=0.015,1,R62=0.015,1.33,R62=0.02,1.67,R62=0.025,2,R62=0.03,2.33,R62=0.035,2.67,R62=0.04,3)+IF(J62<=0.03,"0.33",0)))} -> 1.67 | AC62: =IF(R62="",IF(Q62="",0.3,Q62/100/0.99/0.15*1000+IF(J62<=0.03,"0.33",0)),R62/100/0.99/0.15*1000+IF(J62<=0.03,"0.33",0)) -> 1.3468013 | AD62: =VLOOKUP(F62,铝耗2026年!$A$2:$B$5000,2,0) -> #N/A | AE62: =VLOOKUP(F62,铝耗2025年!$A$2:$B$5000,2,0) -> #N/A | AF62: 1.4
A63: 60 | B63: Q355B-DX | C63: 01 | D63: 1.5 | E63: 8 | F63: Q355B-DX1 | G63: B 低合金钢-低合金高强结构钢-B20 Q355B-DX | H63: 1518 | I63: 0.16 | J63: 0.02 | K63: 0.6 | L63: 0.01 | M63: 0.008 | P63: 0.04 | Q63: 0.02 | Z63: 45 | AB63: {=IF(R63="",IF(Q63="",0,(_xlfn.IFS(Q63=0.01,0.67,Q63=0.015,1,Q63=0.015,1.33,Q63=0.02,1.67,Q63=0.025,2,Q63=0.03,2.33,Q63=0.035,2.67,Q63=0.04,3)+IF(J63<=0.03,"0.33",0))),(_xlfn.IFS(R63=0.01,0.67,R63=0.015,1,R63=0.015,1.33,R63=0.02,1.67,R63=0.025,2,R63=0.03,2.33,R63=0.035,2.67,R63=0.04,3)+IF(J63<=0.03,"0.33",0)))} -> 2 | AC63: =IF(R63="",IF(Q63="",0.3,Q63/100/0.99/0.15*1000+IF(J63<=0.03,"0.33",0)),R63/100/0.99/0.15*1000+IF(J63<=0.03,"0.33",0)) -> 1.6768013 | AD63: =VLOOKUP(F63,铝耗2026年!$A$2:$B$5000,2,0) -> 1.5299962 | AE63: =VLOOKUP(F63,铝耗2025年!$A$2:$B$5000,2,0) -> 1.5 | AF63: =MAX(AD63:AE63) -> 1.5299962
A64: 61 | B64: Q355B-ZW | C64: 01 | D64: 12 | E64: 19 | F64: Q355B-ZW3 | G64: B 低合金钢-低合金高强结构钢-B19 Q355B-ZW | H64: 1516 | I64: 0.15 | J64: 0.1 | K64: 1 | L64: 0.02 | M64: 0.01 | O64: 0.008 | P64: 0.03 | Q64: 0.02 | Z64: 45 | AB64: {=IF(R64="",IF(Q64="",0,(_xlfn.IFS(Q64=0.01,0.67,Q64=0.015,1,Q64=0.015,1.33,Q64=0.02,1.67,Q64=0.025,2,Q64=0.03,2.33,Q64=0.035,2.67,Q64=0.04,3)+IF(J64<=0.03,"0.33",0))),(_xlfn.IFS(R64=0.01,0.67,R64=0.015,1,R64=0.015,1.33,R64=0.02,1.67,R64=0.025,2,R64=0.03,2.33,R64=0.035,2.67,R64=0.04,3)+IF(J64<=0.03,"0.33",0)))} -> 1.67 | AC64: =IF(R64="",IF(Q64="",0.3,Q64/100/0.99/0.15*1000+IF(J64<=0.03,"0.33",0)),R64/100/0.99/0.15*1000+IF(J64<=0.03,"0.33",0)) -> 1.3468013 | AD64: =VLOOKUP(F64,铝耗2026年!$A$2:$B$5000,2,0) -> #N/A | AE64: =VLOOKUP(F64,铝耗2025年!$A$2:$B$5000,2,0) -> #N/A | AF64: 1.4
A65: 62 | B65: Q355B-ZW | C65: 02 | D65: 19.01 | E65: 28 | F65: Q355B-ZW4 | G65: B 低合金钢-低合金高强结构钢-B19 Q355B-ZW | H65: 1516 | I65: 0.15 | J65: 0.1 | K65: 1.1 | L65: 0.02 | M65: 0.01 | O65: 0.008 | P65: 0.03 | Q65: 0.02 | Z65: 45 | AB65: {=IF(R65="",IF(Q65="",0,(_xlfn.IFS(Q65=0.01,0.67,Q65=0.015,1,Q65=0.015,1.33,Q65=0.02,1.67,Q65=0.025,2,Q65=0.03,2.33,Q65=0.035,2.67,Q65=0.04,3)+IF(J65<=0.03,"0.33",0))),(_xlfn.IFS(R65=0.01,0.67,R65=0.015,1,R65=0.015,1.33,R65=0.02,1.67,R65=0.025,2,R65=0.03,2.33,R65=0.035,2.67,R65=0.04,3)+IF(J65<=0.03,"0.33",0)))} -> 1.67 | AC65: =IF(R65="",IF(Q65="",0.3,Q65/100/0.99/0.15*1000+IF(J65<=0.03,"0.33",0)),R65/100/0.99/0.15*1000+IF(J65<=0.03,"0.33",0)) -> 1.3468013 | AD65: =VLOOKUP(F65,铝耗2026年!$A$2:$B$5000,2,0) -> #N/A | AE65: =VLOOKUP(F65,铝耗2025年!$A$2:$B$5000,2,0) -> #N/A | AF65: 1.4
A66: 63 | B66: Q355B-HL1 | C66: 03 | D66: 0.1 | E66: 6 | F66: Q355B-1 | G66: B 结构钢-低合金高强结构钢-B01 Q355B | H66: 1518 | I66: 0.16 | J66: 0.08 | K66: 0.35 | L66: 0.02 | M66: 0.01 | P66: 0.04 | Q66: 0.02 | AB66: {=IF(R66="",IF(Q66="",0,(_xlfn.IFS(Q66=0.01,0.67,Q66=0.015,1,Q66=0.015,1.33,Q66=0.02,1.67,Q66=0.025,2,Q66=0.03,2.33,Q66=0.035,2.67,Q66=0.04,3)+IF(J66<=0.03,"0.33",0))),(_xlfn.IFS(R66=0.01,0.67,R66=0.015,1,R66=0.015,1.33,R66=0.02,1.67,R66=0.025,2,R66=0.03,2.33,R66=0.035,2.67,R66=0.04,3)+IF(J66<=0.03,"0.33",0)))} -> 1.67 | AC66: =IF(R66="",IF(Q66="",0.3,Q66/100/0.99/0.15*1000+IF(J66<=0.03,"0.33",0)),R66/100/0.99/0.15*1000+IF(J66<=0.03,"0.33",0)) -> 1.3468013 | AD66: =VLOOKUP(F66,铝耗2026年!$A$2:$B$5000,2,0) -> 1.4277685 | AE66: =VLOOKUP(F66,铝耗2025年!$A$2:$B$5000,2,0) -> 1.4 | AF66: =MAX(AD66:AE66) -> 1.4277685
A67: 64 | B67: Q355B-HL1 | C67: 01 | D67: 6.01 | E67: 16.44 | F67: Q355B-2 | G67: B 结构钢-低合金高强结构钢-B01 Q355B | H67: 1517 | I67: 0.16 | J67: 0.08 | K67: 0.5 | L67: 0.02 | M67: 0.01 | P67: 0.04 | Q67: 0.02 | AB67: {=IF(R67="",IF(Q67="",0,(_xlfn.IFS(Q67=0.01,0.67,Q67=0.015,1,Q67=0.015,1.33,Q67=0.02,1.67,Q67=0.025,2,Q67=0.03,2.33,Q67=0.035,2.67,Q67=0.04,3)+IF(J67<=0.03,"0.33",0))),(_xlfn.IFS(R67=0.01,0.67,R67=0.015,1,R67=0.015,1.33,R67=0.02,1.67,R67=0.025,2,R67=0.03,2.33,R67=0.035,2.67,R67=0.04,3)+IF(J67<=0.03,"0.33",0)))} -> 1.67 | AC67: =IF(R67="",IF(Q67="",0.3,Q67/100/0.99/0.15*1000+IF(J67<=0.03,"0.33",0)),R67/100/0.99/0.15*1000+IF(J67<=0.03,"0.33",0)) -> 1.3468013 | AD67: =VLOOKUP(F67,铝耗2026年!$A$2:$B$5000,2,0) -> 1.3656842 | AE67: =VLOOKUP(F67,铝耗2025年!$A$2:$B$5000,2,0) -> 1.4 | AF67: =MAX(AD67:AE67) -> 1.4
A68: 65 | B68: Q355B-HL1 | C68: 02 | D68: 16.45 | E68: 30 | F68: Q355B-3A | G68: B 低合金钢-低合金高强结构钢-B01 Q355B | H68: 1515 | I68: 0.16 | J68: 0.18 | K68: 0.8 | L68: 0.02 | M68: 0.01 | P68: 0.035 | Q68: 0.02 | AB68: {=IF(R68="",IF(Q68="",0,(_xlfn.IFS(Q68=0.01,0.67,Q68=0.015,1,Q68=0.015,1.33,Q68=0.02,1.67,Q68=0.025,2,Q68=0.03,2.33,Q68=0.035,2.67,Q68=0.04,3)+IF(J68<=0.03,"0.33",0))),(_xlfn.IFS(R68=0.01,0.67,R68=0.015,1,R68=0.015,1.33,R68=0.02,1.67,R68=0.025,2,R68=0.03,2.33,R68=0.035,2.67,R68=0.04,3)+IF(J68<=0.03,"0.33",0)))} -> 1.67 | AC68: =IF(R68="",IF(Q68="",0.3,Q68/100/0.99/0.15*1000+IF(J68<=0.03,"0.33",0)),R68/100/0.99/0.15*1000+IF(J68<=0.03,"0.33",0)) -> 1.3468013 | AD68: =VLOOKUP(F68,铝耗2026年!$A$2:$B$5000,2,0) -> 1.339668 | AE68: =VLOOKUP(F68,铝耗2025年!$A$2:$B$5000,2,0) -> 1.4 | AF68: =MAX(AD68:AE68) -> 1.4
A69: 66 | B69: Q355B-HL2 | C69: 01 | D69: 0.1 | E69: 6 | F69: Q355B-1 | G69: B 结构钢-低合金高强结构钢-B01 Q355B | H69: 1518 | I69: 0.16 | J69: 0.08 | K69: 0.35 | L69: 0.02 | M69: 0.01 | P69: 0.04 | Q69: 0.02 | AB69: {=IF(R69="",IF(Q69="",0,(_xlfn.IFS(Q69=0.01,0.67,Q69=0.015,1,Q69=0.015,1.33,Q69=0.02,1.67,Q69=0.025,2,Q69=0.03,2.33,Q69=0.035,2.67,Q69=0.04,3)+IF(J69<=0.03,"0.33",0))),(_xlfn.IFS(R69=0.01,0.67,R69=0.015,1,R69=0.015,1.33,R69=0.02,1.67,R69=0.025,2,R69=0.03,2.33,R69=0.035,2.67,R69=0.04,3)+IF(J69<=0.03,"0.33",0)))} -> 1.67 | AC69: =IF(R69="",IF(Q69="",0.3,Q69/100/0.99/0.15*1000+IF(J69<=0.03,"0.33",0)),R69/100/0.99/0.15*1000+IF(J69<=0.03,"0.33",0)) -> 1.3468013 | AD69: =VLOOKUP(F69,铝耗2026年!$A$2:$B$5000,2,0) -> 1.4277685 | AE69: =VLOOKUP(F69,铝耗2025年!$A$2:$B$5000,2,0) -> 1.4 | AF69: =MAX(AD69:AE69) -> 1.4277685
A70: 67 | B70: Q355B-HL2 | C70: 02 | D70: 6.01 | E70: 16.29 | F70: Q355B-2 | G70: B 结构钢-低合金高强结构钢-B01 Q355B | H70: 1517 | I70: 0.16 | J70: 0.08 | K70: 0.5 | L70: 0.02 | M70: 0.01 | P70: 0.04 | Q70: 0.02 | AB70: {=IF(R70="",IF(Q70="",0,(_xlfn.IFS(Q70=0.01,0.67,Q70=0.015,1,Q70=0.015,1.33,Q70=0.02,1.67,Q70=0.025,2,Q70=0.03,2.33,Q70=0.035,2.67,Q70=0.04,3)+IF(J70<=0.03,"0.33",0))),(_xlfn.IFS(R70=0.01,0.67,R70=0.015,1,R70=0.015,1.33,R70=0.02,1.67,R70=0.025,2,R70=0.03,2.33,R70=0.035,2.67,R70=0.04,3)+IF(J70<=0.03,"0.33",0)))} -> 1.67 | AC70: =IF(R70="",IF(Q70="",0.3,Q70/100/0.99/0.15*1000+IF(J70<=0.03,"0.33",0)),R70/100/0.99/0.15*1000+IF(J70<=0.03,"0.33",0)) -> 1.3468013 | AD70: =VLOOKUP(F70,铝耗2026年!$A$2:$B$5000,2,0) -> 1.3656842 | AE70: =VLOOKUP(F70,铝耗2025年!$A$2:$B$5000,2,0) -> 1.4 | AF70: =MAX(AD70:AE70) -> 1.4
A71: 68 | B71: Q355B-HL2 | C71: 03 | D71: 16.3 | E71: 30 | F71: Q355B-3A | G71: B 低合金钢-低合金高强结构钢-B01 Q355B | H71: 1515 | I71: 0.16 | J71: 0.18 | K71: 0.8 | L71: 0.02 | M71: 0.01 | P71: 0.035 | Q71: 0.02 | AB71: {=IF(R71="",IF(Q71="",0,(_xlfn.IFS(Q71=0.01,0.67,Q71=0.015,1,Q71=0.015,1.33,Q71=0.02,1.67,Q71=0.025,2,Q71=0.03,2.33,Q71=0.035,2.67,Q71=0.04,3)+IF(J71<=0.03,"0.33",0))),(_xlfn.IFS(R71=0.01,0.67,R71=0.015,1,R71=0.015,1.33,R71=0.02,1.67,R71=0.025,2,R71=0.03,2.33,R71=0.035,2.67,R71=0.04,3)+IF(J71<=0.03,"0.33",0)))} -> 1.67 | AC71: =IF(R71="",IF(Q71="",0.3,Q71/100/0.99/0.15*1000+IF(J71<=0.03,"0.33",0)),R71/100/0.99/0.15*1000+IF(J71<=0.03,"0.33",0)) -> 1.3468013 | AD71: =VLOOKUP(F71,铝耗2026年!$A$2:$B$5000,2,0) -> 1.339668 | AE71: =VLOOKUP(F71,铝耗2025年!$A$2:$B$5000,2,0) -> 1.4 | AF71: =MAX(AD71:AE71) -> 1.4
A72: 69 | B72: Q355B-HL3 | C72: 03 | D72: 0.1 | E72: 6 | F72: Q355B-1 | G72: B 结构钢-低合金高强结构钢-B01 Q355B | H72: 1518 | I72: 0.16 | J72: 0.08 | K72: 0.35 | L72: 0.02 | M72: 0.01 | P72: 0.04 | Q72: 0.02 | AB72: {=IF(R72="",IF(Q72="",0,(_xlfn.IFS(Q72=0.01,0.67,Q72=0.015,1,Q72=0.015,1.33,Q72=0.02,1.67,Q72=0.025,2,Q72=0.03,2.33,Q72=0.035,2.67,Q72=0.04,3)+IF(J72<=0.03,"0.33",0))),(_xlfn.IFS(R72=0.01,0.67,R72=0.015,1,R72=0.015,1.33,R72=0.02,1.67,R72=0.025,2,R72=0.03,2.33,R72=0.035,2.67,R72=0.04,3)+IF(J72<=0.03,"0.33",0)))} -> 1.67 | AC72: =IF(R72="",IF(Q72="",0.3,Q72/100/0.99/0.15*1000+IF(J72<=0.03,"0.33",0)),R72/100/0.99/0.15*1000+IF(J72<=0.03,"0.33",0)) -> 1.3468013 | AD72: =VLOOKUP(F72,铝耗2026年!$A$2:$B$5000,2,0) -> 1.4277685 | AE72: =VLOOKUP(F72,铝耗2025年!$A$2:$B$5000,2,0) -> 1.4 | AF72: =MAX(AD72:AE72) -> 1.4277685
A73: 70 | B73: Q355B-HL3 | C73: 02 | D73: 6.01 | E73: 16.24 | F73: Q355B-2 | G73: B 结构钢-低合金高强结构钢-B01 Q355B | H73: 1517 | I73: 0.16 | J73: 0.08 | K73: 0.5 | L73: 0.02 | M73: 0.01 | P73: 0.04 | Q73: 0.02 | AB73: {=IF(R73="",IF(Q73="",0,(_xlfn.IFS(Q73=0.01,0.67,Q73=0.015,1,Q73=0.015,1.33,Q73=0.02,1.67,Q73=0.025,2,Q73=0.03,2.33,Q73=0.035,2.67,Q73=0.04,3)+IF(J73<=0.03,"0.33",0))),(_xlfn.IFS(R73=0.01,0.67,R73=0.015,1,R73=0.015,1.33,R73=0.02,1.67,R73=0.025,2,R73=0.03,2.33,R73=0.035,2.67,R73=0.04,3)+IF(J73<=0.03,"0.33",0)))} -> 1.67 | AC73: =IF(R73="",IF(Q73="",0.3,Q73/100/0.99/0.15*1000+IF(J73<=0.03,"0.33",0)),R73/100/0.99/0.15*1000+IF(J73<=0.03,"0.33",0)) -> 1.3468013 | AD73: =VLOOKUP(F73,铝耗2026年!$A$2:$B$5000,2,0) -> 1.3656842 | AE73: =VLOOKUP(F73,铝耗2025年!$A$2:$B$5000,2,0) -> 1.4 | AF73: =MAX(AD73:AE73) -> 1.4
A74: 71 | B74: Q355B-HL3 | C74: 01 | D74: 16.25 | E74: 30 | F74: Q355B-3A | G74: B 低合金钢-低合金高强结构钢-B01 Q355B | H74: 1515 | I74: 0.16 | J74: 0.18 | K74: 0.8 | L74: 0.02 | M74: 0.01 | P74: 0.035 | Q74: 0.02 | AB74: {=IF(R74="",IF(Q74="",0,(_xlfn.IFS(Q74=0.01,0.67,Q74=0.015,1,Q74=0.015,1.33,Q74=0.02,1.67,Q74=0.025,2,Q74=0.03,2.33,Q74=0.035,2.67,Q74=0.04,3)+IF(J74<=0.03,"0.33",0))),(_xlfn.IFS(R74=0.01,0.67,R74=0.015,1,R74=0.015,1.33,R74=0.02,1.67,R74=0.025,2,R74=0.03,2.33,R74=0.035,2.67,R74=0.04,3)+IF(J74<=0.03,"0.33",0)))} -> 1.67 | AC74: =IF(R74="",IF(Q74="",0.3,Q74/100/0.99/0.15*1000+IF(J74<=0.03,"0.33",0)),R74/100/0.99/0.15*1000+IF(J74<=0.03,"0.33",0)) -> 1.3468013 | AD74: =VLOOKUP(F74,铝耗2026年!$A$2:$B$5000,2,0) -> 1.339668 | AE74: =VLOOKUP(F74,铝耗2025年!$A$2:$B$5000,2,0) -> 1.4 | AF74: =MAX(AD74:AE74) -> 1.4
A75: 72 | B75: Q355B-HL4 | C75: 01 | D75: 0.1 | E75: 6 | F75: Q355B-1 | G75: B 结构钢-低合金高强结构钢-B01 Q355B | H75: 1518 | I75: 0.16 | J75: 0.08 | K75: 0.35 | L75: 0.02 | M75: 0.01 | P75: 0.04 | Q75: 0.02 | AB75: {=IF(R75="",IF(Q75="",0,(_xlfn.IFS(Q75=0.01,0.67,Q75=0.015,1,Q75=0.015,1.33,Q75=0.02,1.67,Q75=0.025,2,Q75=0.03,2.33,Q75=0.035,2.67,Q75=0.04,3)+IF(J75<=0.03,"0.33",0))),(_xlfn.IFS(R75=0.01,0.67,R75=0.015,1,R75=0.015,1.33,R75=0.02,1.67,R75=0.025,2,R75=0.03,2.33,R75=0.035,2.67,R75=0.04,3)+IF(J75<=0.03,"0.33",0)))} -> 1.67 | AC75: =IF(R75="",IF(Q75="",0.3,Q75/100/0.99/0.15*1000+IF(J75<=0.03,"0.33",0)),R75/100/0.99/0.15*1000+IF(J75<=0.03,"0.33",0)) -> 1.3468013 | AD75: =VLOOKUP(F75,铝耗2026年!$A$2:$B$5000,2,0) -> 1.4277685 | AE75: =VLOOKUP(F75,铝耗2025年!$A$2:$B$5000,2,0) -> 1.4 | AF75: =MAX(AD75:AE75) -> 1.4277685
A76: 73 | B76: Q355B-HL4 | C76: 03 | D76: 6.01 | E76: 15.99 | F76: Q355B-2 | G76: B 结构钢-低合金高强结构钢-B01 Q355B | H76: 1517 | I76: 0.16 | J76: 0.08 | K76: 0.5 | L76: 0.02 | M76: 0.01 | P76: 0.04 | Q76: 0.02 | AB76: {=IF(R76="",IF(Q76="",0,(_xlfn.IFS(Q76=0.01,0.67,Q76=0.015,1,Q76=0.015,1.33,Q76=0.02,1.67,Q76=0.025,2,Q76=0.03,2.33,Q76=0.035,2.67,Q76=0.04,3)+IF(J76<=0.03,"0.33",0))),(_xlfn.IFS(R76=0.01,0.67,R76=0.015,1,R76=0.015,1.33,R76=0.02,1.67,R76=0.025,2,R76=0.03,2.33,R76=0.035,2.67,R76=0.04,3)+IF(J76<=0.03,"0.33",0)))} -> 1.67 | AC76: =IF(R76="",IF(Q76="",0.3,Q76/100/0.99/0.15*1000+IF(J76<=0.03,"0.33",0)),R76/100/0.99/0.15*1000+IF(J76<=0.03,"0.33",0)) -> 1.3468013 | AD76: =VLOOKUP(F76,铝耗2026年!$A$2:$B$5000,2,0) -> 1.3656842 | AE76: =VLOOKUP(F76,铝耗2025年!$A$2:$B$5000,2,0) -> 1.4 | AF76: =MAX(AD76:AE76) -> 1.4
A77: 74 | B77: Q355B-HL4 | C77: 02 | D77: 16 | E77: 30 | F77: Q355B-3A | G77: B 低合金钢-低合金高强结构钢-B01 Q355B | H77: 1515 | I77: 0.16 | J77: 0.18 | K77: 0.8 | L77: 0.02 | M77: 0.01 | P77: 0.035 | Q77: 0.02 | AB77: {=IF(R77="",IF(Q77="",0,(_xlfn.IFS(Q77=0.01,0.67,Q77=0.015,1,Q77=0.015,1.33,Q77=0.02,1.67,Q77=0.025,2,Q77=0.03,2.33,Q77=0.035,2.67,Q77=0.04,3)+IF(J77<=0.03,"0.33",0))),(_xlfn.IFS(R77=0.01,0.67,R77=0.015,1,R77=0.015,1.33,R77=0.02,1.67,R77=0.025,2,R77=0.03,2.33,R77=0.035,2.67,R77=0.04,3)+IF(J77<=0.03,"0.33",0)))} -> 1.67 | AC77: =IF(R77="",IF(Q77="",0.3,Q77/100/0.99/0.15*1000+IF(J77<=0.03,"0.33",0)),R77/100/0.99/0.15*1000+IF(J77<=0.03,"0.33",0)) -> 1.3468013 | AD77: =VLOOKUP(F77,铝耗2026年!$A$2:$B$5000,2,0) -> 1.339668 | AE77: =VLOOKUP(F77,铝耗2025年!$A$2:$B$5000,2,0) -> 1.4 | AF77: =MAX(AD77:AE77) -> 1.4
A78: 75 | B78: Q355C-HL3 | C78: 01 | D78: 2 | E78: 12 | F78: Q355C-1 | G78: B 低合金钢-低合金高强结构钢-B03 Q355C | H78: 1517 | I78: 0.16 | J78: 0.15 | K78: 1 | L78: 0.018 | M78: 0.01 | P78: 0.03 | Q78: 0.025 | S78: 0 | T78: 0 | U78: 0 | V78: 0 | Z78: 40 | AA78: 0 | AB78: {=IF(R78="",IF(Q78="",0,(_xlfn.IFS(Q78=0.01,0.67,Q78=0.015,1,Q78=0.015,1.33,Q78=0.02,1.67,Q78=0.025,2,Q78=0.03,2.33,Q78=0.035,2.67,Q78=0.04,3)+IF(J78<=0.03,"0.33",0))),(_xlfn.IFS(R78=0.01,0.67,R78=0.015,1,R78=0.015,1.33,R78=0.02,1.67,R78=0.025,2,R78=0.03,2.33,R78=0.035,2.67,R78=0.04,3)+IF(J78<=0.03,"0.33",0)))} -> 2 | AC78: =IF(R78="",IF(Q78="",0.3,Q78/100/0.99/0.15*1000+IF(J78<=0.03,"0.33",0)),R78/100/0.99/0.15*1000+IF(J78<=0.03,"0.33",0)) -> 1.6835017 | AD78: =VLOOKUP(F78,铝耗2026年!$A$2:$B$5000,2,0) -> 1.3408091 | AE78: =VLOOKUP(F78,铝耗2025年!$A$2:$B$5000,2,0) -> 1.4 | AF78: =MAX(AD78:AE78) -> 1.4
A79: 76 | B79: Q355C-HL3 | C79: 02 | D79: 12.01 | E79: 19 | F79: Q355C-2 | G79: B 低合金钢-低合金高强结构钢-B03 Q355C | H79: 1517 | I79: 0.16 | J79: 0.15 | K79: 1.25 | L79: 0.018 | M79: 0.005 | O79: 0.008 | P79: 0.015 | Q79: 0.025 | S79: 0 | T79: 0 | U79: 0 | V79: 0 | Z79: 40 | AA79: 0 | AB79: {=IF(R79="",IF(Q79="",0,(_xlfn.IFS(Q79=0.01,0.67,Q79=0.015,1,Q79=0.015,1.33,Q79=0.02,1.67,Q79=0.025,2,Q79=0.03,2.33,Q79=0.035,2.67,Q79=0.04,3)+IF(J79<=0.03,"0.33",0))),(_xlfn.IFS(R79=0.01,0.67,R79=0.015,1,R79=0.015,1.33,R79=0.02,1.67,R79=0.025,2,R79=0.03,2.33,R79=0.035,2.67,R79=0.04,3)+IF(J79<=0.03,"0.33",0)))} -> 2 | AC79: =IF(R79="",IF(Q79="",0.3,Q79/100/0.99/0.15*1000+IF(J79<=0.03,"0.33",0)),R79/100/0.99/0.15*1000+IF(J79<=0.03,"0.33",0)) -> 1.6835017 | AD79: =VLOOKUP(F79,铝耗2026年!$A$2:$B$5000,2,0) -> 1.3553414 | AE79: =VLOOKUP(F79,铝耗2025年!$A$2:$B$5000,2,0) -> 1.4 | AF79: =MAX(AD79:AE79) -> 1.4
A80: 77 | B80: Q355C-HL3 | C80: 03 | D80: 19.01 | E80: 29 | F80: Q355C-3 | G80: B 低合金钢-低合金高强结构钢-B03 Q355C | H80: 1517 | I80: 0.16 | J80: 0.15 | K80: 1.35 | L80: 0.018 | M80: 0.005 | O80: 0.01 | P80: 0.025 | Q80: 0.025 | S80: 0 | T80: 0 | U80: 0 | V80: 0 | Z80: 40 | AA80: 0 | AB80: {=IF(R80="",IF(Q80="",0,(_xlfn.IFS(Q80=0.01,0.67,Q80=0.015,1,Q80=0.015,1.33,Q80=0.02,1.67,Q80=0.025,2,Q80=0.03,2.33,Q80=0.035,2.67,Q80=0.04,3)+IF(J80<=0.03,"0.33",0))),(_xlfn.IFS(R80=0.01,0.67,R80=0.015,1,R80=0.015,1.33,R80=0.02,1.67,R80=0.025,2,R80=0.03,2.33,R80=0.035,2.67,R80=0.04,3)+IF(J80<=0.03,"0.33",0)))} -> 2 | AC80: =IF(R80="",IF(Q80="",0.3,Q80/100/0.99/0.15*1000+IF(J80<=0.03,"0.33",0)),R80/100/0.99/0.15*1000+IF(J80<=0.03,"0.33",0)) -> 1.6835017 | AD80: =VLOOKUP(F80,铝耗2026年!$A$2:$B$5000,2,0) -> 1.3861706 | AE80: =VLOOKUP(F80,铝耗2025年!$A$2:$B$5000,2,0) -> 1.4 | AF80: =MAX(AD80:AE80) -> 1.4
A81: 78 | B81: SS400-M | C81: 01 | D81: 3 | E81: 5 | F81: SS400-M | G81: A 碳素钢-碳素结构钢-A43 SS400-M | H81: 1515 | I81: 0.175 | J81: 0.15 | K81: 0.7 | L81: 0 | M81: 0 | P81: 0.03 | Q81: 0.02 | T81: 0 | X81: 0 | AB81: {=IF(R81="",IF(Q81="",0,(_xlfn.IFS(Q81=0.01,0.67,Q81=0.015,1,Q81=0.015,1.33,Q81=0.02,1.67,Q81=0.025,2,Q81=0.03,2.33,Q81=0.035,2.67,Q81=0.04,3)+IF(J81<=0.03,"0.33",0))),(_xlfn.IFS(R81=0.01,0.67,R81=0.015,1,R81=0.015,1.33,R81=0.02,1.67,R81=0.025,2,R81=0.03,2.33,R81=0.035,2.67,R81=0.04,3)+IF(J81<=0.03,"0.33",0)))} -> 1.67 | AC81: =IF(R81="",IF(Q81="",0.3,Q81/100/0.99/0.15*1000+IF(J81<=0.03,"0.33",0)),R81/100/0.99/0.15*1000+IF(J81<=0.03,"0.33",0)) -> 1.3468013 | AD81: =VLOOKUP(F81,铝耗2026年!$A$2:$B$5000,2,0) -> 1.3581425 | AE81: =VLOOKUP(F81,铝耗2025年!$A$2:$B$5000,2,0) -> #N/A | AF81: 1.4
A82: 79 | B82: Q390B | C82: 02 | D82: 3 | E82: 10 | F82: Q390B-1 | G82: B 低合金钢-低合金高强结构钢-B16 Q390B | H82: 1515 | I82: 0.16 | J82: 0.15 | K82: 0.9 | L82: 0.015 | M82: 0.01 | P82: 0.045 | Q82: 0.02 | Z82: 45 | AB82: {=IF(R82="",IF(Q82="",0,(_xlfn.IFS(Q82=0.01,0.67,Q82=0.015,1,Q82=0.015,1.33,Q82=0.02,1.67,Q82=0.025,2,Q82=0.03,2.33,Q82=0.035,2.67,Q82=0.04,3)+IF(J82<=0.03,"0.33",0))),(_xlfn.IFS(R82=0.01,0.67,R82=0.015,1,R82=0.015,1.33,R82=0.02,1.67,R82=0.025,2,R82=0.03,2.33,R82=0.035,2.67,R82=0.04,3)+IF(J82<=0.03,"0.33",0)))} -> 1.67 | AC82: =IF(R82="",IF(Q82="",0.3,Q82/100/0.99/0.15*1000+IF(J82<=0.03,"0.33",0)),R82/100/0.99/0.15*1000+IF(J82<=0.03,"0.33",0)) -> 1.3468013 | AD82: =VLOOKUP(F82,铝耗2026年!$A$2:$B$5000,2,0) -> #N/A | AE82: =VLOOKUP(F82,铝耗2025年!$A$2:$B$5000,2,0) -> 1.33 | AF82: 1.4
A83: 80 | B83: Q390B | C83: 03 | D83: 10.01 | E83: 16.5 | F83: Q390B-2 | G83: B 低合金钢-低合金高强结构钢-B16 Q390B | H83: 1515 | I83: 0.16 | J83: 0.15 | K83: 1.05 | L83: 0.015 | M83: 0.01 | P83: 0.045 | Q83: 0.02 | Z83: 45 | AB83: {=IF(R83="",IF(Q83="",0,(_xlfn.IFS(Q83=0.01,0.67,Q83=0.015,1,Q83=0.015,1.33,Q83=0.02,1.67,Q83=0.025,2,Q83=0.03,2.33,Q83=0.035,2.67,Q83=0.04,3)+IF(J83<=0.03,"0.33",0))),(_xlfn.IFS(R83=0.01,0.67,R83=0.015,1,R83=0.015,1.33,R83=0.02,1.67,R83=0.025,2,R83=0.03,2.33,R83=0.035,2.67,R83=0.04,3)+IF(J83<=0.03,"0.33",0)))} -> 1.67 | AC83: =IF(R83="",IF(Q83="",0.3,Q83/100/0.99/0.15*1000+IF(J83<=0.03,"0.33",0)),R83/100/0.99/0.15*1000+IF(J83<=0.03,"0.33",0)) -> 1.3468013 | AD83: =VLOOKUP(F83,铝耗2026年!$A$2:$B$5000,2,0) -> 1.092679 | AE83: =VLOOKUP(F83,铝耗2025年!$A$2:$B$5000,2,0) -> 1.33 | AF83: =MAX(AD83:AE83) -> 1.33
A84: 81 | B84: Q390B | C84: 01 | D84: 16.51 | E84: 28 | F84: Q390B-3 | G84: B 低合金钢-低合金高强结构钢-B16 Q390B | H84: 1515 | I84: 0.16 | J84: 0.15 | K84: 1.1 | L84: 0.015 | M84: 0.006 | O84: 0.015 | P84: 0.04 | Q84: 0.02 | Z84: 45 | AB84: {=IF(R84="",IF(Q84="",0,(_xlfn.IFS(Q84=0.01,0.67,Q84=0.015,1,Q84=0.015,1.33,Q84=0.02,1.67,Q84=0.025,2,Q84=0.03,2.33,Q84=0.035,2.67,Q84=0.04,3)+IF(J84<=0.03,"0.33",0))),(_xlfn.IFS(R84=0.01,0.67,R84=0.015,1,R84=0.015,1.33,R84=0.02,1.67,R84=0.025,2,R84=0.03,2.33,R84=0.035,2.67,R84=0.04,3)+IF(J84<=0.03,"0.33",0)))} -> 1.67 | AC84: =IF(R84="",IF(Q84="",0.3,Q84/100/0.99/0.15*1000+IF(J84<=0.03,"0.33",0)),R84/100/0.99/0.15*1000+IF(J84<=0.03,"0.33",0)) -> 1.3468013 | AD84: =VLOOKUP(F84,铝耗2026年!$A$2:$B$5000,2,0) -> 1.3275424 | AE84: =VLOOKUP(F84,铝耗2025年!$A$2:$B$5000,2,0) -> 1.33 | AF84: =MAX(AD84:AE84) -> 1.33
A85: 82 | B85: Q420B | C85: 01 | D85: 3 | E85: 10 | F85: Q420B-1 | G85: B 低合金钢-低合金高强结构钢-B02 Q420B | H85: 1516 | I85: 0.14 | J85: 0.15 | K85: 1.1 | L85: 0.015 | M85: 0.01 | O85: 0.012 | P85: 0.04 | Q85: 0.02 | Z85: 45 | AB85: {=IF(R85="",IF(Q85="",0,(_xlfn.IFS(Q85=0.01,0.67,Q85=0.015,1,Q85=0.015,1.33,Q85=0.02,1.67,Q85=0.025,2,Q85=0.03,2.33,Q85=0.035,2.67,Q85=0.04,3)+IF(J85<=0.03,"0.33",0))),(_xlfn.IFS(R85=0.01,0.67,R85=0.015,1,R85=0.015,1.33,R85=0.02,1.67,R85=0.025,2,R85=0.03,2.33,R85=0.035,2.67,R85=0.04,3)+IF(J85<=0.03,"0.33",0)))} -> 1.67 | AC85: =IF(R85="",IF(Q85="",0.3,Q85/100/0.99/0.15*1000+IF(J85<=0.03,"0.33",0)),R85/100/0.99/0.15*1000+IF(J85<=0.03,"0.33",0)) -> 1.3468013 | AD85: =VLOOKUP(F85,铝耗2026年!$A$2:$B$5000,2,0) -> 1.3508811 | AE85: =VLOOKUP(F85,铝耗2025年!$A$2:$B$5000,2,0) -> 1.33 | AF85: =MAX(AD85:AE85) -> 1.3508811
A86: 83 | B86: Q420B | C86: 02 | D86: 10.01 | E86: 25 | F86: Q420B-2 | G86: B 低合金钢-低合金高强结构钢-B02 Q420B | H86: 1516 | I86: 0.14 | J86: 0.15 | K86: 1.2 | L86: 0.015 | M86: 0.01 | O86: 0.012 | P86: 0.04 | Q86: 0.02 | Z86: 45 | AB86: {=IF(R86="",IF(Q86="",0,(_xlfn.IFS(Q86=0.01,0.67,Q86=0.015,1,Q86=0.015,1.33,Q86=0.02,1.67,Q86=0.025,2,Q86=0.03,2.33,Q86=0.035,2.67,Q86=0.04,3)+IF(J86<=0.03,"0.33",0))),(_xlfn.IFS(R86=0.01,0.67,R86=0.015,1,R86=0.015,1.33,R86=0.02,1.67,R86=0.025,2,R86=0.03,2.33,R86=0.035,2.67,R86=0.04,3)+IF(J86<=0.03,"0.33",0)))} -> 1.67 | AC86: =IF(R86="",IF(Q86="",0.3,Q86/100/0.99/0.15*1000+IF(J86<=0.03,"0.33",0)),R86/100/0.99/0.15*1000+IF(J86<=0.03,"0.33",0)) -> 1.3468013 | AD86: =VLOOKUP(F86,铝耗2026年!$A$2:$B$5000,2,0) -> 1.3041365 | AE86: =VLOOKUP(F86,铝耗2025年!$A$2:$B$5000,2,0) -> 1.33 | AF86: =MAX(AD86:AE86) -> 1.33
A87: 84 | B87: Q420MB | C87: 01 | D87: 3 | E87: 10 | F87: Q420B-1 | G87: B 低合金钢-低合金高强结构钢-B02 Q420B | H87: 1516 | I87: 0.14 | J87: 0.15 | K87: 1.1 | L87: 0.015 | M87: 0.01 | O87: 0.012 | P87: 0.04 | Q87: 0.02 | Z87: 45 | AB87: {=IF(R87="",IF(Q87="",0,(_xlfn.IFS(Q87=0.01,0.67,Q87=0.015,1,Q87=0.015,1.33,Q87=0.02,1.67,Q87=0.025,2,Q87=0.03,2.33,Q87=0.035,2.67,Q87=0.04,3)+IF(J87<=0.03,"0.33",0))),(_xlfn.IFS(R87=0.01,0.67,R87=0.015,1,R87=0.015,1.33,R87=0.02,1.67,R87=0.025,2,R87=0.03,2.33,R87=0.035,2.67,R87=0.04,3)+IF(J87<=0.03,"0.33",0)))} -> 1.67 | AC87: =IF(R87="",IF(Q87="",0.3,Q87/100/0.99/0.15*1000+IF(J87<=0.03,"0.33",0)),R87/100/0.99/0.15*1000+IF(J87<=0.03,"0.33",0)) -> 1.3468013 | AD87: =VLOOKUP(F87,铝耗2026年!$A$2:$B$5000,2,0) -> 1.3508811 | AE87: =VLOOKUP(F87,铝耗2025年!$A$2:$B$5000,2,0) -> 1.33 | AF87: =MAX(AD87:AE87) -> 1.3508811
A88: 85 | B88: Q420MB | C88: 02 | D88: 10.01 | E88: 25 | F88: Q420B-2 | G88: B 低合金钢-低合金高强结构钢-B02 Q420B | H88: 1516 | I88: 0.14 | J88: 0.15 | K88: 1.2 | L88: 0.015 | M88: 0.01 | O88: 0.012 | P88: 0.04 | Q88: 0.02 | Z88: 45 | AB88: {=IF(R88="",IF(Q88="",0,(_xlfn.IFS(Q88=0.01,0.67,Q88=0.015,1,Q88=0.015,1.33,Q88=0.02,1.67,Q88=0.025,2,Q88=0.03,2.33,Q88=0.035,2.67,Q88=0.04,3)+IF(J88<=0.03,"0.33",0))),(_xlfn.IFS(R88=0.01,0.67,R88=0.015,1,R88=0.015,1.33,R88=0.02,1.67,R88=0.025,2,R88=0.03,2.33,R88=0.035,2.67,R88=0.04,3)+IF(J88<=0.03,"0.33",0)))} -> 1.67 | AC88: =IF(R88="",IF(Q88="",0.3,Q88/100/0.99/0.15*1000+IF(J88<=0.03,"0.33",0)),R88/100/0.99/0.15*1000+IF(J88<=0.03,"0.33",0)) -> 1.3468013 | AD88: =VLOOKUP(F88,铝耗2026年!$A$2:$B$5000,2,0) -> 1.3041365 | AE88: =VLOOKUP(F88,铝耗2025年!$A$2:$B$5000,2,0) -> 1.33 | AF88: =MAX(AD88:AE88) -> 1.33
A89: 86 | B89: Q420B-HL1 | C89: 01 | D89: 3 | E89: 10 | F89: Q420B-1 | G89: B 低合金钢-低合金高强结构钢-B02 Q420B | H89: 1516 | I89: 0.14 | J89: 0.15 | K89: 1.1 | L89: 0.015 | M89: 0.01 | O89: 0.012 | P89: 0.04 | Q89: 0.02 | Z89: 45 | AB89: {=IF(R89="",IF(Q89="",0,(_xlfn.IFS(Q89=0.01,0.67,Q89=0.015,1,Q89=0.015,1.33,Q89=0.02,1.67,Q89=0.025,2,Q89=0.03,2.33,Q89=0.035,2.67,Q89=0.04,3)+IF(J89<=0.03,"0.33",0))),(_xlfn.IFS(R89=0.01,0.67,R89=0.015,1,R89=0.015,1.33,R89=0.02,1.67,R89=0.025,2,R89=0.03,2.33,R89=0.035,2.67,R89=0.04,3)+IF(J89<=0.03,"0.33",0)))} -> 1.67 | AC89: =IF(R89="",IF(Q89="",0.3,Q89/100/0.99/0.15*1000+IF(J89<=0.03,"0.33",0)),R89/100/0.99/0.15*1000+IF(J89<=0.03,"0.33",0)) -> 1.3468013 | AD89: =VLOOKUP(F89,铝耗2026年!$A$2:$B$5000,2,0) -> 1.3508811 | AE89: =VLOOKUP(F89,铝耗2025年!$A$2:$B$5000,2,0) -> 1.33 | AF89: =MAX(AD89:AE89) -> 1.3508811
A90: 87 | B90: Q420B-HL1 | C90: 02 | D90: 10.01 | E90: 25 | F90: Q420B-2 | G90: B 低合金钢-低合金高强结构钢-B02 Q420B | H90: 1516 | I90: 0.14 | J90: 0.15 | K90: 1.2 | L90: 0.015 | M90: 0.01 | O90: 0.012 | P90: 0.04 | Q90: 0.02 | Z90: 45 | AB90: {=IF(R90="",IF(Q90="",0,(_xlfn.IFS(Q90=0.01,0.67,Q90=0.015,1,Q90=0.015,1.33,Q90=0.02,1.67,Q90=0.025,2,Q90=0.03,2.33,Q90=0.035,2.67,Q90=0.04,3)+IF(J90<=0.03,"0.33",0))),(_xlfn.IFS(R90=0.01,0.67,R90=0.015,1,R90=0.015,1.33,R90=0.02,1.67,R90=0.025,2,R90=0.03,2.33,R90=0.035,2.67,R90=0.04,3)+IF(J90<=0.03,"0.33",0)))} -> 1.67 | AC90: =IF(R90="",IF(Q90="",0.3,Q90/100/0.99/0.15*1000+IF(J90<=0.03,"0.33",0)),R90/100/0.99/0.15*1000+IF(J90<=0.03,"0.33",0)) -> 1.3468013 | AD90: =VLOOKUP(F90,铝耗2026年!$A$2:$B$5000,2,0) -> 1.3041365 | AE90: =VLOOKUP(F90,铝耗2025年!$A$2:$B$5000,2,0) -> 1.33 | AF90: =MAX(AD90:AE90) -> 1.33
A91: 88 | B91: Q420B-HL2 | C91: 01 | D91: 3 | E91: 10 | F91: Q420B-1 | G91: B 低合金钢-低合金高强结构钢-B02 Q420B | H91: 1516 | I91: 0.14 | J91: 0.15 | K91: 1.1 | L91: 0.015 | M91: 0.01 | O91: 0.012 | P91: 0.04 | Q91: 0.02 | Z91: 45 | AB91: {=IF(R91="",IF(Q91="",0,(_xlfn.IFS(Q91=0.01,0.67,Q91=0.015,1,Q91=0.015,1.33,Q91=0.02,1.67,Q91=0.025,2,Q91=0.03,2.33,Q91=0.035,2.67,Q91=0.04,3)+IF(J91<=0.03,"0.33",0))),(_xlfn.IFS(R91=0.01,0.67,R91=0.015,1,R91=0.015,1.33,R91=0.02,1.67,R91=0.025,2,R91=0.03,2.33,R91=0.035,2.67,R91=0.04,3)+IF(J91<=0.03,"0.33",0)))} -> 1.67 | AC91: =IF(R91="",IF(Q91="",0.3,Q91/100/0.99/0.15*1000+IF(J91<=0.03,"0.33",0)),R91/100/0.99/0.15*1000+IF(J91<=0.03,"0.33",0)) -> 1.3468013 | AD91: =VLOOKUP(F91,铝耗2026年!$A$2:$B$5000,2,0) -> 1.3508811 | AE91: =VLOOKUP(F91,铝耗2025年!$A$2:$B$5000,2,0) -> 1.33 | AF91: =MAX(AD91:AE91) -> 1.3508811
A92: 89 | B92: Q420B-HL2 | C92: 02 | D92: 10.01 | E92: 25 | F92: Q420B-2 | G92: B 低合金钢-低合金高强结构钢-B02 Q420B | H92: 1516 | I92: 0.14 | J92: 0.15 | K92: 1.2 | L92: 0.015 | M92: 0.01 | O92: 0.012 | P92: 0.04 | Q92: 0.02 | Z92: 45 | AB92: {=IF(R92="",IF(Q92="",0,(_xlfn.IFS(Q92=0.01,0.67,Q92=0.015,1,Q92=0.015,1.33,Q92=0.02,1.67,Q92=0.025,2,Q92=0.03,2.33,Q92=0.035,2.67,Q92=0.04,3)+IF(J92<=0.03,"0.33",0))),(_xlfn.IFS(R92=0.01,0.67,R92=0.015,1,R92=0.015,1.33,R92=0.02,1.67,R92=0.025,2,R92=0.03,2.33,R92=0.035,2.67,R92=0.04,3)+IF(J92<=0.03,"0.33",0)))} -> 1.67 | AC92: =IF(R92="",IF(Q92="",0.3,Q92/100/0.99/0.15*1000+IF(J92<=0.03,"0.33",0)),R92/100/0.99/0.15*1000+IF(J92<=0.03,"0.33",0)) -> 1.3468013 | AD92: =VLOOKUP(F92,铝耗2026年!$A$2:$B$5000,2,0) -> 1.3041365 | AE92: =VLOOKUP(F92,铝耗2025年!$A$2:$B$5000,2,0) -> 1.33 | AF92: =MAX(AD92:AE92) -> 1.33
A93: 90 | B93: Q420C | C93: 01 | D93: 3 | E93: 10 | F93: Q420C-1 | G93: B 低合金钢-低合金高强结构钢-B29 Q420C | H93: 1516 | I93: 0.14 | J93: 0.15 | K93: 1.1 | L93: 0.015 | M93: 0.006 | O93: 0.02 | P93: 0.035 | Q93: 0.02 | Z93: 45 | AB93: {=IF(R93="",IF(Q93="",0,(_xlfn.IFS(Q93=0.01,0.67,Q93=0.015,1,Q93=0.015,1.33,Q93=0.02,1.67,Q93=0.025,2,Q93=0.03,2.33,Q93=0.035,2.67,Q93=0.04,3)+IF(J93<=0.03,"0.33",0))),(_xlfn.IFS(R93=0.01,0.67,R93=0.015,1,R93=0.015,1.33,R93=0.02,1.67,R93=0.025,2,R93=0.03,2.33,R93=0.035,2.67,R93=0.04,3)+IF(J93<=0.03,"0.33",0)))} -> 1.67 | AC93: =IF(R93="",IF(Q93="",0.3,Q93/100/0.99/0.15*1000+IF(J93<=0.03,"0.33",0)),R93/100/0.99/0.15*1000+IF(J93<=0.03,"0.33",0)) -> 1.3468013 | AD93: =VLOOKUP(F93,铝耗2026年!$A$2:$B$5000,2,0) -> 1.3662663 | AE93: =VLOOKUP(F93,铝耗2025年!$A$2:$B$5000,2,0) -> 1.33 | AF93: =MAX(AD93:AE93) -> 1.3662663
A94: 91 | B94: Q420C | C94: 02 | D94: 10.01 | E94: 24 | F94: Q420C-2 | G94: B 低合金钢-低合金高强结构钢-B29 Q420C | H94: 1516 | I94: 0.14 | J94: 0.15 | K94: 1.2 | L94: 0.015 | M94: 0.005 | O94: 0.02 | P94: 0.035 | Q94: 0.02 | Z94: 45 | AB94: {=IF(R94="",IF(Q94="",0,(_xlfn.IFS(Q94=0.01,0.67,Q94=0.015,1,Q94=0.015,1.33,Q94=0.02,1.67,Q94=0.025,2,Q94=0.03,2.33,Q94=0.035,2.67,Q94=0.04,3)+IF(J94<=0.03,"0.33",0))),(_xlfn.IFS(R94=0.01,0.67,R94=0.015,1,R94=0.015,1.33,R94=0.02,1.67,R94=0.025,2,R94=0.03,2.33,R94=0.035,2.67,R94=0.04,3)+IF(J94<=0.03,"0.33",0)))} -> 1.67 | AC94: =IF(R94="",IF(Q94="",0.3,Q94/100/0.99/0.15*1000+IF(J94<=0.03,"0.33",0)),R94/100/0.99/0.15*1000+IF(J94<=0.03,"0.33",0)) -> 1.3468013 | AD94: =VLOOKUP(F94,铝耗2026年!$A$2:$B$5000,2,0) -> 1.4200163 | AE94: =VLOOKUP(F94,铝耗2025年!$A$2:$B$5000,2,0) -> 1.33 | AF94: =MAX(AD94:AE94) -> 1.4200163
A95: 92 | B95: Q420C-HL2 | C95: 01 | D95: 3 | E95: 10 | F95: Q420C-1 | G95: B 低合金钢-低合金高强结构钢-B29 Q420C | H95: 1516 | I95: 0.14 | J95: 0.15 | K95: 1.1 | L95: 0.015 | M95: 0.006 | N95: 0 | O95: 0.02 | P95: 0.035 | Q95: 0.02 | S95: 0 | T95: 0 | U95: 0 | V95: 0 | Z95: 45 | AB95: {=IF(R95="",IF(Q95="",0,(_xlfn.IFS(Q95=0.01,0.67,Q95=0.015,1,Q95=0.015,1.33,Q95=0.02,1.67,Q95=0.025,2,Q95=0.03,2.33,Q95=0.035,2.67,Q95=0.04,3)+IF(J95<=0.03,"0.33",0))),(_xlfn.IFS(R95=0.01,0.67,R95=0.015,1,R95=0.015,1.33,R95=0.02,1.67,R95=0.025,2,R95=0.03,2.33,R95=0.035,2.67,R95=0.04,3)+IF(J95<=0.03,"0.33",0)))} -> 1.67 | AC95: =IF(R95="",IF(Q95="",0.3,Q95/100/0.99/0.15*1000+IF(J95<=0.03,"0.33",0)),R95/100/0.99/0.15*1000+IF(J95<=0.03,"0.33",0)) -> 1.3468013 | AD95: =VLOOKUP(F95,铝耗2026年!$A$2:$B$5000,2,0) -> 1.3662663 | AE95: =VLOOKUP(F95,铝耗2025年!$A$2:$B$5000,2,0) -> 1.33 | AF95: =MAX(AD95:AE95) -> 1.3662663
A96: 93 | B96: Q420C-HL2 | C96: 02 | D96: 10.01 | E96: 24 | F96: Q420C-2 | G96: B 低合金钢-低合金高强结构钢-B29 Q420C | H96: 1516 | I96: 0.14 | J96: 0.15 | K96: 1.2 | L96: 0.015 | M96: 0.005 | N96: 0 | O96: 0.02 | P96: 0.035 | Q96: 0.02 | S96: 0 | T96: 0 | U96: 0 | V96: 0 | Z96: 45 | AB96: {=IF(R96="",IF(Q96="",0,(_xlfn.IFS(Q96=0.01,0.67,Q96=0.015,1,Q96=0.015,1.33,Q96=0.02,1.67,Q96=0.025,2,Q96=0.03,2.33,Q96=0.035,2.67,Q96=0.04,3)+IF(J96<=0.03,"0.33",0))),(_xlfn.IFS(R96=0.01,0.67,R96=0.015,1,R96=0.015,1.33,R96=0.02,1.67,R96=0.025,2,R96=0.03,2.33,R96=0.035,2.67,R96=0.04,3)+IF(J96<=0.03,"0.33",0)))} -> 1.67 | AC96: =IF(R96="",IF(Q96="",0.3,Q96/100/0.99/0.15*1000+IF(J96<=0.03,"0.33",0)),R96/100/0.99/0.15*1000+IF(J96<=0.03,"0.33",0)) -> 1.3468013 | AD96: =VLOOKUP(F96,铝耗2026年!$A$2:$B$5000,2,0) -> 1.4200163 | AE96: =VLOOKUP(F96,铝耗2025年!$A$2:$B$5000,2,0) -> 1.33 | AF96: =MAX(AD96:AE96) -> 1.4200163
A97: 94 | B97: Q420MD | C97: 01 | D97: 3 | E97: 10 | F97: Q420MD-1 | G97: B 低合金钢-低合金高强结构钢-B48 Q420MD-HL2 | H97: 1516 | I97: 0.14 | J97: 0.15 | K97: 1.1 | L97: 0.012 | M97: 0.005 | O97: 0.02 | P97: 0.035 | Q97: 0.02 | Z97: 45 | AB97: {=IF(R97="",IF(Q97="",0,(_xlfn.IFS(Q97=0.01,0.67,Q97=0.015,1,Q97=0.015,1.33,Q97=0.02,1.67,Q97=0.025,2,Q97=0.03,2.33,Q97=0.035,2.67,Q97=0.04,3)+IF(J97<=0.03,"0.33",0))),(_xlfn.IFS(R97=0.01,0.67,R97=0.015,1,R97=0.015,1.33,R97=0.02,1.67,R97=0.025,2,R97=0.03,2.33,R97=0.035,2.67,R97=0.04,3)+IF(J97<=0.03,"0.33",0)))} -> 1.67 | AC97: =IF(R97="",IF(Q97="",0.3,Q97/100/0.99/0.15*1000+IF(J97<=0.03,"0.33",0)),R97/100/0.99/0.15*1000+IF(J97<=0.03,"0.33",0)) -> 1.3468013 | AD97: =VLOOKUP(F97,铝耗2026年!$A$2:$B$5000,2,0) -> 1.2673984 | AE97: =VLOOKUP(F97,铝耗2025年!$A$2:$B$5000,2,0) -> 1.33 | AF97: =MAX(AD97:AE97) -> 1.33
A98: 95 | B98: Q420MD | C98: 02 | D98: 10.01 | E98: 25 | F98: Q420MD-2 | G98: B 低合金钢-低合金高强结构钢-B48 Q420MD-HL2 | H98: 1516 | I98: 0.14 | J98: 0.15 | K98: 1.2 | L98: 0.012 | M98: 0.005 | O98: 0.02 | P98: 0.035 | Q98: 0.02 | Z98: 45 | AB98: {=IF(R98="",IF(Q98="",0,(_xlfn.IFS(Q98=0.01,0.67,Q98=0.015,1,Q98=0.015,1.33,Q98=0.02,1.67,Q98=0.025,2,Q98=0.03,2.33,Q98=0.035,2.67,Q98=0.04,3)+IF(J98<=0.03,"0.33",0))),(_xlfn.IFS(R98=0.01,0.67,R98=0.015,1,R98=0.015,1.33,R98=0.02,1.67,R98=0.025,2,R98=0.03,2.33,R98=0.035,2.67,R98=0.04,3)+IF(J98<=0.03,"0.33",0)))} -> 1.67 | AC98: =IF(R98="",IF(Q98="",0.3,Q98/100/0.99/0.15*1000+IF(J98<=0.03,"0.33",0)),R98/100/0.99/0.15*1000+IF(J98<=0.03,"0.33",0)) -> 1.3468013 | AD98: =VLOOKUP(F98,铝耗2026年!$A$2:$B$5000,2,0) -> #N/A | AE98: =VLOOKUP(F98,铝耗2025年!$A$2:$B$5000,2,0) -> 1.33 | AF98: 1.33
A99: 96 | B99: Q420MD-HL1 | C99: 01 | D99: 3 | E99: 10 | F99: Q420MD-1 | G99: B 低合金钢-低合金高强结构钢-B48 Q420MD-HL2 | H99: 1516 | I99: 0.14 | J99: 0.15 | K99: 1.1 | L99: 0.012 | M99: 0.005 | O99: 0.02 | P99: 0.035 | Q99: 0.02 | Z99: 45 | AB99: {=IF(R99="",IF(Q99="",0,(_xlfn.IFS(Q99=0.01,0.67,Q99=0.015,1,Q99=0.015,1.33,Q99=0.02,1.67,Q99=0.025,2,Q99=0.03,2.33,Q99=0.035,2.67,Q99=0.04,3)+IF(J99<=0.03,"0.33",0))),(_xlfn.IFS(R99=0.01,0.67,R99=0.015,1,R99=0.015,1.33,R99=0.02,1.67,R99=0.025,2,R99=0.03,2.33,R99=0.035,2.67,R99=0.04,3)+IF(J99<=0.03,"0.33",0)))} -> 1.67 | AC99: =IF(R99="",IF(Q99="",0.3,Q99/100/0.99/0.15*1000+IF(J99<=0.03,"0.33",0)),R99/100/0.99/0.15*1000+IF(J99<=0.03,"0.33",0)) -> 1.3468013 | AD99: =VLOOKUP(F99,铝耗2026年!$A$2:$B$5000,2,0) -> 1.2673984 | AE99: =VLOOKUP(F99,铝耗2025年!$A$2:$B$5000,2,0) -> 1.33 | AF99: =MAX(AD99:AE99) -> 1.33
A100: 97 | B100: Q420MD-HL1 | C100: 02 | D100: 10.01 | E100: 25 | F100: Q420MD-2 | G100: B 低合金钢-低合金高强结构钢-B48 Q420MD-HL2 | H100: 1516 | I100: 0.14 | J100: 0.15 | K100: 1.2 | L100: 0.012 | M100: 0.005 | O100: 0.02 | P100: 0.035 | Q100: 0.02 | Z100: 45 | AB100: {=IF(R100="",IF(Q100="",0,(_xlfn.IFS(Q100=0.01,0.67,Q100=0.015,1,Q100=0.015,1.33,Q100=0.02,1.67,Q100=0.025,2,Q100=0.03,2.33,Q100=0.035,2.67,Q100=0.04,3)+IF(J100<=0.03,"0.33",0))),(_xlfn.IFS(R100=0.01,0.67,R100=0.015,1,R100=0.015,1.33,R100=0.02,1.67,R100=0.025,2,R100=0.03,2.33,R100=0.035,2.67,R100=0.04,3)+IF(J100<=0.03,"0.33",0)))} -> 1.67 | AC100: =IF(R100="",IF(Q100="",0.3,Q100/100/0.99/0.15*1000+IF(J100<=0.03,"0.33",0)),R100/100/0.99/0.15*1000+IF(J100<=0.03,"0.33",0)) -> 1.3468013 | AD100: =VLOOKUP(F100,铝耗2026年!$A$2:$B$5000,2,0) -> #N/A | AE100: =VLOOKUP(F100,铝耗2025年!$A$2:$B$5000,2,0) -> 1.33 | AF100: 1.33
...

Sheet Sheet2

Sheet 铝耗2026年
A1: 钢种号 | B1: 平均值项:铝耗 | K1: 钢种号 | L1: 铝块 | M1: 铝粒 | N1: 喂铝线长度（m） | O1: 出站天车钢水净重（t） | P1: 铝耗
A2: 26MnB5 | B2: 1.8156195 | K2: 26MnB5 | L2: 301.22 | M2: 184.6571 | N2: 80.1 | O2: 279.08 | P2: 1.8156195
A3: 330CL-1 | B3: 2.8328548 | K3: 330CL-1 | L3: 300.78 | M3: 265.382 | N3: 700.22 | O3: 281.23 | P3: 2.6605241
A4: 380CL-2 | B4: 1.8379556 | K4: 330CL-1 | L4: 300.78 | M4: 311.846 | N4: 800 | O4: 273.07 | P4: 3.0051855
A5: 380CL-JD2 | B5: 2.0161054 | K5: 380CL-2 | L5: 300.35 | M5: 115.8131 | N5: 250.01 | O5: 282.83 | P5: 1.7012541
A6: 420CL-1 | B6: 2.1633805 | K6: 380CL-2 | L6: 300.78 | M6: 94.0394 | N6: 400.11 | O6: 277.08 | P6: 1.8003753
A7: 510L-1 | B7: 2.1263345 | K7: 380CL-2 | L7: 300.78 | M7: 139.757 | N7: 290.2 | O7: 278.14 | P7: 1.8551413
A8: 510L-2 | B8: 2.0576579 | K8: 380CL-2 | L8: 300.35 | M8: 148.7804 | N8: 383.11 | O8: 275.05 | P8: 1.9950518
A9: 610L-1 | B9: 1.9493023 | K9: 380CL-JD2 | L9: 300.35 | M9: 103.2986 | N9: 350.1 | O9: 270.46 | P9: 1.8290121
A10: 610L-2 | B10: 1.9640105 | K10: 380CL-JD2 | L10: 300.78 | M10: 197.8038 | N10: 340.3 | O10: 285.76 | P10: 2.0543876
A11: 700L(HJKJ) | B11: 1.6989988 | K11: 380CL-JD2 | L11: 300.35 | M11: 195.2749 | N11: 300.3 | O11: 265 | P11: 2.1649166
A12: 700L-1 | B12: 2.1674722 | K12: 420CL-1 | L12: 300.35 | M12: 149.8828 | N12: 338.11 | O12: 275.34 | P12: 1.9544614
A13: 700L-2 | B13: 2.0394424 | K13: 420CL-1 | L13: 300.35 | M13: 206.0185 | N13: 330.1 | O13: 269.6 | P13: 2.1965671
... A112: YF700BL-3 | B112: 2.236359 | K112: 700L-2 | L112: 300.35 | M112: 111.2196 | N112: 215 | O112: 278.23 | P112: 1.6801553
A113: (空白) | K113: 700L-2 | L113: 300.78 | M113: 168.4549 | N113: 150.1 | O113: 287.12 | P113: 1.7702037
A114: 总计 | B114: 1.4127211 | K114: 700L-2 | L114: 300.78 | M114: 121.2558 | N114: 270.1 | O114: 269.03 | P114: 1.8297655
K115: 700L-2 | L115: 300.35 | M115: 158.2031 | N115: 100.1 | O115: 264.4 | P115: 1.83275
K116: 700L-2 | L116: 300.78 | M116: 110.1346 | N116: 374.2 | O116: 275.94 | P116: 1.8417286
K117: 700L-2 | L117: 300.35 | M117: 125.3791 | N117: 351.8 | O117: 272.47 | P117: 1.89818
K118: 700L-2 | L118: 293.4 | M118: 179.5399 | N118: 177 | O118: 271.33 | P118: 1.9126521
K119: 700L-2 | L119: 300.78 | M119: 139.158 | N119: 290.1 | O119: 268.73 | P119: 1.9177762
K120: 700L-2 | L120: 308.59 | M120: 145.1823 | N120: 320.1 | O120: 278.77 | P120: 1.9263131
K121: 700L-2 | L121: 300.78 | M121: 190.1346 | N121: 160.2 | O121: 273.34 | P121: 1.9483669
K122: 700L-2 | L122: 300.35 | M122: 154.6224 | N122: 395.11 | O122: 284.86 | P122: 1.9578073
K123: 700L-2 | L123: 300.78 | M123: 177.6953 | N123: 350.01 | O123: 289.43 | P123: 1.9675842
K124: 700L-2 | L124: 308.59 | M124: 136.6102 | N124: 320 | O124: 267 | P124: 1.979027
K125: 700L-2 | L125: 300.35 | M125: 134.511 | N125: 495.11 | O125: 281.97 | P125: 1.9987573
K126: 700L-2 | L126: 308.59 | M126: 185.9809 | N126: 190.2 | O126: 271 | P126: 2.0074646
... K155: 700L-S1 | L155: 307.73 | M155: 217.3177 | N155: 450.11 | O155: 276.8 | P155: 2.3196398
K156: 800L-AC | L156: 307.73 | N156: 530.12 | O156: 270 | P156: 1.6502267
K157: 800L-AC | L157: 308.59 | M157: 105.2517 | N157: 350.1 | O157: 281.96 | P157: 1.790565
K158: 800L-AC | L158: 307.73 | M158: 113.9323 | N158: 140.2 | O158: 254.09 | P158: 1.8029608
K159: 800L-AC | L159: 307.73 | M159: 155.382 | N159: 200.3 | O159: 282.84 | P159: 1.8214892
K160: 800L-AC | L160: 307.73 | M160: 197.5695 | N160: 130.2 | O160: 295.55 | P160: 1.8242311
K161: 800L-AC | L161: 301.22 | M161: 114.4387 | N161: 400.11 | O161: 276.79 | P161: 1.8775509
K162: 800L-AC | L162: 307.73 | M162: 113.86 | N162: 439.2 | O162: 272.16 | P162: 1.9686287
K163: 800L-AC | L163: 293.4 | M163: 153.7876 | N163: 500.11 | O163: 270.5 | P163: 2.1338861
K164: 800L-AC | L164: 293.4 | M164: 203.559 | N164: 430.11 | O164: 274.2 | P164: 2.2202319
K165: 800L-AC | L165: 301.22 | M165: 211.1111 | N165: 480.2 | O165: 274.21 | P165: 2.3237048
K166: 800L-AC | L166: 293.4 | M166: 204.4271 | N166: 580.12 | O166: 276.52 | P166: 2.3457916
K167: 800L-AC | L167: 300.78 | M167: 534.6311 | N167: 111.1 | O167: 286.76 | P167: 3.0140086
K168: 800L-ACH | L168: 307.73 | M168: 76.3889 | N168: 320.3 | O168: 275.36 | P168: 1.697403
... K171: 800L-ACH | L171: 300.78 | M171: 261.3498 | N171: 362.3 | O171: 271.34 | P171: 2.4188391
K172: A | M172: 166.2327 | N172: 350.01 | O172: 270.52 | P172: 0.95089199
K173: A | L173: 150.17 | M173: 82.6823 | N173: 222 | O173: 285.15 | P173: 1.0190156
K174: A | L174: 203.13 | M174: 47.2005 | N174: 190 | O174: 281.97 | P174: 1.0629872
K175: A | L175: 203.13 | M175: 52.1918 | N175: 189 | O175: 282.26 | P175: 1.0786573
K176: A | L176: 150.61 | M176: 84.2014 | N176: 300.01 | O176: 289.78 | P176: 1.0794879
K177: A | L177: 210.5 | M177: 24.8481 | N177: 260.01 | O177: 279.11 | P177: 1.0854169
K178: A | L178: 203.13 | M178: 47.309 | N178: 220 | O178: 277.08 | P178: 1.1102894
K179: A | L179: 149.74 | M179: 83.8759 | N179: 300.01 | O179: 280.56 | P179: 1.1107018
K180: A | L180: 150.61 | M180: 71.8316 | N180: 353.01 | O180: 282.86 | P180: 1.1108824
K181: A | L181: 157.99 | M181: 91.4714 | N181: 333.01 | O181: 299.86 | P181: 1.1206696
K182: A | L182: 194.88 | M182: 76.3889 | N182: 200 | O182: 287.75 | P182: 1.1234367
K183: A | L183: 150.61 | M183: 51.3238 | N183: 430.02 | O183: 279.13 | P183: 1.1239888
K184: A | L184: 149.74 | M184: 103.4071 | N184: 230 | O184: 277.67 | P184: 1.1270469
... K497: A36-DX1 | L497: 203.13 | M497: 168.1858 | N497: 220 | O497: 265.56 | P497: 1.6136308
K498: A572Gr50-1 | M498: 139.5399 | N498: 300.01 | O498: 288.5 | P498: 0.75404679
K499: A572Gr50-1 | L499: 202.26 | M499: 82.6823 | N499: 140.1 | O499: 280.53 | P499: 1.1455755
K500: A572Gr50-1 | L500: 157.99 | M500: 84.6354 | N500: 300.01 | O500: 279.67 | P500: 1.1464512
K501: A572Gr50-1 | L501: 150.17 | M501: 103.2986 | N501: 280.01 | O501: 279.43 | P501: 1.1676312
K502: A572Gr50-1 | L502: 150.61 | M502: 116.2109 | N502: 300.01 | O502: 284.57 | P502: 1.2117352
K503: A572Gr50-1 | L503: 150.61 | M503: 113.1727 | N503: 340.01 | O503: 287.74 | P503: 1.2239706
K504: A572Gr50-1 | L504: 157.99 | M504: 134.7657 | N504: 255.01 | O504: 286.58 | P504: 1.2529077
K505: A572Gr50-1 | L505: 150.17 | M505: 144.6398 | N505: 266.01 | O505: 283.74 | P505: 1.2827673
K506: A572Gr50-1 | L506: 157.99 | M506: 105.2517 | N506: 400.02 | O506: 283.69 | P506: 1.2945359
K507: A572Gr50-1 | L507: 203.13 | M507: 111.2196 | N507: 135.1 | O507: 269 | P507: 1.2991658
K508: A572Gr50-1 | L508: 150.17 | M508: 124.349 | N508: 350.01 | O508: 277.12 | P508: 1.3190012
K509: A572Gr50-1 | L509: 195.31 | M509: 127.5318 | N509: 250.01 | O509: 285.09 | P509: 1.3604279
K510: A572Gr50-1 | L510: 157.99 | M510: 161.8186 | N510: 222 | O510: 276.18 | P510: 1.3669657
... K536: A572GR65-T2 | L536: 203.13 | M536: 275.5642 | N536: 369.11 | O536: 254.61 | P536: 2.2570315
K537: AH32-1 | L537: 300.35 | N537: 200 | O537: 288.91 | P537: 1.219584
K538: AH32-1 | L538: 307.73 | M538: 45.8623 | N538: 310.11 | O538: 283.19 | P538: 1.53332
K539: AH32-1 | L539: 307.73 | M539: 57.0747 | N539: 340.1 | O539: 284.27 | P539: 1.594367
K540: AH36-1 | L540: 300.35 | M540: 94.4011 | N540: 100.1 | O540: 278.56 | P540: 1.5105439
K541: AH36-1 | L541: 300.35 | M541: 81.7057 | N541: 100.1 | O541: 266.44 | P541: 1.5316082
K542: AH36-1 | L542: 300.35 | M542: 81.5972 | N542: 230.3 | O542: 287.47 | P542: 1.5369437
K543: AH36-1 | L543: 308.59 | M543: 45.3559 | N543: 340.21 | O543: 284.53 | P543: 1.5548466
K544: AH36-1 | L544: 308.16 | M544: 129.7743 | N544: 170 | O544: 291.46 | P544: 1.654204
K545: AH36-1 | L545: 308.16 | M545: 138.9063 | N545: 70.1 | O545: 280.26 | P545: 1.6602166
K546: AH36-1 | L546: 308.16 | M546: 131.8359 | N546: 170 | O546: 286.02 | P546: 1.6928743
K547: AH36-1 | L547: 300.35 | M547: 129.7743 | N547: 180 | O547: 279.15 | P547: 1.7084876
K548: AH36-1 | L548: 300.35 | M548: 116.9705 | N548: 272.3 | O548: 284.85 | P548: 1.7135984
K549: AH36-1 | L549: 307.73 | M549: 128.6892 | N549: 160 | O549: 277.67 | P549: 1.7215371
... K580: B | L580: 203.13 | M580: 123.9149 | N580: 280.1 | O580: 273.07 | P580: 1.4643531
K581: F520JJ | M581: 325.3762 | N581: 270.3 | O581: 277.02 | P581: 1.4282514
K582: F520JJ | L582: 203.13 | M582: 94.4011 | N582: 480.11 | O582: 269.04 | P582: 1.569877
K583: F520JJ | L583: 210.5 | M583: 189.6701 | N583: 144.1 | O583: 270.47 | P583: 1.6180578
K584: HP295 | L584: 203.13 | M584: 163.86 | N584: 107.6 | O584: 276.8 | P584: 1.4269003
K585: HP295 | L585: 210.5 | M585: 160.952 | N585: 120.1 | O585: 268.73 | P585: 1.4984483
K586: HP295 | L586: 203.13 | M586: 156.2442 | N586: 270.01 | O586: 273.96 | P586: 1.5680274
K587: HP295 | L587: 307.73 | M587: 104.4922 | N587: 200 | O587: 273.9 | P587: 1.6948602
K588: HP295 | L588: 203.13 | M588: 222.8356 | N588: 300.01 | O588: 280.53 | P588: 1.7964859
K589: HP295 | L589: 300.35 | M589: 208.9988 | N589: 100.1 | O589: 286.3 | P589: 1.8699783
K590: HP295 | L590: 307.73 | M590: 170.6077 | N590: 250.01 | O590: 280.23 | P590: 1.9389084
K591: HP295 | L591: 203.13 | M591: 237.2092 | N591: 400.02 | O591: 274.99 | P591: 1.9795062
K592: HP295 | L592: 307.73 | M592: 185.4731 | N592: 270.01 | O592: 278.52 | P592: 2.0228555
K593: HP295 | L593: 315.97 | M593: 228.4071 | N593: 56.5 | O593: 276.24 | P593: 2.0238456
... K629: MRT2.5 | L629: 360.24 | M629: 228.7978 | N629: 800.12 | O629: 280.16 | P629: 2.8450493
K630: NM400-1 | L630: 300.35 | N630: 80.1 | O630: 257.78 | P630: 1.2459306
...

Sheet 铝耗2025年
A1: 炼钢 牌号 | B1: 修正后铝耗
A2: Q195-1 | B2: 1.45
A3: Q235B-1 | B3: 1.2
A4: Q235B-2 | B4: 1.2
A5: Q235C-1 | B5: 1.33
A6: Q235C-2 | B6: 1.33
A7: Q235B-GC1 | B7: 1.3
A8: Q235B-SD1 | B8: 1.3
A9: Q235B-SD2 | B9: 1.3
A10: Q235B-HG | B10: 1.25
A11: A36-1 | B11: 1.45
A12: A36-2 | B12: 1.45
A13: A36-DX1 | B13: 1.6
... A141: AH36-2 | B141: 1.9

Sheet Sheet1
A1: 炉号 | B1: 钢种 | C1: 铝粒
E2: 日期 | F2: 炉次号 | G2: 钢种号 | H2: 自产石灰块炼钢石灰窑二车间 | I2: 高铝预熔渣 | J2: 高铝钢包渣改质剂 | K2: 铝块 | L2: 铝粒
E3: 2026-04-20 | F3: L1G2Z426D00764 | G3: MRT2.5 | H3: 810.44 | K3: 360.24
E4: 2026-04-20 | F4: L1G2Z426D00765 | G4: MRT2.5 | H4: 538.27 | I4: 420 | L4: 50 | M4: L1G2Z426D00765 | N4: MRT2.5 | O4: 258.57 | P4: =O4+L4 -> 308.57
E5: 2026-04-20 | F5: L1G2Z426D00766 | G5: MRT2.5 | H5: 459.78 | I5: 370 | L5: 50 | M5: L1G2Z426D00766 | N5: MRT2.5 | O5: 178.71 | P5: =O5+L5 -> 228.71
E6: 2026-04-20 | F6: L1G2Z426D00767 | G6: MRT2.5 | H6: 533.96 | I6: 330 | L6: 50 | M6: L1G2Z426D00767 | N6: MRT2.5 | O6: 243.06 | P6: =O6+L6 -> 293.06
E7: 2026-04-20 | F7: L1G2Z426D00768 | G7: MRT2.5 | H7: 525.35 | I7: 420 | L7: 50 | M7: L1G2Z426D00768 | N7: MRT2.5 | O7: 236.66 | P7: =O7+L7 -> 286.66
E8: 2026-04-20 | F8: L1G2Z426D00769 | G8: MRT2.5 | H8: 525.35 | I8: 420 | L8: 50 | M8: L1G2Z426D00769 | N8: MRT2.5 | O8: 194.77 | P8: =O8+L8 -> 244.77
E9: 2026-04-20 | F9: L1G2Z426D00770 | G9: MRT2.5 | H9: 516.75 | I9: 420 | L9: 50 | M9: L1G2Z426D00770 | N9: MRT2.5 | O9: 381.94 | P9: =O9+L9 -> 431.94
E10: 2026-04-20 | F10: L1G2Z426D00771 | G10: MRT2.5 | H10: 534.47 | I10: 370 | L10: 50 | M10: L1G2Z426D00771 | N10: MRT2.5 | O10: 209.42 | P10: =O10+L10 -> 259.42
E11: 2026-04-30 | F11: L1G2Z426D01160 | G11: MRT2.5 | H11: 529.66 | I11: 470 | L11: 50 | M11: L1G2Z426D01160 | N11: MRT2.5 | O11: 451.39 | P11: =O11+L11 -> 501.39
E12: 2026-04-30 | F12: L1G2Z426D01161 | G12: MRT2.5 | H12: 534.72 | I12: 470 | L12: 50 | M12: L1G2Z426D01161 | N12: MRT2.5 | O12: 241.64 | P12: =O12+L12 -> 291.64
E13: 2026-04-30 | F13: L1G2Z426D01162 | G13: MRT2.5 | H13: 394.21 | I13: 430 | L13: 50 | M13: L1G2Z426D01162 | N13: MRT2.5 | O13: 220.38 | P13: =O13+L13 -> 270.38
E14: 2026-04-30 | F14: L1G2Z426D01163 | G14: MRT2.5 | H14: 538.27 | I14: 400 | L14: 50 | M14: L1G2Z426D01163 | N14: MRT2.5 | O14: 202.15 | P14: =O14+L14 -> 252.15
E15: 2026-04-30 | F15: L1G2Z426D01164 | G15: MRT2.5 | H15: 529.66 | I15: 400 | L15: 50 | M15: L1G2Z426D01164 | N15: MRT2.5 | O15: 179.8 | P15: =O15+L15 -> 229.8
E16: 2026-04-30 | F16: L1G2Z426D01165 | G16: MRT2.5 | H16: 543.08 | I16: 430 | L16: 50 | M16: L1G2Z426D01165 | N16: MRT2.5 | O16: 231.77 | P16: =O16+L16 -> 281.77
E17: 2026-05-08 | F17: L1G2Z426E00296 | G17: MRT2.5 | H17: 538.27 | J17: 500 | L17: 50 | P17: =O17+L17 -> 50
E18: 2026-05-08 | F18: L1G2Z426E00297 | G18: MRT2.5 | H18: 525.61 | J18: 500 | L18: 50 | P18: =O18+L18 -> 50
E19: 2026-05-08 | F19: L1G2Z426E00298 | G19: MRT2.5 | H19: 538.52 | J19: 480 | L19: 50 | P19: =O19+L19 -> 50
E20: 2026-05-08 | F20: L1G2Z426E00299 | G20: MRT2.5 | H20: 538.77 | J20: 470 | L20: 50 | P20: =O20+L20 -> 50
E21: 2026-05-08 | F21: L1G2Z426E00300 | G21: MRT2.5 | H21: 547.38 | J21: 470 | L21: 50 | P21: =O21+L21 -> 50
E22: 2026-05-08 | F22: L1G2Z426E00301 | G22: MRT2.5 | H22: 542.82 | J22: 470 | L22: 50 | P22: =O22+L22 -> 50
E23: 2026-05-18 | F23: L1G2Z426E00713 | G23: MRT2.5 | H23: 534.47 | J23: 500 | L23: 50 | P23: =O23+L23 -> 50
E24: 2026-05-18 | F24: L1G2Z426E00714 | G24: MRT2.5 | H24: 525.86 | J24: 430 | L24: 50 | P24: =O24+L24 -> 50
E25: 2026-05-18 | F25: L1G2Z426E00715 | G25: MRT2.5 | H25: 530.16 | J25: 470 | L25: 50 | P25: =O25+L25 -> 50
E26: 2026-05-18 | F26: L1G2Z426E00716 | G26: MRT2.5 | H26: 543.08 | J26: 470 | L26: 50 | P26: =O26+L26 -> 50
E27: 2026-05-18 | F27: L1G2Z426E00717 | G27: MRT2.5 | H27: 231.92 | J27: 430 | L27: 50 | P27: =O27+L27 -> 50
E28: 2026-05-18 | F28: L1G2Z426E00718 | G28: MRT2.5 | H28: 236.73 | J28: 430 | L28: 50 | M28: L1G2Z426E00718 | N28: MRT2.5 | O28: 170.79 | P28: =O28+L28 -> 220.79 | Q28: =P28/260 -> 0.84919231
E29: 2026-05-18 | F29: L1G2Z426E00719 | G29: MRT2.5 | H29: 241.03 | J29: 430 | L29: 50 | M29: L1G2Z426E00719 | N29: MRT2.5 | O29: 176.22 | P29: =O29+L29 -> 226.22 | Q29: =P29/260 -> 0.87007692
E30: 2026-05-18 | F30: L1G2Z426E00720 | G30: MRT2.5 | H30: 192.42 | J30: 470 | L30: 50 | M30: L1G2Z426E00720 | N30: MRT2.5 | O30: 223.96 | P30: =O30+L30 -> 273.96 | Q30: =P30/260 -> 1.0536923
E31: 2026-05-22 | F31: L1G2Z426E00862 | G31: MRT2.5 | H31: 499.02 | J31: 470 | L31: 70 | M31: L1G2Z426E00862 | N31: MRT2.5 | O31: 278.97 | P31: =O31+L31 -> 348.97 | Q31: =P31/260 -> 1.3421923
E32: 2026-05-22 | F32: L1G2Z426E00863 | G32: MRT2.5 | H32: 499.02 | J32: 470 | L32: 50 | M32: L1G2Z426E00863 | N32: MRT2.5 | O32: 231.23 | P32: =O32+L32 -> 281.23 | Q32: =P32/260 -> 1.0816538
E33: 2026-05-22 | F33: L1G2Z426E00864 | G33: MRT2.5 | H33: 481.55 | J33: 400 | L33: 50 | M33: L1G2Z426E00864 | N33: MRT2.5 | O33: 179.69 | P33: =O33+L33 -> 229.69 | Q33: =P33/260 -> 0.88342308
E34: 2026-05-22 | F34: L1G2Z426E00865 | G34: MRT2.5 | H34: 516.75 | J34: 400 | M34: L1G2Z426E00865 | N34: MRT2.5 | O34: 266.38 | P34: =O34+L34 -> 266.38 | Q34: =P34/260 -> 1.0245385
E35: 2026-05-22 | F35: L1G2Z426E00866 | G35: MRT2.5 | H35: 512.44 | J35: 470 | M35: L1G2Z426E00866 | N35: MRT2.5 | O35: 268.99 | P35: =O35+L35 -> 268.99 | Q35: =P35/260 -> 1.0345769
E36: 2026-05-22 | F36: L1G2Z426E00867 | G36: MRT2.5 | H36: 525.61 | J36: 470 | M36: L1G2Z426E00867 | N36: MRT2.5 | O36: 291.02 | P36: =O36+L36 -> 291.02 | Q36: =P36/260 -> 1.1193077
E37: 2026-05-22 | F37: L1G2Z426E00868 | G37: MRT2.5 | H37: 503.83 | J37: 470 | M37: L1G2Z426E00868 | N37: MRT2.5 | O37: 304.36 | P37: =O37+L37 -> 304.36 | Q37: =P37/260 -> 1.1706154
E38: 2026-05-22 | F38: L1G2Z426E00869 | G38: MRT2.5 | H38: 503.83 | J38: 400 | M38: L1G2Z426E00869 | N38: MRT2.5 | O38: 267.58 | P38: =O38+L38 -> 267.58 | Q38: =P38/260 -> 1.0291538
E39: 2026-05-23 | F39: L1G2Z426E00901 | G39: MRT2.5 | H39: 490.42 | J39: 470 | M39: L1G2Z426E00901 | N39: MRT2.5 | O39: 263.13 | P39: =O39+L39 -> 263.13 | Q39: =P39/260 -> 1.0120385
E40: 2026-05-23 | F40: L1G2Z426E00902 | G40: MRT2.5 | H40: 477.25 | J40: 430 | M40: L1G2Z426E00902 | N40: MRT2.5 | O40: 263.56 | P40: =O40+L40 -> 263.56 | Q40: =P40/260 -> 1.0136923
E41: 2026-05-23 | F41: L1G2Z426E00903 | G41: MRT2.5 | H41: 490.42 | J41: 400 | M41: L1G2Z426E00903 | N41: MRT2.5 | O41: 233.62 | P41: =O41+L41 -> 233.62 | Q41: =P41/260 -> 0.89853846
E42: 2026-05-23 | F42: L1G2Z426E00904 | G42: MRT2.5 | H42: 494.72 | J42: 400 | M42: L1G2Z426E00904 | N42: MRT2.5 | O42: 322.7 | P42: =O42+L42 -> 322.7 | Q42: =P42/260 -> 1.2411538
E43: 2026-05-23 | F43: L1G2Z426E00905 | G43: MRT2.5 | H43: 503.83 | J43: 400 | M43: L1G2Z426E00905 | N43: MRT2.5 | O43: 242.51 | P43: =O43+L43 -> 242.51 | Q43: =P43/260 -> 0.93273077
E44: 2026-05-23 | F44: L1G2Z426E00906 | G44: MRT2.5 | H44: 499.02 | J44: 400 | M44: L1G2Z426E00906 | N44: MRT2.5 | O44: 283.31 | P44: =O44+L44 -> 283.31 | Q44: =P44/260 -> 1.0896538
E45: 2026-05-23 | F45: L1G2Z426E00907 | G45: MRT2.5 | H45: 499.02 | J45: 400 | M45: L1G2Z426E00907 | N45: MRT2.5 | O45: 263.13 | P45: =O45+L45 -> 263.13 | Q45: =P45/260 -> 1.0120385
