Workbook
Name _1_200808: #REF!
Name _2_555: #REF!
Name _4_200808: #REF!
Name _8_555: #REF!
Name _总帐6: #REF!
Name GZ: {0,500,2000,5000,20000,40000,60000,80000,100000}
Name shangyue: {0,500,2000,5000,20000,40000,60000,80000,100000}
Name UFPrn20051001103221: #N/A
Name UFPrn20051001103243: #N/A
Name UFPrn20060404091403: '[1]#REF!'!$A$1:$C$22
Name UFPrn20060404091433: '[1]#REF!'!$A$23:$C$39
Name UFPrn20060502142416: '[1]#REF!'!$A$1:$B$31
Name UFPrn20070324165129: #REF!
Name UFPrn20070425083825: #REF!
Name UFPrn20070601163318: #REF!
Name UFPrn20070701155357: #REF!
Name UFPrn20070801153911: #REF!
Name UFPrn20070801154019: #REF!
Name UFPrn20070807161608: #REF!
Name UFPrn20070825093512: #REF!
Name UFPrn20070901164942: #REF!
Name UFPrn20070925145437: #REF!
Name UFPrn20071001143409: #REF!
Name UFPrn20071201135008: #REF!
Name UFPrn20080101132617: #REF!
Name UFPrn20080201152428: #REF!
Name UFPrn20080201152859: #REF!
Name UFPrn20080301151152: #REF!
Name UFPrn20080401143728: #REF!
Name UFPrn20080408163922: #REF!
Name UFPrn20080501151850: #REF!
Name UFPrn20080601120518: #REF!
Name UFPrn20080701144303: #REF!
Name UFPrn20080801091948: #REF!
Name UFPrn20081001113629: #REF!
Name UFPrn20081101133625: #REF!
Name UFPrn20081201112019: #REF!
Name UFPrn20090101161302: #REF!
Name UFPrn20090201154349: #REF!
Name UFPrn20090301100312: #REF!
Name UFPrn20090401161106: #REF!
Name x: {0,500,2000,5000,20000,40000,60000,80000,100000}
Name YD: 648/0.818
Name YY: 800/1.14
Name 啊: #REF!
Name 成本: #REF!
Name 成本合计: [2]制氧成本!$F$1,[2]制氧成本!$H$1:$N$1
Name 代码: OFFSET([3]引用!$A$1,0,0,COUNTA([3]引用!$A$1:$A$65536),3)
Name 电调整: OFFSET([2]水电!$A$161,,,2,COUNTA([2]水电!$A$161:$AZ$161))
Name 废: {0,500,2000,5000,20000,40000,60000,80000,100000}
Name 辅助列: #N/A
Name 高线啊: {0,500,2000,5000,20000,40000,60000,80000,100000}
Name 合计: #N/A
Name 汇总: #REF!
Name 扣除: [4]动力成本!$J$2,[4]动力成本!$T$2,[4]动力成本!$Y$2,[4]动力成本!$AA$2
Name 新: #REF!
Name 新工艺: #REF!
Name 月份: #N/A
Name 咋: {0,500,2000,5000,20000,40000,60000,80000,100000}
Name 直接费用: [4]动力成本!#REF!

Sheet 炼钢参数表
A2: 序号 | B2: 适用牌号 | C2: 厚度mm | D2: 厚度mm | E2: 厚度mm | F2: 炼钢牌号 | G2: 钢种类型 | H2: 液相线温度℃ | I2: 终点碳 | J2: 终点锰 | K2: 硅回收率 | L2: 锰回收率 | M2: 钒回收率 | N2: 铌回收率 | O2: 钛回收率 | P2: 铬回收率 | Q2: 镍回收率 | R2: 铜回收率 | S2: 钼回收率 | T2: 硼回收率 | U2: 锑回收率 | V2: 磷回收率 | W2: 硫回收率 | X2: 碳回收率
A5: 1 | B5: Q195 | C5: 01 | D5: 1.5 | E5: 12 | F5: Q195-1 | G5: A 碳素钢-碳素结构钢-A20 Q195 | H5: 1527 | I5: 0.041666667 | J5: 0.103 | K5: 0.75 | L5: 0.98 | M5: 0.98 | N5: 0.98 | O5: 0.7 | P5: 0.96 | Q5: 0.98 | R5: 0.98 | S5: 0.98 | T5: 0.7 | U5: 0.96 | V5: 0.96 | W5: 0.96 | X5: 0.9
A6: 2 | B6: Q195 | C6: 02 | D6: 12.01 | E6: 28 | F6: Q195-2 | G6: A 碳素钢-碳素结构钢-A20 Q195 | H6: 1527 | I6: 0.041666667 | J6: 0.103 | K6: 0.75 | L6: 0.98 | M6: 0.98 | N6: 0.98 | O6: 0.7 | P6: 0.96 | Q6: 0.98 | R6: 0.98 | S6: 0.98 | T6: 0.7 | U6: 0.96 | V6: 0.96 | W6: 0.96 | X6: 0.9
A7: 3 | B7: Q235B | C7: 01 | D7: 1.45 | E7: 12 | F7: Q235B-1 | G7: A 碳素钢-碳素结构钢-A01 Q235B | H7: 1519 | I7: 0.07293667 | J7: 0.12229229 | K7: 0.75 | L7: 0.98 | M7: 0.98 | N7: 0.98 | O7: 0.7 | P7: 0.96 | Q7: 0.98 | R7: 0.98 | S7: 0.98 | T7: 0.7 | U7: 0.96 | V7: 0.96 | W7: 0.96 | X7: 0.9
A8: 4 | B8: Q235B | C8: 02 | D8: 12.01 | E8: 28 | F8: Q235B-2 | G8: A 碳素钢-碳素结构钢-A01 Q235B | H8: 1519 | I8: 0.074405858 | J8: 0.12264435 | K8: 0.75 | L8: 0.98 | M8: 0.98 | N8: 0.98 | O8: 0.7 | P8: 0.96 | Q8: 0.98 | R8: 0.98 | S8: 0.98 | T8: 0.7 | U8: 0.96 | V8: 0.96 | W8: 0.96 | X8: 0.9
A9: 5 | B9: Q235C | C9: 01 | D9: 1.6 | E9: 12 | F9: Q235C-1 | G9: A 碳素钢-碳素结构钢-A02 Q235C | H9: 1519 | I9: 0.068953488 | J9: 0.11909302 | K9: 0.8 | L9: 0.98 | M9: 0.98 | N9: 0.98 | O9: 0.7 | P9: 0.96 | Q9: 0.98 | R9: 0.98 | S9: 0.98 | T9: 0.7 | U9: 0.96 | V9: 0.96 | W9: 0.96 | X9: 0.9
A10: 6 | B10: Q235C | C10: 02 | D10: 12.01 | E10: 25.4 | F10: Q235C-2 | G10: A 碳素钢-碳素结构钢-A02 Q235C | H10: 1519 | I10: 0.0625 | J10: 0.1289 | K10: 0.8 | L10: 0.98 | M10: 0.98 | N10: 0.98 | O10: 0.7 | P10: 0.96 | Q10: 0.98 | R10: 0.98 | S10: 0.98 | T10: 0.7 | U10: 0.96 | V10: 0.96 | W10: 0.96 | X10: 0.9
A11: 7 | B11: Q235B-WJ | C11: 01 | D11: 1.45 | E11: 12 | F11: Q235B-1 | G11: A 碳素钢-碳素结构钢-A01 Q235B | H11: 1519 | I11: 0.07293667 | J11: 0.12229229 | K11: 0.75 | L11: 0.98 | M11: 0.98 | N11: 0.98 | O11: 0.7 | P11: 0.96 | Q11: 0.98 | R11: 0.98 | S11: 0.98 | T11: 0.7 | U11: 0.96 | V11: 0.96 | W11: 0.96 | X11: 0.9
A12: 8 | B12: Q235B-WJ | C12: 02 | D12: 12.01 | E12: 28 | F12: Q235B-2 | G12: A 碳素钢-碳素结构钢-A01 Q235B | H12: 1519 | I12: 0.074405858 | J12: 0.12264435 | K12: 0.75 | L12: 0.98 | M12: 0.98 | N12: 0.98 | O12: 0.7 | P12: 0.96 | Q12: 0.98 | R12: 0.98 | S12: 0.98 | T12: 0.7 | U12: 0.96 | V12: 0.96 | W12: 0.96 | X12: 0.9
A13: 9 | B13: Q235B-LX | C13: 01 | D13: 1.45 | E13: 12 | F13: Q235B-1 | G13: A 碳素钢-碳素结构钢-A01 Q235B | H13: 1519 | I13: 0.07293667 | J13: 0.12229229 | K13: 0.75 | L13: 0.98 | M13: 0.98 | N13: 0.98 | O13: 0.7 | P13: 0.96 | Q13: 0.98 | R13: 0.98 | S13: 0.98 | T13: 0.7 | U13: 0.96 | V13: 0.96 | W13: 0.96 | X13: 0.9
A14: 10 | B14: Q235B-LX | C14: 02 | D14: 12.01 | E14: 28 | F14: Q235B-2 | G14: A 碳素钢-碳素结构钢-A01 Q235B | H14: 1519 | I14: 0.074405858 | J14: 0.12264435 | K14: 0.75 | L14: 0.98 | M14: 0.98 | N14: 0.98 | O14: 0.7 | P14: 0.96 | Q14: 0.98 | R14: 0.98 | S14: 0.98 | T14: 0.7 | U14: 0.96 | V14: 0.96 | W14: 0.96 | X14: 0.9
A15: 11 | B15: Q235B-HX | C15: 01 | D15: 1.45 | E15: 12 | F15: Q235B-1 | G15: A 碳素钢-碳素结构钢-A01 Q235B | H15: 1519 | I15: 0.07293667 | J15: 0.12229229 | K15: 0.75 | L15: 0.98 | M15: 0.98 | N15: 0.98 | O15: 0.7 | P15: 0.96 | Q15: 0.98 | R15: 0.98 | S15: 0.98 | T15: 0.7 | U15: 0.96 | V15: 0.96 | W15: 0.96 | X15: 0.9
A16: 12 | B16: Q235B-HX | C16: 02 | D16: 12.01 | E16: 28 | F16: Q235B-2 | G16: A 碳素钢-碳素结构钢-A01 Q235B | H16: 1519 | I16: 0.074405858 | J16: 0.12264435 | K16: 0.75 | L16: 0.98 | M16: 0.98 | N16: 0.98 | O16: 0.7 | P16: 0.96 | Q16: 0.98 | R16: 0.98 | S16: 0.98 | T16: 0.7 | U16: 0.96 | V16: 0.96 | W16: 0.96 | X16: 0.9
... A196: 192 | B196: Q235PL | C196: 02 | D196: 7.56 | E196: 18 | F196: Q235PL-2 | G196: D 汽车用钢-汽车车轮用钢-D04 Q235PL | H196: 1519 | I196: 0.076057895 | J196: 0.12388947 | K196: 0.75 | L196: 0.98 | M196: 0.98 | N196: 0.98 | O196: 0.7 | P196: 0.96 | Q196: 0.98 | R196: 0.98 | S196: 0.98 | T196: 0.7 | U196: 0.96 | V196: 0.96 | W196: 0.96 | X196: 0.9
B197: Q255PL-KP | C197: 01 | D197: 3 | E197: 7.55 | F197: Q255PL-KP1 | G197: D 汽车用钢-汽车车轮用钢-D27 Q255PL-KP | I197: 0.073317829 | J197: 0.12324031 | K197: 0.75 | L197: 0.98 | M197: 0.98 | N197: 0.98 | O197: 0.7 | P197: 0.96 | Q197: 0.98 | R197: 0.98 | S197: 0.98 | T197: 0.7 | U197: 0.96 | V197: 0.96 | W197: 0.96 | X197: 0.9
B198: Q255PL-KP | C198: 02 | D198: 7.56 | E198: 20 | F198: Q255PL-KP2 | G198: D 汽车用钢-汽车车轮用钢-D27 Q255PL-KP | I198: 0.076057895 | J198: 0.12388947 | K198: 0.75 | L198: 0.98 | M198: 0.98 | N198: 0.98 | O198: 0.7 | P198: 0.96 | Q198: 0.98 | R198: 0.98 | S198: 0.98 | T198: 0.7 | U198: 0.96 | V198: 0.96 | W198: 0.96 | X198: 0.9
A199: 193 | B199: 330CL | C199: 01 | D199: 2 | E199: 10.49 | F199: 330CL-1 | G199: D 汽车用钢-汽车车轮用钢-D08 330CL | H199: 1529 | I199: 0.054 | J199: 0.095333333 | K199: 0 | L199: 0.98 | M199: 0.98 | N199: 0.98 | O199: 0.7 | P199: 0.96 | Q199: 0.98 | R199: 0.98 | S199: 0.98 | T199: 0.7 | U199: 0.96 | V199: 0.96 | W199: 0.96 | X199: 0.9
A200: 194 | B200: 330CL | C200: 02 | D200: 10.5 | E200: 14 | F200: 330CL-2 | G200: D 汽车用钢-汽车车轮用钢-D08 330CL | H200: 1527 | I200: 0.053 | J200: 0.11916667 | K200: 0 | L200: 0.98 | M200: 0.98 | N200: 0.98 | O200: 0.7 | P200: 0.96 | Q200: 0.98 | R200: 0.98 | S200: 0.98 | T200: 0.7 | U200: 0.96 | V200: 0.96 | W200: 0.96 | X200: 0.9
A201: 195 | B201: 380CL | C201: 01 | D201: 2 | E201: 4.99 | F201: 380CL-1 | G201: D 汽车用钢-汽车车轮用钢-D02 380CL | H201: 1525 | I201: 0.0448 | J201: 0.1058 | K201: 0 | L201: 0.98 | M201: 0.98 | N201: 0.98 | O201: 0.7 | P201: 0.96 | Q201: 0.98 | R201: 0.98 | S201: 0.98 | T201: 0.7 | U201: 0.96 | V201: 0.96 | W201: 0.96 | X201: 0.9
A202: 196 | B202: 380CL | C202: 02 | D202: 5 | E202: 18 | F202: 380CL-2 | G202: D 汽车用钢-汽车车轮用钢-D02 380CL | H202: 1524 | I202: 0.0448 | J202: 0.1058 | K202: 0.8 | L202: 0.98 | M202: 0.98 | N202: 0.98 | O202: 0.7 | P202: 0.96 | Q202: 0.98 | R202: 0.98 | S202: 0.98 | T202: 0.7 | U202: 0.96 | V202: 0.96 | W202: 0.96 | X202: 0.9
A203: 197 | B203: 380CL-QL | C203: 01 | D203: 2 | E203: 4.99 | F203: 380CL-QL1 | G203: D 汽车用钢-汽车车轮用钢-D23 380CL-QL | H203: 1525 | I203: 0.041125 | J203: 0.09225 | K203: 0 | L203: 0.98 | M203: 0.98 | N203: 0.98 | O203: 0.7 | P203: 0.96 | Q203: 0.98 | R203: 0.98 | S203: 0.98 | T203: 0.7 | U203: 0.96 | V203: 0.96 | W203: 0.96 | X203: 0.9
A204: 198 | B204: 380CL-QL | C204: 02 | D204: 5 | E204: 18 | F204: 380CL-QL2 | G204: D 汽车用钢-汽车车轮用钢-D23 380CL-QL | H204: 1524 | I204: 0.041125 | J204: 0.09225 | K204: 0.8 | L204: 0.98 | M204: 0.98 | N204: 0.98 | O204: 0.7 | P204: 0.96 | Q204: 0.98 | R204: 0.98 | S204: 0.98 | T204: 0.7 | U204: 0.96 | V204: 0.96 | W204: 0.96 | X204: 0.9
A205: 199 | B205: 380CL-JD | C205: 01 | D205: 4 | E205: 6 | F205: 380CL-JD1 | G205: D 汽车用钢-汽车车轮用钢-D25 380CL-JD | H205: 1523.8 | I205: 0.041125 | J205: 0.09225 | K205: 0.8 | L205: 0.98 | M205: 0.98 | N205: 0.98 | O205: 0.7 | P205: 0.96 | Q205: 0.98 | R205: 0.98 | S205: 0.98 | T205: 0.7 | U205: 0.96 | V205: 0.96 | W205: 0.96 | X205: 0.9
A206: 200 | B206: 380CL-JD | C206: 02 | D206: 6.01 | E206: 12 | F206: 380CL-JD2 | G206: D 汽车用钢-汽车车轮用钢-D25 380CL-JD | H206: 1522.9 | I206: 0.041125 | J206: 0.09225 | K206: 0.8 | L206: 0.98 | M206: 0.98 | N206: 0.98 | O206: 0.7 | P206: 0.96 | Q206: 0.98 | R206: 0.98 | S206: 0.98 | T206: 0.7 | U206: 0.96 | V206: 0.96 | W206: 0.96 | X206: 0.9
A207: 201 | B207: 380CL-JD | C207: 03 | D207: 12.01 | E207: 20 | F207: 380CL-JD3 | G207: D 汽车用钢-汽车车轮用钢-D25 380CL-JD | H207: 1522.9 | I207: 0.041125 | J207: 0.09225 | K207: 0.8 | L207: 0.98 | M207: 0.98 | N207: 0.98 | O207: 0.7 | P207: 0.96 | Q207: 0.98 | R207: 0.98 | S207: 0.98 | T207: 0.7 | U207: 0.96 | V207: 0.96 | W207: 0.96 | X207: 0.9
A208: 202 | B208: 420CL | C208: 01 | D208: 2 | E208: 5.99 | F208: 420CL-1 | G208: D 汽车用钢-汽车车轮用钢-D18 420CL | H208: 1525 | I208: 0.043 | J208: 0.080833333 | K208: 0.8 | L208: 0.98 | M208: 0.98 | N208: 0.98 | O208: 0.7 | P208: 0.96 | Q208: 0.98 | R208: 0.98 | S208: 0.98 | T208: 0.7 | U208: 0.96 | V208: 0.96 | W208: 0.96 | X208: 0.9
A209: 203 | B209: 420CL | C209: 02 | D209: 6 | E209: 14 | F209: 420CL-2 | G209: D 汽车用钢-汽车车轮用钢-D18 420CL | H209: 1525 | I209: 0.043 | J209: 0.080833333 | K209: 0.8 | L209: 0.98 | M209: 0.98 | N209: 0.98 | O209: 0.7 | P209: 0.96 | Q209: 0.98 | R209: 0.98 | S209: 0.98 | T209: 0.7 | U209: 0.96 | V209: 0.96 | W209: 0.96 | X209: 0.9
A210: 204 | B210: SL440 | C210: 01 | D210: 20 | E210: 26 | F210: SL440 | G210: D 汽车用钢-汽车车轮用钢-D21 SL440 | H210: 1522 | I210: 0.048333333 | J210: 0.082 | K210: 0.8 | L210: 0.98 | M210: 0.98 | N210: 0.98 | O210: 0.7 | P210: 0.96 | Q210: 0.98 | R210: 0.98 | S210: 0.98 | T210: 0.7 | U210: 0.96 | V210: 0.96 | W210: 0.96 | X210: 0.9
... A278: 272 | B278: NM450 | C278: 01 | D278: 6 | E278: 15.99 | F278: NM450-1 | G278: J 耐磨钢-450级别-J06 NM450 | H278: 1508 | I278: 0.052 | J278: 0.11366667 | K278: 0.8 | L278: 0.98 | M278: 0.98 | N278: 0.98 | O278: 0.7 | P278: 0.96 | Q278: 0.98 | R278: 0.98 | S278: 0.98 | T278: 0.7 | U278: 0.96 | V278: 0.96 | W278: 0.96 | X278: 0.9
A279: 273 | B279: NM450 | C279: 02 | D279: 16 | E279: 28 | F279: NM450-2 | G279: J 耐磨钢-450级别-J06 NM450 | H279: 1508 | I279: 0.06075 | J279: 0.114375 | K279: 0.8 | L279: 0.98 | M279: 0.98 | N279: 0.98 | O279: 0.7 | P279: 0.96 | Q279: 0.98 | R279: 0.98 | S279: 0.98 | T279: 0.7 | U279: 0.96 | V279: 0.96 | W279: 0.96 | X279: 0.9 | Y279: 0.0065326633
A280: 274 | B280: NM500 | C280: 01 | D280: 6 | E280: 15.99 | F280: NM500-1 | G280: J 耐磨钢-500级别-J07 NM500 | H280: 1504 | I280: 0.05 | J280: 0.11 | K280: 0.8 | L280: 0.98 | M280: 0.98 | N280: 0.98 | O280: 0.7 | P280: 0.96 | Q280: 0.98 | R280: 0.98 | S280: 0.98 | T280: 0.7 | U280: 0.96 | V280: 0.96 | W280: 0.96 | X280: 0.9
A281: 275 | B281: NM500 | C281: 02 | D281: 16 | E281: 28 | F281: NM500-2 | G281: J 耐磨钢-500级别-J07 NM500 | H281: 1504 | I281: 0.05 | J281: 0.11 | K281: 0.8 | L281: 0.98 | M281: 0.98 | N281: 0.98 | O281: 0.7 | P281: 0.96 | Q281: 0.98 | R281: 0.98 | S281: 0.98 | T281: 0.7 | U281: 0.96 | V281: 0.96 | W281: 0.96 | X281: 0.9
A282: 276 | B282: NM600 | C282: 01 | D282: 6 | E282: 15.99 | F282: NM600-1 | G282: J 耐磨钢-600级别-J10 NM600 | H282: 1492 | I282: 0.05 | J282: 0.11 | K282: 0.8 | L282: 0.98 | M282: 0.98 | N282: 0.98 | O282: 0.7 | P282: 0.96 | Q282: 0.98 | R282: 0.98 | S282: 0.98 | T282: 0.7 | U282: 0.96 | V282: 0.96 | W282: 0.96 | X282: 0.9
A283: 277 | B283: NM600 | C283: 02 | D283: 16 | E283: 25.4 | F283: NM600-2 | G283: J 耐磨钢-600级别-J10 NM600 | H283: 1492 | I283: 0.05 | J283: 0.11 | K283: 0.8 | L283: 0.98 | M283: 0.98 | N283: 0.98 | O283: 0.7 | P283: 0.96 | Q283: 0.98 | R283: 0.98 | S283: 0.98 | T283: 0.7 | U283: 0.96 | V283: 0.96 | W283: 0.96 | X283: 0.9
A284: 278 | B284: Q690D | C284: 01 | D284: 3 | E284: 20 | F284: Q690D-1 | G284: Q 高强钢-690系列-Q01 Q690D | H284: 1514 | I284: 0.0565 | J284: 0.1145 | K284: 0.8 | L284: 0.98 | M284: 0.98 | N284: 0.98 | O284: 0.7 | P284: 0.96 | Q284: 0.98 | R284: 0.98 | S284: 0.98 | T284: 0.7 | U284: 0.96 | V284: 0.96 | W284: 0.96 | X284: 0.9
A285: 279 | B285: A | C285: 01 | D285: 3.5 | E285: 25.4 | F285: A | G285: G 船舶结构用钢- 一般强度结构钢-G01 A | H285: 1519 | I285: 0.074291718 | J285: 0.12718789 | K285: 0.8 | L285: 0.98 | M285: 0.98 | N285: 0.98 | O285: 0.7 | P285: 0.96 | Q285: 0.98 | R285: 0.98 | S285: 0.98 | T285: 0.7 | U285: 0.96 | V285: 0.96 | W285: 0.96 | X285: 0.9
A286: 280 | B286: B | C286: 01 | D286: 4 | E286: 25.4 | F286: B | G286: G 船舶结构用钢- 一般强度结构钢-G01 A | H286: 1519 | I286: 0.073384615 | J286: 0.12594872 | K286: 0.8 | L286: 0.98 | M286: 0.98 | N286: 0.98 | O286: 0.7 | P286: 0.96 | Q286: 0.98 | R286: 0.98 | S286: 0.98 | T286: 0.7 | U286: 0.96 | V286: 0.96 | W286: 0.96 | X286: 0.9
A287: 281 | B287: AH32 | C287: 01 | D287: 4 | E287: 12.5 | F287: AH32-1 | G287: G 船舶结构用钢- 一般强度结构钢-G01 A | H287: 1521 | I287: 0.04 | J287: 0.094833333 | K287: 0.8 | L287: 0.98 | M287: 0.98 | N287: 0.98 | O287: 0.7 | P287: 0.96 | Q287: 0.98 | R287: 0.98 | S287: 0.98 | T287: 0.7 | U287: 0.96 | V287: 0.96 | W287: 0.96 | X287: 0.9
A288: 282 | B288: AH32 | C288: 02 | D288: 12.51 | E288: 25 | F288: AH32-2 | G288: G 船舶结构用钢- 一般强度结构钢-G01 A | H288: 1521 | I288: 0.044 | J288: 0.095 | K288: 0.8 | L288: 0.98 | M288: 0.98 | N288: 0.98 | O288: 0.7 | P288: 0.96 | Q288: 0.98 | R288: 0.98 | S288: 0.98 | T288: 0.7 | U288: 0.96 | V288: 0.96 | W288: 0.96 | X288: 0.9
A289: 283 | B289: AH36 | C289: 01 | D289: 4 | E289: 12.5 | F289: AH36-1 | G289: G 船舶结构用钢- 一般强度结构钢-G01 A | H289: 1521 | I289: 0.042963636 | J289: 0.089363636 | K289: 0.8 | L289: 0.98 | M289: 0.98 | N289: 0.98 | O289: 0.7 | P289: 0.96 | Q289: 0.98 | R289: 0.98 | S289: 0.98 | T289: 0.7 | U289: 0.96 | V289: 0.96 | W289: 0.96 | X289: 0.9
A290: 284 | B290: AH36 | C290: 02 | D290: 12.51 | E290: 25 | F290: AH36-2 | G290: G 船舶结构用钢- 一般强度结构钢-G01 A | H290: 1522 | I290: 0.041595745 | J290: 0.089234043 | K290: 0.8 | L290: 0.98 | M290: 0.98 | N290: 0.98 | O290: 0.7 | P290: 0.96 | Q290: 0.98 | R290: 0.98 | S290: 0.98 | T290: 0.7 | U290: 0.96 | V290: 0.96 | W290: 0.96 | X290: 0.9
A291: 285 | B291: CCSA | C291: 01 | D291: 3.5 | E291: 25.4 | F291: CCSA | G291: G 船舶结构用钢- 一般强度结构钢-G01 A | H291: 1519 | I291: 0.074291718 | J291: 0.12718789 | K291: 0.8 | L291: 0.98 | M291: 0.98 | N291: 0.98 | O291: 0.7 | P291: 0.96 | Q291: 0.98 | R291: 0.98 | S291: 0.98 | T291: 0.7 | U291: 0.96 | V291: 0.96 | W291: 0.96 | X291: 0.9
... A332: 326 | B332: LRA36 | C332: 02 | D332: 12.51 | E332: 25 | F332: LRA36-2 | G332: G 船舶结构用钢- 一般强度结构钢-G01 A | H332: 1522 | I332: 0.041595745 | J332: 0.089234043 | K332: 0.8 | L332: 0.98 | M332: 0.98 | N332: 0.98 | O332: 0.7 | P332: 0.96 | Q332: 0.98 | R332: 0.98 | S332: 0.98 | T332: 0.7 | U332: 0.96 | V332: 0.96 | W332: 0.96 | X332: 0.9

Sheet 1.合金成本
A2: 序号 | B2: 适用 牌号 | C2: 分类 序号 | D2: 最小厚度mm | E2: 最大厚度mm | F2: 炼钢 牌号 | G2: 钢种类型 | H2: 液相线温度℃ | I2: 内控成分目标值/wt% | AA2: 备注 | AB2: 硅锰 | AC2: 高碳锰铁 | AD2: 中碳锰铁 | AE2: 低碳锰铁 | AF2: 金属锰 | AG2: 硅铁合金 | AH2: 铝块 | AI2: 钒铁 | AJ2: 铌铁 | AK2: 钛铁 | AL2: 高碳铬铁 | AM2: 低碳铬铁 | AN2: 镍板 | AO2: 铜板 | AP2: 钼铁 | AQ2: 硼铁 | AR2: 锑锭 | AS2: 磷铁 | AT2: 硫铁 | AU2: 稀土合金 | AV2: 合金消耗 | AW2: 合金成本 | AY2: 钢种 | AZ2: 增碳验证 | BK2: 是否 验证 | BL2: 更新 日期
I3: C | J3: Si | K3: Mn | L3: P | M3: S | N3: V | O3: Nb | P3: Ti | Q3: Als | R3: Alt | S3: Ca | T3: Cr | U3: Ni | V3: Cu | W3: Mo | X3: B | Y3: Sb | Z3: N | AB3: 17.69/65.66 | AC3: 74.6 | AD3: 78.54 | AE3: 81.19 | AF3: 90 | AG3: 72.23 | AH3: 99 | AI3: 51.17 | AJ3: 65.04 | AK3: 71.58 | AL3: 52 | AM3: 59.44 | AN3: 99 | AO3: 99 | AP3: 57.7 | AQ3: 18 | AR3: 99.5 | AS3: 23.94 | AT3: 29 | AZ3: 转炉终点碳 | BA3: 增碳余量 | BB3: 硅锰 | BC3: 高碳锰铁 | BD3: 中碳锰铁 | BE3: 低碳锰铁 | BF3: 高碳铬铁 | BG3: 低碳铬铁 | BH3: 增碳量 | BI3: 预估钢水碳 | BJ3: 预估-目标
B4: 合金不含税价格 | AB4: 5424.7788 | AC4: 6044.2478 | AD4: 7730.0885 | AE4: 8407.0796 | AF4: 16725.664 | AG4: 5185.8407 | AH4: 22337.168 | AI4: 85398.23 | AJ4: 215376.11 | AK4: 24070.796 | AL4: 7778.7611 | AM4: 14407.08 | AN4: 137787.61 | AO4: 95982.301 | AP4: 272566.37 | AQ4: 24070.796 | AR4: 176106.11 | AS4: 3443.64 | AT4: 3000 | AU4: 0 | BB4: 1.72 | BC4: 6.69 | BD4: 1.5 | BE4: 0.64 | BF4: 10 | BG4: 0.12
A5: 1 | B5: Q195 | C5: 01 | D5: 1.5 | E5: 12 | F5: Q195-1 | G5: A 碳素钢-碳素结构钢-A20 Q195 | H5: 1527 | I5: 0.07 | J5: 0.15 | K5: 0.25 | L5: 0.02 | M5: 0.015 | P5: 0.01 | Q5: 0.01 | Z5: 60 | AB5: =IF(J5<=0.04,0,IF((BA5-AL5*BF$4*炼钢参数表!$X$5/1000-AM5*BG$4*炼钢参数表!$X$5/1000)<=0.03,0,IF((J5/100/0.1769/炼钢参数表!K5*1000)>(K5-炼钢参数表!J5)/100/0.6566/炼钢参数表!L5*1000,IF(K5<1.6,(K5-炼钢参数表!J5)/100/0.6566/炼钢参数表!L5*1000,(K5-0.08-炼钢参数表!J5)/100/0.6566/炼钢参数表!L5*1000),IF(K5<1.6,J5/100/0.1769/炼钢参数表!K5*1000,(J5-0.08)/100/0.1769/炼钢参数表!K5*1000)))) -> 0 | AC5: =IF((BA5-AB5*$BB$4*0.9/1000-AL5*BF$4*炼钢参数表!$X$5/1000-AM5*BG$4*炼钢参数表!$X$5/1000)<(K5-炼钢参数表!J5-AB5*0.6566*炼钢参数表!L5/10)*0.082,0,(K5-炼钢参数表!J5-AB5*0.6566*炼钢参数表!L5/10)/100/($AC$3/100)/炼钢参数表!L5*1000) -> 2.0107239 | AD5: =IF((BA5-AB5*$BB$4*0.9/1000-AC5*$BC$4*0.9/1000-AL5*BF$4*炼钢参数表!$X$5/1000-AM5*BG$4*炼钢参数表!$X$5/1000)<=(K5-炼钢参数表!J5-AB5*0.6566*炼钢参数表!L5/10-AC5*($AC$3/100)*炼钢参数表!L5/10)*0.02,0,((K5-炼钢参数表!J5-AB5*0.6566*炼钢参数表!L5/10-AC5*($AC$3/100)*炼钢参数表!L5/10)/100/($AD$3/100)/炼钢参数表!L5*1000)) -> 0 | AE5: =(K5-炼钢参数表!J5-AB5*0.6566*炼钢参数表!L5/10-AC5*($AC$3/100)*炼钢参数表!L5/10-AD5*($AD$3/100)*炼钢参数表!L5/10)/100/($AE$3/100)/炼钢参数表!L5*1000 -> 0 | AF5: 0 | AG5: =IF(J5<=0.04,0,((J5-(AB5*0.1769*炼钢参数表!K5/1000*100))/100/炼钢参数表!K5/($AG$3/100)*1000)) -> 2.7689326 | AH5: 1.45 | AI5: =IF(N5="",0,IF(N5<=0.002,0,((N5)/100)/($AI$3/100)/炼钢参数表!M5*1000)) -> 0 | AJ5: =IF(O5="",0,IF(O5<=0.002,0,((O5)/100)/($AJ$3/100)/炼钢参数表!N5*1000)) -> 0 | AK5: =IF(P5="",0,IF(P5<=0.002,0,((P5+0.005)/100)/($AK$3/100)/炼钢参数表!O5*1000)) -> 0.29936535 | AL5: =IF((BA5-J5*0.00003-K5*0.00024)<=0.05,0,IF(T5="",0,IF(T5<=0.03,0,IF(((BA5-J5*0.00003-K5*0.00024)-0.05)/0.18/100/($AL$3/100)/炼钢参数表!P5*1000<=T5/100/($AL$3/100)/炼钢参数表!P5*1000,((BA5-J5*0.00003-K5*0.00024)-0.05)/0.18/100/($AL$3/100)/炼钢参数表!P5*1000,T5/100/($AL$3/100)/炼钢参数表!P5*1000)))) -> 0 | AM5: =IF(T5="",0,IF(T5<=0.03,0,((T5-AL5*($AL$3/100)*炼钢参数表!P5/10)/100/($AM$3/100)/炼钢参数表!P5*1000))) -> 0 | AN5: =IF(U5="",0,IF(U5<=0.02,0,(U5/100)/($AN$3/100)/炼钢参数表!Q5*1000)) -> 0 | AO5: =IF(V5="",0,IF(V5<=0.02,0,(V5/100)/($AO$3/100)/炼钢参数表!R5*1000)) -> 0 | AP5: =IF(W5="",0,IF(W5<=0.02,0,(W5/100)/($AP$3/100)/炼钢参数表!S5*1000)) -> 0 | AQ5: =IF(X5="",0,IF(X5<=0.0002,0,(X5/100)/($AQ$3/100)/炼钢参数表!T5*1000)) -> 0 | AR5: =IF(Y5="",0,IF(Y5<=0.02,0,(Y5/100)/($AR$3/100)/炼钢参数表!U5*1000)) -> 0 | AS5: =IF(L5<=0.04,0,((L5-0.04)/100)/($AS$3/100)/炼钢参数表!V5*1000) -> 0 | AT5: =IF(M5<=0.03,0,((M5-0.03)/100)/($AT$3/100)/炼钢参数表!W5*1000) -> 0 | AV5: =SUM(AB5:AU5) -> 6.5290218 | AW5: {=SUMPRODUCT($AB$4:$AU$4,AB5:AU5)/1000} -> 66.107413 | AY5: =F5 -> Q195-1 | AZ5: =VLOOKUP(AY5,炼钢参数表!$F$5:$J$1027,4,0) -> 0.041666667 | BA5: =I5-AZ5 -> 0.028333333 | BB5: =AB5*$BB$4*炼钢参数表!$X$5/1000 -> 0 | BC5: =AC5*$BC$4*炼钢参数表!$X$5/1000 -> 0.012106568 | BD5: =AD5*$BD$4*炼钢参数表!$X$5/1000 -> 0 | BE5: =AE5*$BE$4*炼钢参数表!$X$5/1000 -> 0 | BF5: =AL5*$BF$4*炼钢参数表!$X$5/1000 -> 0 | BG5: =AM5*$BG$4*炼钢参数表!$X$5/1000 -> 0 | BH5: =SUM(BB5:BG5) -> 0.012106568 | BI5: =AZ5+BH5 -> 0.053773235 | BJ5: =BI5-I5 -> -0.016226765
A6: 2 | B6: Q195 | C6: 02 | D6: 12.01 | E6: 28 | F6: Q195-2 | G6: A 碳素钢-碳素结构钢-A20 Q195 | H6: 1527 | I6: 0.07 | J6: 0.15 | K6: 0.32 | L6: 0.02 | M6: 0.015 | Q6: 0.01 | Z6: 60 | AB6: =IF(J6<=0.04,0,IF((BA6-AL6*BF$4*炼钢参数表!$X$5/1000-AM6*BG$4*炼钢参数表!$X$5/1000)<=0.03,0,IF((J6/100/0.1769/炼钢参数表!K6*1000)>(K6-炼钢参数表!J6)/100/0.6566/炼钢参数表!L6*1000,IF(K6<1.6,(K6-炼钢参数表!J6)/100/0.6566/炼钢参数表!L6*1000,(K6-0.08-炼钢参数表!J6)/100/0.6566/炼钢参数表!L6*1000),IF(K6<1.6,J6/100/0.1769/炼钢参数表!K6*1000,(J6-0.08)/100/0.1769/炼钢参数表!K6*1000)))) -> 0 | AC6: =IF((BA6-AB6*$BB$4*0.9/1000-AL6*BF$4*炼钢参数表!$X$5/1000-AM6*BG$4*炼钢参数表!$X$5/1000)<(K6-炼钢参数表!J6-AB6*0.6566*炼钢参数表!L6/10)*0.082,0,(K6-炼钢参数表!J6-AB6*0.6566*炼钢参数表!L6/10)/100/($AC$3/100)/炼钢参数表!L6*1000) -> 2.9682114 | AD6: =IF((BA6-AB6*$BB$4*0.9/1000-AC6*$BC$4*0.9/1000-AL6*BF$4*炼钢参数表!$X$5/1000-AM6*BG$4*炼钢参数表!$X$5/1000)<=(K6-炼钢参数表!J6-AB6*0.6566*炼钢参数表!L6/10-AC6*($AC$3/100)*炼钢参数表!L6/10)*0.02,0,((K6-炼钢参数表!J6-AB6*0.6566*炼钢参数表!L6/10-AC6*($AC$3/100)*炼钢参数表!L6/10)/100/($AD$3/100)/炼钢参数表!L6*1000)) -> 0 | AE6: =(K6-炼钢参数表!J6-AB6*0.6566*炼钢参数表!L6/10-AC6*($AC$3/100)*炼钢参数表!L6/10-AD6*($AD$3/100)*炼钢参数表!L6/10)/100/($AE$3/100)/炼钢参数表!L6*1000 -> 0 | AF6: 0 | AG6: =IF(J6<=0.04,0,((J6-(AB6*0.1769*炼钢参数表!K6/1000*100))/100/炼钢参数表!K6/($AG$3/100)*1000)) -> 2.7689326 | AH6: 1.45 | AI6: =IF(N6="",0,IF(N6<=0.002,0,((N6)/100)/($AI$3/100)/炼钢参数表!M6*1000)) -> 0 | AJ6: =IF(O6="",0,IF(O6<=0.002,0,((O6)/100)/($AJ$3/100)/炼钢参数表!N6*1000)) -> 0 | AK6: =IF(P6="",0,IF(P6<=0.002,0,((P6+0.005)/100)/($AK$3/100)/炼钢参数表!O6*1000)) -> 0 | AL6: =IF((BA6-J6*0.00003-K6*0.00024)<=0.05,0,IF(T6="",0,IF(T6<=0.03,0,IF(((BA6-J6*0.00003-K6*0.00024)-0.05)/0.18/100/($AL$3/100)/炼钢参数表!P6*1000<=T6/100/($AL$3/100)/炼钢参数表!P6*1000,((BA6-J6*0.00003-K6*0.00024)-0.05)/0.18/100/($AL$3/100)/炼钢参数表!P6*1000,T6/100/($AL$3/100)/炼钢参数表!P6*1000)))) -> 0 | AM6: =IF(T6="",0,IF(T6<=0.03,0,((T6-AL6*($AL$3/100)*炼钢参数表!P6/10)/100/($AM$3/100)/炼钢参数表!P6*1000))) -> 0 | AN6: =IF(U6="",0,IF(U6<=0.02,0,(U6/100)/($AN$3/100)/炼钢参数表!Q6*1000)) -> 0 | AO6: =IF(V6="",0,IF(V6<=0.02,0,(V6/100)/($AO$3/100)/炼钢参数表!R6*1000)) -> 0 | AP6: =IF(W6="",0,IF(W6<=0.02,0,(W6/100)/($AP$3/100)/炼钢参数表!S6*1000)) -> 0 | AQ6: =IF(X6="",0,IF(X6<=0.0002,0,(X6/100)/($AQ$3/100)/炼钢参数表!T6*1000)) -> 0 | AR6: =IF(Y6="",0,IF(Y6<=0.02,0,(Y6/100)/($AR$3/100)/炼钢参数表!U6*1000)) -> 0 | AS6: =IF(L6<=0.04,0,((L6-0.04)/100)/($AS$3/100)/炼钢参数表!V6*1000) -> 0 | AT6: =IF(M6<=0.03,0,((M6-0.03)/100)/($AT$3/100)/炼钢参数表!W6*1000) -> 0 | AV6: =SUM(AB6:AU6) -> 7.187144 | AW6: {=SUMPRODUCT($AB$4:$AU$4,AB6:AU6)/1000} -> 64.688742 | AY6: =F6 -> Q195-2 | AZ6: =VLOOKUP(AY6,炼钢参数表!$F$5:$J$1027,4,0) -> 0.041666667 | BA6: =I6-AZ6 -> 0.028333333 | BB6: =AB6*$BB$4*炼钢参数表!$X$5/1000 -> 0 | BC6: =AC6*$BC$4*炼钢参数表!$X$5/1000 -> 0.017871601 | BD6: =AD6*$BD$4*炼钢参数表!$X$5/1000 -> 0 | BE6: =AE6*$BE$4*炼钢参数表!$X$5/1000 -> 0 | BF6: =AL6*$BF$4*炼钢参数表!$X$5/1000 -> 0 | BG6: =AM6*$BG$4*炼钢参数表!$X$5/1000 -> 0 | BH6: =SUM(BB6:BG6) -> 0.017871601 | BI6: =AZ6+BH6 -> 0.059538268 | BJ6: =BI6-I6 -> -0.010461732
A7: 3 | B7: Q235B | C7: 01 | D7: 1.45 | E7: 12 | F7: Q235B-1 | G7: A 碳素钢-碳素结构钢-A01 Q235B | H7: 1519 | I7: 0.16 | J7: 0.08 | K7: 0.23 | L7: 0.025 | M7: 0.02 | Q7: 0.01 | AB7: =IF(J7<=0.04,0,IF((BA7-AL7*BF$4*炼钢参数表!$X$5/1000-AM7*BG$4*炼钢参数表!$X$5/1000)<=0.03,0,IF((J7/100/0.1769/炼钢参数表!K7*1000)>(K7-炼钢参数表!J7)/100/0.6566/炼钢参数表!L7*1000,IF(K7<1.6,(K7-炼钢参数表!J7)/100/0.6566/炼钢参数表!L7*1000,(K7-0.08-炼钢参数表!J7)/100/0.6566/炼钢参数表!L7*1000),IF(K7<1.6,J7/100/0.1769/炼钢参数表!K7*1000,(J7-0.08)/100/0.1769/炼钢参数表!K7*1000)))) -> 1.6738627 | AC7: =IF((BA7-AB7*$BB$4*0.9/1000-AL7*BF$4*炼钢参数表!$X$5/1000-AM7*BG$4*炼钢参数表!$X$5/1000)<(K7-炼钢参数表!J7-AB7*0.6566*炼钢参数表!L7/10)*0.082,0,(K7-炼钢参数表!J7-AB7*0.6566*炼钢参数表!L7/10)/100/($AC$3/100)/炼钢参数表!L7*1000) -> 0 | AD7: =IF((BA7-AB7*$BB$4*0.9/1000-AC7*$BC$4*0.9/1000-AL7*BF$4*炼钢参数表!$X$5/1000-AM7*BG$4*炼钢参数表!$X$5/1000)<=(K7-炼钢参数表!J7-AB7*0.6566*炼钢参数表!L7/10-AC7*($AC$3/100)*炼钢参数表!L7/10)*0.02,0,((K7-炼钢参数表!J7-AB7*0.6566*炼钢参数表!L7/10-AC7*($AC$3/100)*炼钢参数表!L7/10)/100/($AD$3/100)/炼钢参数表!L7*1000)) -> 0 | AE7: =(K7-炼钢参数表!J7-AB7*0.6566*炼钢参数表!L7/10-AC7*($AC$3/100)*炼钢参数表!L7/10-AD7*($AD$3/100)*炼钢参数表!L7/10)/100/($AE$3/100)/炼钢参数表!L7*1000 -> 0 | AF7: 0 | AG7: =IF(J7<=0.04,0,((J7-(AB7*0.1769*炼钢参数表!K7/1000*100))/100/炼钢参数表!K7/($AG$3/100)*1000)) -> 1.0668148 | AH7: 1.2022258 | AI7: =IF(N7="",0,IF(N7<=0.002,0,((N7)/100)/($AI$3/100)/炼钢参数表!M7*1000)) -> 0 | AJ7: =IF(O7="",0,IF(O7<=0.002,0,((O7)/100)/($AJ$3/100)/炼钢参数表!N7*1000)) -> 0 | AK7: =IF(P7="",0,IF(P7<=0.002,0,((P7+0.005)/100)/($AK$3/100)/炼钢参数表!O7*1000)) -> 0 | AL7: =IF((BA7-J7*0.00003-K7*0.00024)<=0.05,0,IF(T7="",0,IF(T7<=0.03,0,IF(((BA7-J7*0.00003-K7*0.00024)-0.05)/0.18/100/($AL$3/100)/炼钢参数表!P7*1000<=T7/100/($AL$3/100)/炼钢参数表!P7*1000,((BA7-J7*0.00003-K7*0.00024)-0.05)/0.18/100/($AL$3/100)/炼钢参数表!P7*1000,T7/100/($AL$3/100)/炼钢参数表!P7*1000)))) -> 0 | AM7: =IF(T7="",0,IF(T7<=0.03,0,((T7-AL7*($AL$3/100)*炼钢参数表!P7/10)/100/($AM$3/100)/炼钢参数表!P7*1000))) -> 0 | AN7: =IF(U7="",0,IF(U7<=0.02,0,(U7/100)/($AN$3/100)/炼钢参数表!Q7*1000)) -> 0 | AO7: =IF(V7="",0,IF(V7<=0.02,0,(V7/100)/($AO$3/100)/炼钢参数表!R7*1000)) -> 0 | AP7: =IF(W7="",0,IF(W7<=0.02,0,(W7/100)/($AP$3/100)/炼钢参数表!S7*1000)) -> 0 | AQ7: =IF(X7="",0,IF(X7<=0.0002,0,(X7/100)/($AQ$3/100)/炼钢参数表!T7*1000)) -> 0 | AR7: =IF(Y7="",0,IF(Y7<=0.02,0,(Y7/100)/($AR$3/100)/炼钢参数表!U7*1000)) -> 0 | AS7: =IF(L7<=0.04,0,((L7-0.04)/100)/($AS$3/100)/炼钢参数表!V7*1000) -> 0 | AT7: =IF(M7<=0.03,0,((M7-0.03)/100)/($AT$3/100)/炼钢参数表!W7*1000) -> 0 | AV7: =SUM(AB7:AU7) -> 3.9429033 | AW7: {=SUMPRODUCT($AB$4:$AU$4,AB7:AU7)/1000} -> 41.466986 | AY7: =F7 -> Q235B-1 | AZ7: =VLOOKUP(AY7,炼钢参数表!$F$5:$J$1027,4,0) -> 0.07293667 | BA7: =I7-AZ7 -> 0.08706333 | BB7: =AB7*$BB$4*炼钢参数表!$X$5/1000 -> 0.0025911394 | BC7: =AC7*$BC$4*炼钢参数表!$X$5/1000 -> 0 | BD7: =AD7*$BD$4*炼钢参数表!$X$5/1000 -> 0 | BE7: =AE7*$BE$4*炼钢参数表!$X$5/1000 -> 0 | BF7: =AL7*$BF$4*炼钢参数表!$X$5/1000 -> 0 | BG7: =AM7*$BG$4*炼钢参数表!$X$5/1000 -> 0 | BH7: =SUM(BB7:BG7) -> 0.0025911394 | BI7: =AZ7+BH7 -> 0.075527809 | BJ7: =BI7-I7 -> -0.084472191
A8: 4 | B8: Q235B | C8: 02 | D8: 12.01 | E8: 28 | F8: Q235B-2 | G8: A 碳素钢-碳素结构钢-A01 Q235B | H8: 1519 | I8: 0.16 | J8: 0.08 | K8: 0.38 | L8: 0.025 | M8: 0.02 | Q8: 0.01 | AB8: =IF(J8<=0.04,0,IF((BA8-AL8*BF$4*炼钢参数表!$X$5/1000-AM8*BG$4*炼钢参数表!$X$5/1000)<=0.03,0,IF((J8/100/0.1769/炼钢参数表!K8*1000)>(K8-炼钢参数表!J8)/100/0.6566/炼钢参数表!L8*1000,IF(K8<1.6,(K8-炼钢参数表!J8)/100/0.6566/炼钢参数表!L8*1000,(K8-0.08-炼钢参数表!J8)/100/0.6566/炼钢参数表!L8*1000),IF(K8<1.6,J8/100/0.1769/炼钢参数表!K8*1000,(J8-0.08)/100/0.1769/炼钢参数表!K8*1000)))) -> 3.9995097 | AC8: =IF((BA8-AB8*$BB$4*0.9/1000-AL8*BF$4*炼钢参数表!$X$5/1000-AM8*BG$4*炼钢参数表!$X$5/1000)<(K8-炼钢参数表!J8-AB8*0.6566*炼钢参数表!L8/10)*0.082,0,(K8-炼钢参数表!J8-AB8*0.6566*炼钢参数表!L8/10)/100/($AC$3/100)/炼钢参数表!L8*1000) -> 0 | AD8: =IF((BA8-AB8*$BB$4*0.9/1000-AC8*$BC$4*0.9/1000-AL8*BF$4*炼钢参数表!$X$5/1000-AM8*BG$4*炼钢参数表!$X$5/1000)<=(K8-炼钢参数表!J8-AB8*0.6566*炼钢参数表!L8/10-AC8*($AC$3/100)*炼钢参数表!L8/10)*0.02,0,((K8-炼钢参数表!J8-AB8*0.6566*炼钢参数表!L8/10-AC8*($AC$3/100)*炼钢参数表!L8/10)/100/($AD$3/100)/炼钢参数表!L8*1000)) -> 0 | AE8: =(K8-炼钢参数表!J8-AB8*0.6566*炼钢参数表!L8/10-AC8*($AC$3/100)*炼钢参数表!L8/10-AD8*($AD$3/100)*炼钢参数表!L8/10)/100/($AE$3/100)/炼钢参数表!L8*1000 -> 0 | AF8: 0 | AG8: =IF(J8<=0.04,0,((J8-(AB8*0.1769*炼钢参数表!K8/1000*100))/100/炼钢参数表!K8/($AG$3/100)*1000)) -> 0.49723578 | AH8: 1.2 | AI8: =IF(N8="",0,IF(N8<=0.002,0,((N8)/100)/($AI$3/100)/炼钢参数表!M8*1000)) -> 0 | AJ8: =IF(O8="",0,IF(O8<=0.002,0,((O8)/100)/($AJ$3/100)/炼钢参数表!N8*1000)) -> 0 | AK8: =IF(P8="",0,IF(P8<=0.002,0,((P8+0.005)/100)/($AK$3/100)/炼钢参数表!O8*1000)) -> 0 | AL8: =IF((BA8-J8*0.00003-K8*0.00024)<=0.05,0,IF(T8="",0,IF(T8<=0.03,0,IF(((BA8-J8*0.00003-K8*0.00024)-0.05)/0.18/100/($AL$3/100)/炼钢参数表!P8*1000<=T8/100/($AL$3/100)/炼钢参数表!P8*1000,((BA8-J8*0.00003-K8*0.00024)-0.05)/0.18/100/($AL$3/100)/炼钢参数表!P8*1000,T8/100/($AL$3/100)/炼钢参数表!P8*1000)))) -> 0 | AM8: =IF(T8="",0,IF(T8<=0.03,0,((T8-AL8*($AL$3/100)*炼钢参数表!P8/10)/100/($AM$3/100)/炼钢参数表!P8*1000))) -> 0 | AN8: =IF(U8="",0,IF(U8<=0.02,0,(U8/100)/($AN$3/100)/炼钢参数表!Q8*1000)) -> 0 | AO8: =IF(V8="",0,IF(V8<=0.02,0,(V8/100)/($AO$3/100)/炼钢参数表!R8*1000)) -> 0 | AP8: =IF(W8="",0,IF(W8<=0.02,0,(W8/100)/($AP$3/100)/炼钢参数表!S8*1000)) -> 0 | AQ8: =IF(X8="",0,IF(X8<=0.0002,0,(X8/100)/($AQ$3/100)/炼钢参数表!T8*1000)) -> 0 | AR8: =IF(Y8="",0,IF(Y8<=0.02,0,(Y8/100)/($AR$3/100)/炼钢参数表!U8*1000)) -> 0 | AS8: =IF(L8<=0.04,0,((L8-0.04)/100)/($AS$3/100)/炼钢参数表!V8*1000) -> 0 | AT8: =IF(M8<=0.03,0,((M8-0.03)/100)/($AT$3/100)/炼钢参数表!W8*1000) -> 0 | AV8: =SUM(AB8:AU8) -> 5.6967454 | AW8: {=SUMPRODUCT($AB$4:$AU$4,AB8:AU8)/1000} -> 51.079642 | AY8: =F8 -> Q235B-2 | AZ8: =VLOOKUP(AY8,炼钢参数表!$F$5:$J$1027,4,0) -> 0.074405858 | BA8: =I8-AZ8 -> 0.085594142 | BB8: =AB8*$BB$4*炼钢参数表!$X$5/1000 -> 0.006191241 | BC8: =AC8*$BC$4*炼钢参数表!$X$5/1000 -> 0 | BD8: =AD8*$BD$4*炼钢参数表!$X$5/1000 -> 0 | BE8: =AE8*$BE$4*炼钢参数表!$X$5/1000 -> 0 | BF8: =AL8*$BF$4*炼钢参数表!$X$5/1000 -> 0 | BG8: =AM8*$BG$4*炼钢参数表!$X$5/1000 -> 0 | BH8: =SUM(BB8:BG8) -> 0.006191241 | BI8: =AZ8+BH8 -> 0.080597099 | BJ8: =BI8-I8 -> -0.079402901
A9: 5 | B9: Q235C | C9: 01 | D9: 1.6 | E9: 12 | F9: Q235C-1 | G9: A 碳素钢-碳素结构钢-A02 Q235C | H9: 1519 | I9: 0.15 | J9: 0.1 | K9: 0.35 | L9: 0.015 | M9: 0.01 | Q9: 0.025 | AB9: =IF(J9<=0.04,0,IF((BA9-AL9*BF$4*炼钢参数表!$X$5/1000-AM9*BG$4*炼钢参数表!$X$5/1000)<=0.03,0,IF((J9/100/0.1769/炼钢参数表!K9*1000)>(K9-炼钢参数表!J9)/100/0.6566/炼钢参数表!L9*1000,IF(K9<1.6,(K9-炼钢参数表!J9)/100/0.6566/炼钢参数表!L9*1000,(K9-0.08-炼钢参数表!J9)/100/0.6566/炼钢参数表!L9*1000),IF(K9<1.6,J9/100/0.1769/炼钢参数表!K9*1000,(J9-0.08)/100/0.1769/炼钢参数表!K9*1000)))) -> 3.5884765 | AC9: =IF((BA9-AB9*$BB$4*0.9/1000-AL9*BF$4*炼钢参数表!$X$5/1000-AM9*BG$4*炼钢参数表!$X$5/1000)<(K9-炼钢参数表!J9-AB9*0.6566*炼钢参数表!L9/10)*0.082,0,(K9-炼钢参数表!J9-AB9*0.6566*炼钢参数表!L9/10)/100/($AC$3/100)/炼钢参数表!L9*1000) -> 0 | AD9: =IF((BA9-AB9*$BB$4*0.9/1000-AC9*$BC$4*0.9/1000-AL9*BF$4*炼钢参数表!$X$5/1000-AM9*BG$4*炼钢参数表!$X$5/1000)<=(K9-炼钢参数表!J9-AB9*0.6566*炼钢参数表!L9/10-AC9*($AC$3/100)*炼钢参数表!L9/10)*0.02,0,((K9-炼钢参数表!J9-AB9*0.6566*炼钢参数表!L9/10-AC9*($AC$3/100)*炼钢参数表!L9/10)/100/($AD$3/100)/炼钢参数表!L9*1000)) -> 0 | AE9: =(K9-炼钢参数表!J9-AB9*0.6566*炼钢参数表!L9/10-AC9*($AC$3/100)*炼钢参数表!L9/10-AD9*($AD$3/100)*炼钢参数表!L9/10)/100/($AE$3/100)/炼钢参数表!L9*1000 -> 0 | AF9: 0 | AG9: =IF(J9<=0.04,0,((J9-(AB9*0.1769*炼钢参数表!K9/1000*100))/100/炼钢参数表!K9/($AG$3/100)*1000)) -> 0.8517216 | AH9: 1.33 | AI9: =IF(N9="",0,IF(N9<=0.002,0,((N9)/100)/($AI$3/100)/炼钢参数表!M9*1000)) -> 0 | AJ9: =IF(O9="",0,IF(O9<=0.002,0,((O9)/100)/($AJ$3/100)/炼钢参数表!N9*1000)) -> 0 | AK9: =IF(P9="",0,IF(P9<=0.002,0,((P9+0.005)/100)/($AK$3/100)/炼钢参数表!O9*1000)) -> 0 | AL9: =IF((BA9-J9*0.00003-K9*0.00024)<=0.05,0,IF(T9="",0,IF(T9<=0.03,0,IF(((BA9-J9*0.00003-K9*0.00024)-0.05)/0.18/100/($AL$3/100)/炼钢参数表!P9*1000<=T9/100/($AL$3/100)/炼钢参数表!P9*1000,((BA9-J9*0.00003-K9*0.00024)-0.05)/0.18/100/($AL$3/100)/炼钢参数表!P9*1000,T9/100/($AL$3/100)/炼钢参数表!P9*1000)))) -> 0 | AM9: =IF(T9="",0,IF(T9<=0.03,0,((T9-AL9*($AL$3/100)*炼钢参数表!P9/10)/100/($AM$3/100)/炼钢参数表!P9*1000))) -> 0 | AN9: =IF(U9="",0,IF(U9<=0.02,0,(U9/100)/($AN$3/100)/炼钢参数表!Q9*1000)) -> 0 | AO9: =IF(V9="",0,IF(V9<=0.02,0,(V9/100)/($AO$3/100)/炼钢参数表!R9*1000)) -> 0 | AP9: =IF(W9="",0,IF(W9<=0.02,0,(W9/100)/($AP$3/100)/炼钢参数表!S9*1000)) -> 0 | AQ9: =IF(X9="",0,IF(X9<=0.0002,0,(X9/100)/($AQ$3/100)/炼钢参数表!T9*1000)) -> 0 | AR9: =IF(Y9="",0,IF(Y9<=0.02,0,(Y9/100)/($AR$3/100)/炼钢参数表!U9*1000)) -> 0 | AS9: =IF(L9<=0.04,0,((L9-0.04)/100)/($AS$3/100)/炼钢参数表!V9*1000) -> 0 | AT9: =IF(M9<=0.03,0,((M9-0.03)/100)/($AT$3/100)/炼钢参数表!W9*1000) -> 0 | AV9: =SUM(AB9:AU9) -> 5.7701981 | AW9: {=SUMPRODUCT($AB$4:$AU$4,AB9:AU9)/1000} -> 53.592017 | AY9: =F9 -> Q235C-1 | AZ9: =VLOOKUP(AY9,炼钢参数表!$F$5:$J$1027,4,0) -> 0.068953488 | BA9: =I9-AZ9 -> 0.081046512 | BB9: =AB9*$BB$4*炼钢参数表!$X$5/1000 -> 0.0055549616 | BC9: =AC9*$BC$4*炼钢参数表!$X$5/1000 -> 0 | BD9: =AD9*$BD$4*炼钢参数表!$X$5/1000 -> 0 | BE9: =AE9*$BE$4*炼钢参数表!$X$5/1000 -> 0 | BF9: =AL9*$BF$4*炼钢参数表!$X$5/1000 -> 0 | BG9: =AM9*$BG$4*炼钢参数表!$X$5/1000 -> 0 | BH9: =SUM(BB9:BG9) -> 0.0055549616 | BI9: =AZ9+BH9 -> 0.07450845 | BJ9: =BI9-I9 -> -0.07549155
A10: 6 | B10: Q235C | C10: 02 | D10: 12.01 | E10: 25.4 | F10: Q235C-2 | G10: A 碳素钢-碳素结构钢-A02 Q235C | H10: 1519 | I10: 0.15 | J10: 0.1 | K10: 0.5 | L10: 0.015 | M10: 0.01 | Q10: 0.025 | AB10: =IF(J10<=0.04,0,IF((BA10-AL10*BF$4*炼钢参数表!$X$5/1000-AM10*BG$4*炼钢参数表!$X$5/1000)<=0.03,0,IF((J10/100/0.1769/炼钢参数表!K10*1000)>(K10-炼钢参数表!J10)/100/0.6566/炼钢参数表!L10*1000,IF(K10<1.6,(K10-炼钢参数表!J10)/100/0.6566/炼钢参数表!L10*1000,(K10-0.08-炼钢参数表!J10)/100/0.6566/炼钢参数表!L10*1000),IF(K10<1.6,J10/100/0.1769/炼钢参数表!K10*1000,(J10-0.08)/100/0.1769/炼钢参数表!K10*1000)))) -> 5.7671866 | AC10: =IF((BA10-AB10*$BB$4*0.9/1000-AL10*BF$4*炼钢参数表!$X$5/1000-AM10*BG$4*炼钢参数表!$X$5/1000)<(K10-炼钢参数表!J10-AB10*0.6566*炼钢参数表!L10/10)*0.082,0,(K10-炼钢参数表!J10-AB10*0.6566*炼钢参数表!L10/10)/100/($AC$3/100)/炼钢参数表!L10*1000) -> 0 | AD10: =IF((BA10-AB10*$BB$4*0.9/1000-AC10*$BC$4*0.9/1000-AL10*BF$4*炼钢参数表!$X$5/1000-AM10*BG$4*炼钢参数表!$X$5/1000)<=(K10-炼钢参数表!J10-AB10*0.6566*炼钢参数表!L10/10-AC10*($AC$3/100)*炼钢参数表!L10/10)*0.02,0,((K10-炼钢参数表!J10-AB10*0.6566*炼钢参数表!L10/10-AC10*($AC$3/100)*炼钢参数表!L10/10)/100/($AD$3/100)/炼钢参数表!L10*1000)) -> 0 | AE10: =(K10-炼钢参数表!J10-AB10*0.6566*炼钢参数表!L10/10-AC10*($AC$3/100)*炼钢参数表!L10/10-AD10*($AD$3/100)*炼钢参数表!L10/10)/100/($AE$3/100)/炼钢参数表!L10*1000 -> 0 | AF10: 0 | AG10: =IF(J10<=0.04,0,((J10-(AB10*0.1769*炼钢参数表!K10/1000*100))/100/炼钢参数表!K10/($AG$3/100)*1000)) -> 0.31812917 | AH10: 1.33 | AI10: =IF(N10="",0,IF(N10<=0.002,0,((N10)/100)/($AI$3/100)/炼钢参数表!M10*1000)) -> 0 | AJ10: =IF(O10="",0,IF(O10<=0.002,0,((O10)/100)/($AJ$3/100)/炼钢参数表!N10*1000)) -> 0 | AK10: =IF(P10="",0,IF(P10<=0.002,0,((P10+0.005)/100)/($AK$3/100)/炼钢参数表!O10*1000)) -> 0 | AL10: =IF((BA10-J10*0.00003-K10*0.00024)<=0.05,0,IF(T10="",0,IF(T10<=0.03,0,IF(((BA10-J10*0.00003-K10*0.00024)-0.05)/0.18/100/($AL$3/100)/炼钢参数表!P10*1000<=T10/100/($AL$3/100)/炼钢参数表!P10*1000,((BA10-J10*0.00003-K10*0.00024)-0.05)/0.18/100/($AL$3/100)/炼钢参数表!P10*1000,T10/100/($AL$3/100)/炼钢参数表!P10*1000)))) -> 0 | AM10: =IF(T10="",0,IF(T10<=0.03,0,((T10-AL10*($AL$3/100)*炼钢参数表!P10/10)/100/($AM$3/100)/炼钢参数表!P10*1000))) -> 0 | AN10: =IF(U10="",0,IF(U10<=0.02,0,(U10/100)/($AN$3/100)/炼钢参数表!Q10*1000)) -> 0 | AO10: =IF(V10="",0,IF(V10<=0.02,0,(V10/100)/($AO$3/100)/炼钢参数表!R10*1000)) -> 0 | AP10: =IF(W10="",0,IF(W10<=0.02,0,(W10/100)/($AP$3/100)/炼钢参数表!S10*1000)) -> 0 | AQ10: =IF(X10="",0,IF(X10<=0.0002,0,(X10/100)/($AQ$3/100)/炼钢参数表!T10*1000)) -> 0 | AR10: =IF(Y10="",0,IF(Y10<=0.02,0,(Y10/100)/($AR$3/100)/炼钢参数表!U10*1000)) -> 0 | AS10: =IF(L10<=0.04,0,((L10-0.04)/100)/($AS$3/100)/炼钢参数表!V10*1000) -> 0 | AT10: =IF(M10<=0.03,0,((M10-0.03)/100)/($AT$3/100)/炼钢参数表!W10*1000) -> 0 | AV10: =SUM(AB10:AU10) -> 7.4153157 | AW10: {=SUMPRODUCT($AB$4:$AU$4,AB10:AU10)/1000} -> 62.643912 | AY10: =F10 -> Q235C-2 | AZ10: =VLOOKUP(AY10,炼钢参数表!$F$5:$J$1027,4,0) -> 0.0625 | BA10: =I10-AZ10 -> 0.0875 | BB10: =AB10*$BB$4*炼钢参数表!$X$5/1000 -> 0.0089276048 | BC10: =AC10*$BC$4*炼钢参数表!$X$5/1000 -> 0 | BD10: =AD10*$BD$4*炼钢参数表!$X$5/1000 -> 0 | BE10: =AE10*$BE$4*炼钢参数表!$X$5/1000 -> 0 | BF10: =AL10*$BF$4*炼钢参数表!$X$5/1000 -> 0 | BG10: =AM10*$BG$4*炼钢参数表!$X$5/1000 -> 0 | BH10: =SUM(BB10:BG10) -> 0.0089276048 | BI10: =AZ10+BH10 -> 0.071427605 | BJ10: =BI10-I10 -> -0.078572395
A11: 7 | B11: Q235B-WJ | C11: 01 | D11: 1.45 | E11: 12 | F11: Q235B-1 | G11: A 碳素钢-碳素结构钢-A01 Q235B | H11: 1519 | I11: 0.16 | J11: 0.08 | K11: 0.23 | L11: 0.025 | M11: 0.02 | Q11: 0.01 | AB11: =IF(J11<=0.04,0,IF((BA11-AL11*BF$4*炼钢参数表!$X$5/1000-AM11*BG$4*炼钢参数表!$X$5/1000)<=0.03,0,IF((J11/100/0.1769/炼钢参数表!K11*1000)>(K11-炼钢参数表!J11)/100/0.6566/炼钢参数表!L11*1000,IF(K11<1.6,(K11-炼钢参数表!J11)/100/0.6566/炼钢参数表!L11*1000,(K11-0.08-炼钢参数表!J11)/100/0.6566/炼钢参数表!L11*1000),IF(K11<1.6,J11/100/0.1769/炼钢参数表!K11*1000,(J11-0.08)/100/0.1769/炼钢参数表!K11*1000)))) -> 1.6738627 | AC11: =IF((BA11-AB11*$BB$4*0.9/1000-AL11*BF$4*炼钢参数表!$X$5/1000-AM11*BG$4*炼钢参数表!$X$5/1000)<(K11-炼钢参数表!J11-AB11*0.6566*炼钢参数表!L11/10)*0.082,0,(K11-炼钢参数表!J11-AB11*0.6566*炼钢参数表!L11/10)/100/($AC$3/100)/炼钢参数表!L11*1000) -> 0 | AD11: =IF((BA11-AB11*$BB$4*0.9/1000-AC11*$BC$4*0.9/1000-AL11*BF$4*炼钢参数表!$X$5/1000-AM11*BG$4*炼钢参数表!$X$5/1000)<=(K11-炼钢参数表!J11-AB11*0.6566*炼钢参数表!L11/10-AC11*($AC$3/100)*炼钢参数表!L11/10)*0.02,0,((K11-炼钢参数表!J11-AB11*0.6566*炼钢参数表!L11/10-AC11*($AC$3/100)*炼钢参数表!L11/10)/100/($AD$3/100)/炼钢参数表!L11*1000)) -> 0 | AE11: =(K11-炼钢参数表!J11-AB11*0.6566*炼钢参数表!L11/10-AC11*($AC$3/100)*炼钢参数表!L11/10-AD11*($AD$3/100)*炼钢参数表!L11/10)/100/($AE$3/100)/炼钢参数表!L11*1000 -> 0 | AF11: 0 | AG11: =IF(J11<=0.04,0,((J11-(AB11*0.1769*炼钢参数表!K11/1000*100))/100/炼钢参数表!K11/($AG$3/100)*1000)) -> 1.0668148 | AH11: 1.2022258 | AI11: =IF(N11="",0,IF(N11<=0.002,0,((N11)/100)/($AI$3/100)/炼钢参数表!M11*1000)) -> 0 | AJ11: =IF(O11="",0,IF(O11<=0.002,0,((O11)/100)/($AJ$3/100)/炼钢参数表!N11*1000)) -> 0 | AK11: =IF(P11="",0,IF(P11<=0.002,0,((P11+0.005)/100)/($AK$3/100)/炼钢参数表!O11*1000)) -> 0 | AL11: =IF((BA11-J11*0.00003-K11*0.00024)<=0.05,0,IF(T11="",0,IF(T11<=0.03,0,IF(((BA11-J11*0.00003-K11*0.00024)-0.05)/0.18/100/($AL$3/100)/炼钢参数表!P11*1000<=T11/100/($AL$3/100)/炼钢参数表!P11*1000,((BA11-J11*0.00003-K11*0.00024)-0.05)/0.18/100/($AL$3/100)/炼钢参数表!P11*1000,T11/100/($AL$3/100)/炼钢参数表!P11*1000)))) -> 0 | AM11: =IF(T11="",0,IF(T11<=0.03,0,((T11-AL11*($AL$3/100)*炼钢参数表!P11/10)/100/($AM$3/100)/炼钢参数表!P11*1000))) -> 0 | AN11: =IF(U11="",0,IF(U11<=0.02,0,(U11/100)/($AN$3/100)/炼钢参数表!Q11*1000)) -> 0 | AO11: =IF(V11="",0,IF(V11<=0.02,0,(V11/100)/($AO$3/100)/炼钢参数表!R11*1000)) -> 0 | AP11: =IF(W11="",0,IF(W11<=0.02,0,(W11/100)/($AP$3/100)/炼钢参数表!S11*1000)) -> 0 | AQ11: =IF(X11="",0,IF(X11<=0.0002,0,(X11/100)/($AQ$3/100)/炼钢参数表!T11*1000)) -> 0 | AR11: =IF(Y11="",0,IF(Y11<=0.02,0,(Y11/100)/($AR$3/100)/炼钢参数表!U11*1000)) -> 0 | AS11: =IF(L11<=0.04,0,((L11-0.04)/100)/($AS$3/100)/炼钢参数表!V11*1000) -> 0 | AT11: =IF(M11<=0.03,0,((M11-0.03)/100)/($AT$3/100)/炼钢参数表!W11*1000) -> 0 | AV11: =SUM(AB11:AU11) -> 3.9429033 | AW11: {=SUMPRODUCT($AB$4:$AU$4,AB11:AU11)/1000} -> 41.466986 | AY11: =F11 -> Q235B-1 | AZ11: =VLOOKUP(AY11,炼钢参数表!$F$5:$J$1027,4,0) -> 0.07293667 | BA11: =I11-AZ11 -> 0.08706333 | BB11: =AB11*$BB$4*炼钢参数表!$X$5/1000 -> 0.0025911394 | BC11: =AC11*$BC$4*炼钢参数表!$X$5/1000 -> 0 | BD11: =AD11*$BD$4*炼钢参数表!$X$5/1000 -> 0 | BE11: =AE11*$BE$4*炼钢参数表!$X$5/1000 -> 0 | BF11: =AL11*$BF$4*炼钢参数表!$X$5/1000 -> 0 | BG11: =AM11*$BG$4*炼钢参数表!$X$5/1000 -> 0 | BH11: =SUM(BB11:BG11) -> 0.0025911394 | BI11: =AZ11+BH11 -> 0.075527809 | BJ11: =BI11-I11 -> -0.084472191
A12: 8 | B12: Q235B-WJ | C12: 02 | D12: 12.01 | E12: 28 | F12: Q235B-2 | G12: A 碳素钢-碳素结构钢-A01 Q235B | H12: 1519 | I12: 0.16 | J12: 0.08 | K12: 0.38 | L12: 0.025 | M12: 0.02 | Q12: 0.01 | AB12: =IF(J12<=0.04,0,IF((BA12-AL12*BF$4*炼钢参数表!$X$5/1000-AM12*BG$4*炼钢参数表!$X$5/1000)<=0.03,0,IF((J12/100/0.1769/炼钢参数表!K12*1000)>(K12-炼钢参数表!J12)/100/0.6566/炼钢参数表!L12*1000,IF(K12<1.6,(K12-炼钢参数表!J12)/100/0.6566/炼钢参数表!L12*1000,(K12-0.08-炼钢参数表!J12)/100/0.6566/炼钢参数表!L12*1000),IF(K12<1.6,J12/100/0.1769/炼钢参数表!K12*1000,(J12-0.08)/100/0.1769/炼钢参数表!K12*1000)))) -> 3.9995097 | AC12: =IF((BA12-AB12*$BB$4*0.9/1000-AL12*BF$4*炼钢参数表!$X$5/1000-AM12*BG$4*炼钢参数表!$X$5/1000)<(K12-炼钢参数表!J12-AB12*0.6566*炼钢参数表!L12/10)*0.082,0,(K12-炼钢参数表!J12-AB12*0.6566*炼钢参数表!L12/10)/100/($AC$3/100)/炼钢参数表!L12*1000) -> 0 | AD12: =IF((BA12-AB12*$BB$4*0.9/1000-AC12*$BC$4*0.9/1000-AL12*BF$4*炼钢参数表!$X$5/1000-AM12*BG$4*炼钢参数表!$X$5/1000)<=(K12-炼钢参数表!J12-AB12*0.6566*炼钢参数表!L12/10-AC12*($AC$3/100)*炼钢参数表!L12/10)*0.02,0,((K12-炼钢参数表!J12-AB12*0.6566*炼钢参数表!L12/10-AC12*($AC$3/100)*炼钢参数表!L12/10)/100/($AD$3/100)/炼钢参数表!L12*1000)) -> 0 | AE12: =(K12-炼钢参数表!J12-AB12*0.6566*炼钢参数表!L12/10-AC12*($AC$3/100)*炼钢参数表!L12/10-AD12*($AD$3/100)*炼钢参数表!L12/10)/100/($AE$3/100)/炼钢参数表!L12*1000 -> 0 | AF12: 0 | AG12: =IF(J12<=0.04,0,((J12-(AB12*0.1769*炼钢参数表!K12/1000*100))/100/炼钢参数表!K12/($AG$3/100)*1000)) -> 0.49723578 | AH12: 1.2 | AI12: =IF(N12="",0,IF(N12<=0.002,0,((N12)/100)/($AI$3/100)/炼钢参数表!M12*1000)) -> 0 | AJ12: =IF(O12="",0,IF(O12<=0.002,0,((O12)/100)/($AJ$3/100)/炼钢参数表!N12*1000)) -> 0 | AK12: =IF(P12="",0,IF(P12<=0.002,0,((P12+0.005)/100)/($AK$3/100)/炼钢参数表!O12*1000)) -> 0 | AL12: =IF((BA12-J12*0.00003-K12*0.00024)<=0.05,0,IF(T12="",0,IF(T12<=0.03,0,IF(((BA12-J12*0.00003-K12*0.00024)-0.05)/0.18/100/($AL$3/100)/炼钢参数表!P12*1000<=T12/100/($AL$3/100)/炼钢参数表!P12*1000,((BA12-J12*0.00003-K12*0.00024)-0.05)/0.18/100/($AL$3/100)/炼钢参数表!P12*1000,T12/100/($AL$3/100)/炼钢参数表!P12*1000)))) -> 0 | AM12: =IF(T12="",0,IF(T12<=0.03,0,((T12-AL12*($AL$3/100)*炼钢参数表!P12/10)/100/($AM$3/100)/炼钢参数表!P12*1000))) -> 0 | AN12: =IF(U12="",0,IF(U12<=0.02,0,(U12/100)/($AN$3/100)/炼钢参数表!Q12*1000)) -> 0 | AO12: =IF(V12="",0,IF(V12<=0.02,0,(V12/100)/($AO$3/100)/炼钢参数表!R12*1000)) -> 0 | AP12: =IF(W12="",0,IF(W12<=0.02,0,(W12/100)/($AP$3/100)/炼钢参数表!S12*1000)) -> 0 | AQ12: =IF(X12="",0,IF(X12<=0.0002,0,(X12/100)/($AQ$3/100)/炼钢参数表!T12*1000)) -> 0 | AR12: =IF(Y12="",0,IF(Y12<=0.02,0,(Y12/100)/($AR$3/100)/炼钢参数表!U12*1000)) -> 0 | AS12: =IF(L12<=0.04,0,((L12-0.04)/100)/($AS$3/100)/炼钢参数表!V12*1000) -> 0 | AT12: =IF(M12<=0.03,0,((M12-0.03)/100)/($AT$3/100)/炼钢参数表!W12*1000) -> 0 | AV12: =SUM(AB12:AU12) -> 5.6967454 | AW12: {=SUMPRODUCT($AB$4:$AU$4,AB12:AU12)/1000} -> 51.079642 | AY12: =F12 -> Q235B-2 | AZ12: =VLOOKUP(AY12,炼钢参数表!$F$5:$J$1027,4,0) -> 0.074405858 | BA12: =I12-AZ12 -> 0.085594142 | BB12: =AB12*$BB$4*炼钢参数表!$X$5/1000 -> 0.006191241 | BC12: =AC12*$BC$4*炼钢参数表!$X$5/1000 -> 0 | BD12: =AD12*$BD$4*炼钢参数表!$X$5/1000 -> 0 | BE12: =AE12*$BE$4*炼钢参数表!$X$5/1000 -> 0 | BF12: =AL12*$BF$4*炼钢参数表!$X$5/1000 -> 0 | BG12: =AM12*$BG$4*炼钢参数表!$X$5/1000 -> 0 | BH12: =SUM(BB12:BG12) -> 0.006191241 | BI12: =AZ12+BH12 -> 0.080597099 | BJ12: =BI12-I12 -> -0.079402901
A13: 9 | B13: Q235B-LX | C13: 01 | D13: 1.45 | E13: 12 | F13: Q235B-1 | G13: A 碳素钢-碳素结构钢-A01 Q235B | H13: 1519 | I13: 0.16 | J13: 0.08 | K13: 0.23 | L13: 0.025 | M13: 0.02 | Q13: 0.01 | AB13: =IF(J13<=0.04,0,IF((BA13-AL13*BF$4*炼钢参数表!$X$5/1000-AM13*BG$4*炼钢参数表!$X$5/1000)<=0.03,0,IF((J13/100/0.1769/炼钢参数表!K13*1000)>(K13-炼钢参数表!J13)/100/0.6566/炼钢参数表!L13*1000,IF(K13<1.6,(K13-炼钢参数表!J13)/100/0.6566/炼钢参数表!L13*1000,(K13-0.08-炼钢参数表!J13)/100/0.6566/炼钢参数表!L13*1000),IF(K13<1.6,J13/100/0.1769/炼钢参数表!K13*1000,(J13-0.08)/100/0.1769/炼钢参数表!K13*1000)))) -> 1.6738627 | AC13: =IF((BA13-AB13*$BB$4*0.9/1000-AL13*BF$4*炼钢参数表!$X$5/1000-AM13*BG$4*炼钢参数表!$X$5/1000)<(K13-炼钢参数表!J13-AB13*0.6566*炼钢参数表!L13/10)*0.082,0,(K13-炼钢参数表!J13-AB13*0.6566*炼钢参数表!L13/10)/100/($AC$3/100)/炼钢参数表!L13*1000) -> 0 | AD13: =IF((BA13-AB13*$BB$4*0.9/1000-AC13*$BC$4*0.9/1000-AL13*BF$4*炼钢参数表!$X$5/1000-AM13*BG$4*炼钢参数表!$X$5/1000)<=(K13-炼钢参数表!J13-AB13*0.6566*炼钢参数表!L13/10-AC13*($AC$3/100)*炼钢参数表!L13/10)*0.02,0,((K13-炼钢参数表!J13-AB13*0.6566*炼钢参数表!L13/10-AC13*($AC$3/100)*炼钢参数表!L13/10)/100/($AD$3/100)/炼钢参数表!L13*1000)) -> 0 | AE13: =(K13-炼钢参数表!J13-AB13*0.6566*炼钢参数表!L13/10-AC13*($AC$3/100)*炼钢参数表!L13/10-AD13*($AD$3/100)*炼钢参数表!L13/10)/100/($AE$3/100)/炼钢参数表!L13*1000 -> 0 | AF13: 0 | AG13: =IF(J13<=0.04,0,((J13-(AB13*0.1769*炼钢参数表!K13/1000*100))/100/炼钢参数表!K13/($AG$3/100)*1000)) -> 1.0668148 | AH13: 1.2022258 | AI13: =IF(N13="",0,IF(N13<=0.002,0,((N13)/100)/($AI$3/100)/炼钢参数表!M13*1000)) -> 0 | AJ13: =IF(O13="",0,IF(O13<=0.002,0,((O13)/100)/($AJ$3/100)/炼钢参数表!N13*1000)) -> 0 | AK13: =IF(P13="",0,IF(P13<=0.002,0,((P13+0.005)/100)/($AK$3/100)/炼钢参数表!O13*1000)) -> 0 | AL13: =IF((BA13-J13*0.00003-K13*0.00024)<=0.05,0,IF(T13="",0,IF(T13<=0.03,0,IF(((BA13-J13*0.00003-K13*0.00024)-0.05)/0.18/100/($AL$3/100)/炼钢参数表!P13*1000<=T13/100/($AL$3/100)/炼钢参数表!P13*1000,((BA13-J13*0.00003-K13*0.00024)-0.05)/0.18/100/($AL$3/100)/炼钢参数表!P13*1000,T13/100/($AL$3/100)/炼钢参数表!P13*1000)))) -> 0 | AM13: =IF(T13="",0,IF(T13<=0.03,0,((T13-AL13*($AL$3/100)*炼钢参数表!P13/10)/100/($AM$3/100)/炼钢参数表!P13*1000))) -> 0 | AN13: =IF(U13="",0,IF(U13<=0.02,0,(U13/100)/($AN$3/100)/炼钢参数表!Q13*1000)) -> 0 | AO13: =IF(V13="",0,IF(V13<=0.02,0,(V13/100)/($AO$3/100)/炼钢参数表!R13*1000)) -> 0 | AP13: =IF(W13="",0,IF(W13<=0.02,0,(W13/100)/($AP$3/100)/炼钢参数表!S13*1000)) -> 0 | AQ13: =IF(X13="",0,IF(X13<=0.0002,0,(X13/100)/($AQ$3/100)/炼钢参数表!T13*1000)) -> 0 | AR13: =IF(Y13="",0,IF(Y13<=0.02,0,(Y13/100)/($AR$3/100)/炼钢参数表!U13*1000)) -> 0 | AS13: =IF(L13<=0.04,0,((L13-0.04)/100)/($AS$3/100)/炼钢参数表!V13*1000) -> 0 | AT13: =IF(M13<=0.03,0,((M13-0.03)/100)/($AT$3/100)/炼钢参数表!W13*1000) -> 0 | AV13: =SUM(AB13:AU13) -> 3.9429033 | AW13: {=SUMPRODUCT($AB$4:$AU$4,AB13:AU13)/1000} -> 41.466986 | AY13: =F13 -> Q235B-1 | AZ13: =VLOOKUP(AY13,炼钢参数表!$F$5:$J$1027,4,0) -> 0.07293667 | BA13: =I13-AZ13 -> 0.08706333 | BB13: =AB13*$BB$4*炼钢参数表!$X$5/1000 -> 0.0025911394 | BC13: =AC13*$BC$4*炼钢参数表!$X$5/1000 -> 0 | BD13: =AD13*$BD$4*炼钢参数表!$X$5/1000 -> 0 | BE13: =AE13*$BE$4*炼钢参数表!$X$5/1000 -> 0 | BF13: =AL13*$BF$4*炼钢参数表!$X$5/1000 -> 0 | BG13: =AM13*$BG$4*炼钢参数表!$X$5/1000 -> 0 | BH13: =SUM(BB13:BG13) -> 0.0025911394 | BI13: =AZ13+BH13 -> 0.075527809 | BJ13: =BI13-I13 -> -0.084472191
A14: 10 | B14: Q235B-LX | C14: 02 | D14: 12.01 | E14: 28 | F14: Q235B-2 | G14: A 碳素钢-碳素结构钢-A01 Q235B | H14: 1519 | I14: 0.16 | J14: 0.08 | K14: 0.38 | L14: 0.025 | M14: 0.02 | Q14: 0.01 | AB14: =IF(J14<=0.04,0,IF((BA14-AL14*BF$4*炼钢参数表!$X$5/1000-AM14*BG$4*炼钢参数表!$X$5/1000)<=0.03,0,IF((J14/100/0.1769/炼钢参数表!K14*1000)>(K14-炼钢参数表!J14)/100/0.6566/炼钢参数表!L14*1000,IF(K14<1.6,(K14-炼钢参数表!J14)/100/0.6566/炼钢参数表!L14*1000,(K14-0.08-炼钢参数表!J14)/100/0.6566/炼钢参数表!L14*1000),IF(K14<1.6,J14/100/0.1769/炼钢参数表!K14*1000,(J14-0.08)/100/0.1769/炼钢参数表!K14*1000)))) -> 3.9995097 | AC14: =IF((BA14-AB14*$BB$4*0.9/1000-AL14*BF$4*炼钢参数表!$X$5/1000-AM14*BG$4*炼钢参数表!$X$5/1000)<(K14-炼钢参数表!J14-AB14*0.6566*炼钢参数表!L14/10)*0.082,0,(K14-炼钢参数表!J14-AB14*0.6566*炼钢参数表!L14/10)/100/($AC$3/100)/炼钢参数表!L14*1000) -> 0 | AD14: =IF((BA14-AB14*$BB$4*0.9/1000-AC14*$BC$4*0.9/1000-AL14*BF$4*炼钢参数表!$X$5/1000-AM14*BG$4*炼钢参数表!$X$5/1000)<=(K14-炼钢参数表!J14-AB14*0.6566*炼钢参数表!L14/10-AC14*($AC$3/100)*炼钢参数表!L14/10)*0.02,0,((K14-炼钢参数表!J14-AB14*0.6566*炼钢参数表!L14/10-AC14*($AC$3/100)*炼钢参数表!L14/10)/100/($AD$3/100)/炼钢参数表!L14*1000)) -> 0 | AE14: =(K14-炼钢参数表!J14-AB14*0.6566*炼钢参数表!L14/10-AC14*($AC$3/100)*炼钢参数表!L14/10-AD14*($AD$3/100)*炼钢参数表!L14/10)/100/($AE$3/100)/炼钢参数表!L14*1000 -> 0 | AF14: 0 | AG14: =IF(J14<=0.04,0,((J14-(AB14*0.1769*炼钢参数表!K14/1000*100))/100/炼钢参数表!K14/($AG$3/100)*1000)) -> 0.49723578 | AH14: 1.2 | AI14: =IF(N14="",0,IF(N14<=0.002,0,((N14)/100)/($AI$3/100)/炼钢参数表!M14*1000)) -> 0 | AJ14: =IF(O14="",0,IF(O14<=0.002,0,((O14)/100)/($AJ$3/100)/炼钢参数表!N14*1000)) -> 0 | AK14: =IF(P14="",0,IF(P14<=0.002,0,((P14+0.005)/100)/($AK$3/100)/炼钢参数表!O14*1000)) -> 0 | AL14: =IF((BA14-J14*0.00003-K14*0.00024)<=0.05,0,IF(T14="",0,IF(T14<=0.03,0,IF(((BA14-J14*0.00003-K14*0.00024)-0.05)/0.18/100/($AL$3/100)/炼钢参数表!P14*1000<=T14/100/($AL$3/100)/炼钢参数表!P14*1000,((BA14-J14*0.00003-K14*0.00024)-0.05)/0.18/100/($AL$3/100)/炼钢参数表!P14*1000,T14/100/($AL$3/100)/炼钢参数表!P14*1000)))) -> 0 | AM14: =IF(T14="",0,IF(T14<=0.03,0,((T14-AL14*($AL$3/100)*炼钢参数表!P14/10)/100/($AM$3/100)/炼钢参数表!P14*1000))) -> 0 | AN14: =IF(U14="",0,IF(U14<=0.02,0,(U14/100)/($AN$3/100)/炼钢参数表!Q14*1000)) -> 0 | AO14: =IF(V14="",0,IF(V14<=0.02,0,(V14/100)/($AO$3/100)/炼钢参数表!R14*1000)) -> 0 | AP14: =IF(W14="",0,IF(W14<=0.02,0,(W14/100)/($AP$3/100)/炼钢参数表!S14*1000)) -> 0 | AQ14: =IF(X14="",0,IF(X14<=0.0002,0,(X14/100)/($AQ$3/100)/炼钢参数表!T14*1000)) -> 0 | AR14: =IF(Y14="",0,IF(Y14<=0.02,0,(Y14/100)/($AR$3/100)/炼钢参数表!U14*1000)) -> 0 | AS14: =IF(L14<=0.04,0,((L14-0.04)/100)/($AS$3/100)/炼钢参数表!V14*1000) -> 0 | AT14: =IF(M14<=0.03,0,((M14-0.03)/100)/($AT$3/100)/炼钢参数表!W14*1000) -> 0 | AV14: =SUM(AB14:AU14) -> 5.6967454 | AW14: {=SUMPRODUCT($AB$4:$AU$4,AB14:AU14)/1000} -> 51.079642 | AY14: =F14 -> Q235B-2 | AZ14: =VLOOKUP(AY14,炼钢参数表!$F$5:$J$1027,4,0) -> 0.074405858 | BA14: =I14-AZ14 -> 0.085594142 | BB14: =AB14*$BB$4*炼钢参数表!$X$5/1000 -> 0.006191241 | BC14: =AC14*$BC$4*炼钢参数表!$X$5/1000 -> 0 | BD14: =AD14*$BD$4*炼钢参数表!$X$5/1000 -> 0 | BE14: =AE14*$BE$4*炼钢参数表!$X$5/1000 -> 0 | BF14: =AL14*$BF$4*炼钢参数表!$X$5/1000 -> 0 | BG14: =AM14*$BG$4*炼钢参数表!$X$5/1000 -> 0 | BH14: =SUM(BB14:BG14) -> 0.006191241 | BI14: =AZ14+BH14 -> 0.080597099 | BJ14: =BI14-I14 -> -0.079402901
A15: 11 | B15: Q235B-HX | C15: 01 | D15: 1.45 | E15: 12 | F15: Q235B-1 | G15: A 碳素钢-碳素结构钢-A01 Q235B | H15: 1519 | I15: 0.16 | J15: 0.08 | K15: 0.23 | L15: 0.025 | M15: 0.02 | Q15: 0.01 | AB15: =IF(J15<=0.04,0,IF((BA15-AL15*BF$4*炼钢参数表!$X$5/1000-AM15*BG$4*炼钢参数表!$X$5/1000)<=0.03,0,IF((J15/100/0.1769/炼钢参数表!K15*1000)>(K15-炼钢参数表!J15)/100/0.6566/炼钢参数表!L15*1000,IF(K15<1.6,(K15-炼钢参数表!J15)/100/0.6566/炼钢参数表!L15*1000,(K15-0.08-炼钢参数表!J15)/100/0.6566/炼钢参数表!L15*1000),IF(K15<1.6,J15/100/0.1769/炼钢参数表!K15*1000,(J15-0.08)/100/0.1769/炼钢参数表!K15*1000)))) -> 1.6738627 | AC15: =IF((BA15-AB15*$BB$4*0.9/1000-AL15*BF$4*炼钢参数表!$X$5/1000-AM15*BG$4*炼钢参数表!$X$5/1000)<(K15-炼钢参数表!J15-AB15*0.6566*炼钢参数表!L15/10)*0.082,0,(K15-炼钢参数表!J15-AB15*0.6566*炼钢参数表!L15/10)/100/($AC$3/100)/炼钢参数表!L15*1000) -> 0 | AD15: =IF((BA15-AB15*$BB$4*0.9/1000-AC15*$BC$4*0.9/1000-AL15*BF$4*炼钢参数表!$X$5/1000-AM15*BG$4*炼钢参数表!$X$5/1000)<=(K15-炼钢参数表!J15-AB15*0.6566*炼钢参数表!L15/10-AC15*($AC$3/100)*炼钢参数表!L15/10)*0.02,0,((K15-炼钢参数表!J15-AB15*0.6566*炼钢参数表!L15/10-AC15*($AC$3/100)*炼钢参数表!L15/10)/100/($AD$3/100)/炼钢参数表!L15*1000)) -> 0 | AE15: =(K15-炼钢参数表!J15-AB15*0.6566*炼钢参数表!L15/10-AC15*($AC$3/100)*炼钢参数表!L15/10-AD15*($AD$3/100)*炼钢参数表!L15/10)/100/($AE$3/100)/炼钢参数表!L15*1000 -> 0 | AF15: 0 | AG15: =IF(J15<=0.04,0,((J15-(AB15*0.1769*炼钢参数表!K15/1000*100))/100/炼钢参数表!K15/($AG$3/100)*1000)) -> 1.0668148 | AH15: 1.2022258 | AI15: =IF(N15="",0,IF(N15<=0.002,0,((N15)/100)/($AI$3/100)/炼钢参数表!M15*1000)) -> 0 | AJ15: =IF(O15="",0,IF(O15<=0.002,0,((O15)/100)/($AJ$3/100)/炼钢参数表!N15*1000)) -> 0 | AK15: =IF(P15="",0,IF(P15<=0.002,0,((P15+0.005)/100)/($AK$3/100)/炼钢参数表!O15*1000)) -> 0 | AL15: =IF((BA15-J15*0.00003-K15*0.00024)<=0.05,0,IF(T15="",0,IF(T15<=0.03,0,IF(((BA15-J15*0.00003-K15*0.00024)-0.05)/0.18/100/($AL$3/100)/炼钢参数表!P15*1000<=T15/100/($AL$3/100)/炼钢参数表!P15*1000,((BA15-J15*0.00003-K15*0.00024)-0.05)/0.18/100/($AL$3/100)/炼钢参数表!P15*1000,T15/100/($AL$3/100)/炼钢参数表!P15*1000)))) -> 0 | AM15: =IF(T15="",0,IF(T15<=0.03,0,((T15-AL15*($AL$3/100)*炼钢参数表!P15/10)/100/($AM$3/100)/炼钢参数表!P15*1000))) -> 0 | AN15: =IF(U15="",0,IF(U15<=0.02,0,(U15/100)/($AN$3/100)/炼钢参数表!Q15*1000)) -> 0 | AO15: =IF(V15="",0,IF(V15<=0.02,0,(V15/100)/($AO$3/100)/炼钢参数表!R15*1000)) -> 0 | AP15: =IF(W15="",0,IF(W15<=0.02,0,(W15/100)/($AP$3/100)/炼钢参数表!S15*1000)) -> 0 | AQ15: =IF(X15="",0,IF(X15<=0.0002,0,(X15/100)/($AQ$3/100)/炼钢参数表!T15*1000)) -> 0 | AR15: =IF(Y15="",0,IF(Y15<=0.02,0,(Y15/100)/($AR$3/100)/炼钢参数表!U15*1000)) -> 0 | AS15: =IF(L15<=0.04,0,((L15-0.04)/100)/($AS$3/100)/炼钢参数表!V15*1000) -> 0 | AT15: =IF(M15<=0.03,0,((M15-0.03)/100)/($AT$3/100)/炼钢参数表!W15*1000) -> 0 | AV15: =SUM(AB15:AU15) -> 3.9429033 | AW15: {=SUMPRODUCT($AB$4:$AU$4,AB15:AU15)/1000} -> 41.466986 | AY15: =F15 -> Q235B-1 | AZ15: =VLOOKUP(AY15,炼钢参数表!$F$5:$J$1027,4,0) -> 0.07293667 | BA15: =I15-AZ15 -> 0.08706333 | BB15: =AB15*$BB$4*炼钢参数表!$X$5/1000 -> 0.0025911394 | BC15: =AC15*$BC$4*炼钢参数表!$X$5/1000 -> 0 | BD15: =AD15*$BD$4*炼钢参数表!$X$5/1000 -> 0 | BE15: =AE15*$BE$4*炼钢参数表!$X$5/1000 -> 0 | BF15: =AL15*$BF$4*炼钢参数表!$X$5/1000 -> 0 | BG15: =AM15*$BG$4*炼钢参数表!$X$5/1000 -> 0 | BH15: =SUM(BB15:BG15) -> 0.0025911394 | BI15: =AZ15+BH15 -> 0.075527809 | BJ15: =BI15-I15 -> -0.084472191
A16: 12 | B16: Q235B-HX | C16: 02 | D16: 12.01 | E16: 28 | F16: Q235B-2 | G16: A 碳素钢-碳素结构钢-A01 Q235B | H16: 1519 | I16: 0.16 | J16: 0.08 | K16: 0.38 | L16: 0.025 | M16: 0.02 | Q16: 0.01 | AB16: =IF(J16<=0.04,0,IF((BA16-AL16*BF$4*炼钢参数表!$X$5/1000-AM16*BG$4*炼钢参数表!$X$5/1000)<=0.03,0,IF((J16/100/0.1769/炼钢参数表!K16*1000)>(K16-炼钢参数表!J16)/100/0.6566/炼钢参数表!L16*1000,IF(K16<1.6,(K16-炼钢参数表!J16)/100/0.6566/炼钢参数表!L16*1000,(K16-0.08-炼钢参数表!J16)/100/0.6566/炼钢参数表!L16*1000),IF(K16<1.6,J16/100/0.1769/炼钢参数表!K16*1000,(J16-0.08)/100/0.1769/炼钢参数表!K16*1000)))) -> 3.9995097 | AC16: =IF((BA16-AB16*$BB$4*0.9/1000-AL16*BF$4*炼钢参数表!$X$5/1000-AM16*BG$4*炼钢参数表!$X$5/1000)<(K16-炼钢参数表!J16-AB16*0.6566*炼钢参数表!L16/10)*0.082,0,(K16-炼钢参数表!J16-AB16*0.6566*炼钢参数表!L16/10)/100/($AC$3/100)/炼钢参数表!L16*1000) -> 0 | AD16: =IF((BA16-AB16*$BB$4*0.9/1000-AC16*$BC$4*0.9/1000-AL16*BF$4*炼钢参数表!$X$5/1000-AM16*BG$4*炼钢参数表!$X$5/1000)<=(K16-炼钢参数表!J16-AB16*0.6566*炼钢参数表!L16/10-AC16*($AC$3/100)*炼钢参数表!L16/10)*0.02,0,((K16-炼钢参数表!J16-AB16*0.6566*炼钢参数表!L16/10-AC16*($AC$3/100)*炼钢参数表!L16/10)/100/($AD$3/100)/炼钢参数表!L16*1000)) -> 0 | AE16: =(K16-炼钢参数表!J16-AB16*0.6566*炼钢参数表!L16/10-AC16*($AC$3/100)*炼钢参数表!L16/10-AD16*($AD$3/100)*炼钢参数表!L16/10)/100/($AE$3/100)/炼钢参数表!L16*1000 -> 0 | AF16: 0 | AG16: =IF(J16<=0.04,0,((J16-(AB16*0.1769*炼钢参数表!K16/1000*100))/100/炼钢参数表!K16/($AG$3/100)*1000)) -> 0.49723578 | AH16: 1.2 | AI16: =IF(N16="",0,IF(N16<=0.002,0,((N16)/100)/($AI$3/100)/炼钢参数表!M16*1000)) -> 0 | AJ16: =IF(O16="",0,IF(O16<=0.002,0,((O16)/100)/($AJ$3/100)/炼钢参数表!N16*1000)) -> 0 | AK16: =IF(P16="",0,IF(P16<=0.002,0,((P16+0.005)/100)/($AK$3/100)/炼钢参数表!O16*1000)) -> 0 | AL16: =IF((BA16-J16*0.00003-K16*0.00024)<=0.05,0,IF(T16="",0,IF(T16<=0.03,0,IF(((BA16-J16*0.00003-K16*0.00024)-0.05)/0.18/100/($AL$3/100)/炼钢参数表!P16*1000<=T16/100/($AL$3/100)/炼钢参数表!P16*1000,((BA16-J16*0.00003-K16*0.00024)-0.05)/0.18/100/($AL$3/100)/炼钢参数表!P16*1000,T16/100/($AL$3/100)/炼钢参数表!P16*1000)))) -> 0 | AM16: =IF(T16="",0,IF(T16<=0.03,0,((T16-AL16*($AL$3/100)*炼钢参数表!P16/10)/100/($AM$3/100)/炼钢参数表!P16*1000))) -> 0 | AN16: =IF(U16="",0,IF(U16<=0.02,0,(U16/100)/($AN$3/100)/炼钢参数表!Q16*1000)) -> 0 | AO16: =IF(V16="",0,IF(V16<=0.02,0,(V16/100)/($AO$3/100)/炼钢参数表!R16*1000)) -> 0 | AP16: =IF(W16="",0,IF(W16<=0.02,0,(W16/100)/($AP$3/100)/炼钢参数表!S16*1000)) -> 0 | AQ16: =IF(X16="",0,IF(X16<=0.0002,0,(X16/100)/($AQ$3/100)/炼钢参数表!T16*1000)) -> 0 | AR16: =IF(Y16="",0,IF(Y16<=0.02,0,(Y16/100)/($AR$3/100)/炼钢参数表!U16*1000)) -> 0 | AS16: =IF(L16<=0.04,0,((L16-0.04)/100)/($AS$3/100)/炼钢参数表!V16*1000) -> 0 | AT16: =IF(M16<=0.03,0,((M16-0.03)/100)/($AT$3/100)/炼钢参数表!W16*1000) -> 0 | AV16: =SUM(AB16:AU16) -> 5.6967454 | AW16: {=SUMPRODUCT($AB$4:$AU$4,AB16:AU16)/1000} -> 51.079642 | AY16: =F16 -> Q235B-2 | AZ16: =VLOOKUP(AY16,炼钢参数表!$F$5:$J$1027,4,0) -> 0.074405858 | BA16: =I16-AZ16 -> 0.085594142 | BB16: =AB16*$BB$4*炼钢参数表!$X$5/1000 -> 0.006191241 | BC16: =AC16*$BC$4*炼钢参数表!$X$5/1000 -> 0 | BD16: =AD16*$BD$4*炼钢参数表!$X$5/1000 -> 0 | BE16: =AE16*$BE$4*炼钢参数表!$X$5/1000 -> 0 | BF16: =AL16*$BF$4*炼钢参数表!$X$5/1000 -> 0 | BG16: =AM16*$BG$4*炼钢参数表!$X$5/1000 -> 0 | BH16: =SUM(BB16:BG16) -> 0.006191241 | BI16: =AZ16+BH16 -> 0.080597099 | BJ16: =BI16-I16 -> -0.079402901
A17: 13 | B17: Q235B-GL | C17: 01 | D17: 1.6 | E17: 5 | F17: Q235B-GL1 | G17: A 碳素钢-碳素结构钢-A06 Q235B-GL | H17: 1520 | I17: 0.15 | J17: 0.12 | K17: 0.25 | L17: 0.015 | M17: 0.005 | Q17: 0.015 | AB17: =IF(J17<=0.04,0,IF((BA17-AL17*BF$4*炼钢参数表!$X$5/1000-AM17*BG$4*炼钢参数表!$X$5/1000)<=0.03,0,IF((J17/100/0.1769/炼钢参数表!K17*1000)>(K17-炼钢参数表!J17)/100/0.6566/炼钢参数表!L17*1000,IF(K17<1.6,(K17-炼钢参数表!J17)/100/0.6566/炼钢参数表!L17*1000,(K17-0.08-炼钢参数表!J17)/100/0.6566/炼钢参数表!L17*1000),IF(K17<1.6,J17/100/0.1769/炼钢参数表!K17*1000,(J17-0.08)/100/0.1769/炼钢参数表!K17*1000)))) -> 1.9792072 | AC17: =IF((BA17-AB17*$BB$4*0.9/1000-AL17*BF$4*炼钢参数表!$X$5/1000-AM17*BG$4*炼钢参数表!$X$5/1000)<(K17-炼钢参数表!J17-AB17*0.6566*炼钢参数表!L17/10)*0.082,0,(K17-炼钢参数表!J17-AB17*0.6566*炼钢参数表!L17/10)/100/($AC$3/100)/炼钢参数表!L17*1000) -> 0 | AD17: =IF((BA17-AB17*$BB$4*0.9/1000-AC17*$BC$4*0.9/1000-AL17*BF$4*炼钢参数表!$X$5/1000-AM17*BG$4*炼钢参数表!$X$5/1000)<=(K17-炼钢参数表!J17-AB17*0.6566*炼钢参数表!L17/10-AC17*($AC$3/100)*炼钢参数表!L17/10)*0.02,0,((K17-炼钢参数表!J17-AB17*0.6566*炼钢参数表!L17/10-AC17*($AC$3/100)*炼钢参数表!L17/10)/100/($AD$3/100)/炼钢参数表!L17*1000)) -> 0 | AE17: =(K17-炼钢参数表!J17-AB17*0.6566*炼钢参数表!L17/10-AC17*($AC$3/100)*炼钢参数表!L17/10-AD17*($AD$3/100)*炼钢参数表!L17/10)/100/($AE$3/100)/炼钢参数表!L17*1000 -> 0 | AF17: 0 | AG17: =IF(J17<=0.04,0,((J17-(AB17*0.1769*炼钢参数表!K17/1000*100))/100/炼钢参数表!K17/($AG$3/100)*1000)) -> 1.5919677 | AH17: 1.3 | AI17: =IF(N17="",0,IF(N17<=0.002,0,((N17)/100)/($AI$3/100)/炼钢参数表!M17*1000)) -> 0 | AJ17: =IF(O17="",0,IF(O17<=0.002,0,((O17)/100)/($AJ$3/100)/炼钢参数表!N17*1000)) -> 0 | AK17: =IF(P17="",0,IF(P17<=0.002,0,((P17+0.005)/100)/($AK$3/100)/炼钢参数表!O17*1000)) -> 0 | AL17: =IF((BA17-J17*0.00003-K17*0.00024)<=0.05,0,IF(T17="",0,IF(T17<=0.03,0,IF(((BA17-J17*0.00003-K17*0.00024)-0.05)/0.18/100/($AL$3/100)/炼钢参数表!P17*1000<=T17/100/($AL$3/100)/炼钢参数表!P17*1000,((BA17-J17*0.00003-K17*0.00024)-0.05)/0.18/100/($AL$3/100)/炼钢参数表!P17*1000,T17/100/($AL$3/100)/炼钢参数表!P17*1000)))) -> 0 | AM17: =IF(T17="",0,IF(T17<=0.03,0,((T17-AL17*($AL$3/100)*炼钢参数表!P17/10)/100/($AM$3/100)/炼钢参数表!P17*1000))) -> 0 | AN17: =IF(U17="",0,IF(U17<=0.02,0,(U17/100)/($AN$3/100)/炼钢参数表!Q17*1000)) -> 0 | AO17: =IF(V17="",0,IF(V17<=0.02,0,(V17/100)/($AO$3/100)/炼钢参数表!R17*1000)) -> 0 | AP17: =IF(W17="",0,IF(W17<=0.02,0,(W17/100)/($AP$3/100)/炼钢参数表!S17*1000)) -> 0 | AQ17: =IF(X17="",0,IF(X17<=0.0002,0,(X17/100)/($AQ$3/100)/炼钢参数表!T17*1000)) -> 0 | AR17: =IF(Y17="",0,IF(Y17<=0.02,0,(Y17/100)/($AR$3/100)/炼钢参数表!U17*1000)) -> 0 | AS17: =IF(L17<=0.04,0,((L17-0.04)/100)/($AS$3/100)/炼钢参数表!V17*1000) -> 0 | AT17: =IF(M17<=0.03,0,((M17-0.03)/100)/($AT$3/100)/炼钢参数表!W17*1000) -> 0 | AV17: =SUM(AB17:AU17) -> 4.8711749 | AW17: {=SUMPRODUCT($AB$4:$AU$4,AB17:AU17)/1000} -> 48.03077 | AY17: =F17 -> Q235B-GL1 | AZ17: =VLOOKUP(AY17,炼钢参数表!$F$5:$J$1027,4,0) -> 0.074405858 | BA17: =I17-AZ17 -> 0.075594142 | BB17: =AB17*$BB$4*炼钢参数表!$X$5/1000 -> 0.0030638127 | BC17: =AC17*$BC$4*炼钢参数表!$X$5/1000 -> 0 | BD17: =AD17*$BD$4*炼钢参数表!$X$5/1000 -> 0 | BE17: =AE17*$BE$4*炼钢参数表!$X$5/1000 -> 0 | BF17: =AL17*$BF$4*炼钢参数表!$X$5/1000 -> 0 | BG17: =AM17*$BG$4*炼钢参数表!$X$5/1000 -> 0 | BH17: =SUM(BB17:BG17) -> 0.0030638127 | BI17: =AZ17+BH17 -> 0.07746967 | BJ17: =BI17-I17 -> -0.07253033
A18: 14 | B18: Q235B-GL | C18: 02 | D18: 5.01 | E18: 14 | F18: Q235B-GL2 | G18: A 碳素钢-碳素结构钢-A06 Q235B-GL | H18: 1520 | I18: 0.15 | J18: 0.12 | K18: 0.35 | L18: 0.015 | M18: 0.005 | Q18: 0.015 | AB18: =IF(J18<=0.04,0,IF((BA18-AL18*BF$4*炼钢参数表!$X$5/1000-AM18*BG$4*炼钢参数表!$X$5/1000)<=0.03,0,IF((J18/100/0.1769/炼钢参数表!K18*1000)>(K18-炼钢参数表!J18)/100/0.6566/炼钢参数表!L18*1000,IF(K18<1.6,(K18-炼钢参数表!J18)/100/0.6566/炼钢参数表!L18*1000,(K18-0.08-炼钢参数表!J18)/100/0.6566/炼钢参数表!L18*1000),IF(K18<1.6,J18/100/0.1769/炼钢参数表!K18*1000,(J18-0.08)/100/0.1769/炼钢参数表!K18*1000)))) -> 3.533286 | AC18: =IF((BA18-AB18*$BB$4*0.9/1000-AL18*BF$4*炼钢参数表!$X$5/1000-AM18*BG$4*炼钢参数表!$X$5/1000)<(K18-炼钢参数表!J18-AB18*0.6566*炼钢参数表!L18/10)*0.082,0,(K18-炼钢参数表!J18-AB18*0.6566*炼钢参数表!L18/10)/100/($AC$3/100)/炼钢参数表!L18*1000) -> 0 | AD18: =IF((BA18-AB18*$BB$4*0.9/1000-AC18*$BC$4*0.9/1000-AL18*BF$4*炼钢参数表!$X$5/1000-AM18*BG$4*炼钢参数表!$X$5/1000)<=(K18-炼钢参数表!J18-AB18*0.6566*炼钢参数表!L18/10-AC18*($AC$3/100)*炼钢参数表!L18/10)*0.02,0,((K18-炼钢参数表!J18-AB18*0.6566*炼钢参数表!L18/10-AC18*($AC$3/100)*炼钢参数表!L18/10)/100/($AD$3/100)/炼钢参数表!L18*1000)) -> 0 | AE18: =(K18-炼钢参数表!J18-AB18*0.6566*炼钢参数表!L18/10-AC18*($AC$3/100)*炼钢参数表!L18/10-AD18*($AD$3/100)*炼钢参数表!L18/10)/100/($AE$3/100)/炼钢参数表!L18*1000 -> 0 | AF18: 0 | AG18: =IF(J18<=0.04,0,((J18-(AB18*0.1769*炼钢参数表!K18/1000*100))/100/炼钢参数表!K18/($AG$3/100)*1000)) -> 1.211355 | AH18: 1.3 | AI18: =IF(N18="",0,IF(N18<=0.002,0,((N18)/100)/($AI$3/100)/炼钢参数表!M18*1000)) -> 0 | AJ18: =IF(O18="",0,IF(O18<=0.002,0,((O18)/100)/($AJ$3/100)/炼钢参数表!N18*1000)) -> 0 | AK18: =IF(P18="",0,IF(P18<=0.002,0,((P18+0.005)/100)/($AK$3/100)/炼钢参数表!O18*1000)) -> 0 | AL18: =IF((BA18-J18*0.00003-K18*0.00024)<=0.05,0,IF(T18="",0,IF(T18<=0.03,0,IF(((BA18-J18*0.00003-K18*0.00024)-0.05)/0.18/100/($AL$3/100)/炼钢参数表!P18*1000<=T18/100/($AL$3/100)/炼钢参数表!P18*1000,((BA18-J18*0.00003-K18*0.00024)-0.05)/0.18/100/($AL$3/100)/炼钢参数表!P18*1000,T18/100/($AL$3/100)/炼钢参数表!P18*1000)))) -> 0 | AM18: =IF(T18="",0,IF(T18<=0.03,0,((T18-AL18*($AL$3/100)*炼钢参数表!P18/10)/100/($AM$3/100)/炼钢参数表!P18*1000))) -> 0 | AN18: =IF(U18="",0,IF(U18<=0.02,0,(U18/100)/($AN$3/100)/炼钢参数表!Q18*1000)) -> 0 | AO18: =IF(V18="",0,IF(V18<=0.02,0,(V18/100)/($AO$3/100)/炼钢参数表!R18*1000)) -> 0 | AP18: =IF(W18="",0,IF(W18<=0.02,0,(W18/100)/($AP$3/100)/炼钢参数表!S18*1000)) -> 0 | AQ18: =IF(X18="",0,IF(X18<=0.0002,0,(X18/100)/($AQ$3/100)/炼钢参数表!T18*1000)) -> 0 | AR18: =IF(Y18="",0,IF(Y18<=0.02,0,(Y18/100)/($AR$3/100)/炼钢参数表!U18*1000)) -> 0 | AS18: =IF(L18<=0.04,0,((L18-0.04)/100)/($AS$3/100)/炼钢参数表!V18*1000) -> 0 | AT18: =IF(M18<=0.03,0,((M18-0.03)/100)/($AT$3/100)/炼钢参数表!W18*1000) -> 0 | AV18: =SUM(AB18:AU18) -> 6.044641 | AW18: {=SUMPRODUCT($AB$4:$AU$4,AB18:AU18)/1000} -> 54.487507 | AY18: =F18 -> Q235B-GL2 | AZ18: =VLOOKUP(AY18,炼钢参数表!$F$5:$J$1027,4,0) -> 0.074405858 | BA18: =I18-AZ18 -> 0.075594142 | BB18: =AB18*$BB$4*炼钢参数表!$X$5/1000 -> 0.0054695268 | BC18: =AC18*$BC$4*炼钢参数表!$X$5/1000 -> 0 | BD18: =AD18*$BD$4*炼钢参数表!$X$5/1000 -> 0 | BE18: =AE18*$BE$4*炼钢参数表!$X$5/1000 -> 0 | BF18: =AL18*$BF$4*炼钢参数表!$X$5/1000 -> 0 | BG18: =AM18*$BG$4*炼钢参数表!$X$5/1000 -> 0 | BH18: =SUM(BB18:BG18) -> 0.0054695268 | BI18: =AZ18+BH18 -> 0.079875384 | BJ18: =BI18-I18 -> -0.070124616
... A30: 26 | B30: A36-HW | C30: 01 | D30: 1.5 | E30: 12 | F30: A36-1 | G30: A 碳素钢-碳素结构钢-A09 A36 | H30: 1519 | I30: 0.16 | J30: 0.08 | K30: 0.25 | L30: 0.015 | M30: 0.01 | Q30: 0.02 | AB30: =IF(J30<=0.04,0,IF((BA30-AL30*BF$4*炼钢参数表!$X$5/1000-AM30*BG$4*炼钢参数表!$X$5/1000)<=0.03,0,IF((J30/100/0.1769/炼钢参数表!K30*1000)>(K30-炼钢参数表!J30)/100/0.6566/炼钢参数表!L30*1000,IF(K30<1.6,(K30-炼钢参数表!J30)/100/0.6566/炼钢参数表!L30*1000,(K30-0.08-炼钢参数表!J30)/100/0.6566/炼钢参数表!L30*1000),IF(K30<1.6,J30/100/0.1769/炼钢参数表!K30*1000,(J30-0.08)/100/0.1769/炼钢参数表!K30*1000)))) -> 2.1495932 | AC30: =IF((BA30-AB30*$BB$4*0.9/1000-AL30*BF$4*炼钢参数表!$X$5/1000-AM30*BG$4*炼钢参数表!$X$5/1000)<(K30-炼钢参数表!J30-AB30*0.6566*炼钢参数表!L30/10)*0.082,0,(K30-炼钢参数表!J30-AB30*0.6566*炼钢参数表!L30/10)/100/($AC$3/100)/炼钢参数表!L30*1000) -> 0 | AD30: =IF((BA30-AB30*$BB$4*0.9/1000-AC30*$BC$4*0.9/1000-AL30*BF$4*炼钢参数表!$X$5/1000-AM30*BG$4*炼钢参数表!$X$5/1000)<=(K30-炼钢参数表!J30-AB30*0.6566*炼钢参数表!L30/10-AC30*($AC$3/100)*炼钢参数表!L30/10)*0.02,0,((K30-炼钢参数表!J30-AB30*0.6566*炼钢参数表!L30/10-AC30*($AC$3/100)*炼钢参数表!L30/10)/100/($AD$3/100)/炼钢参数表!L30*1000)) -> 0 | AE30: =(K30-炼钢参数表!J30-AB30*0.6566*炼钢参数表!L30/10-AC30*($AC$3/100)*炼钢参数表!L30/10-AD30*($AD$3/100)*炼钢参数表!L30/10)/100/($AE$3/100)/炼钢参数表!L30*1000 -> 0 | AF30: 0 | AG30: =IF(J30<=0.04,0,((J30-(AB30*0.1769*炼钢参数表!K30/1000*100))/100/炼钢参数表!K30/($AG$3/100)*1000)) -> 0.95030268 | AH30: 1.45 | AI30: =IF(N30="",0,IF(N30<=0.002,0,((N30)/100)/($AI$3/100)/炼钢参数表!M30*1000)) -> 0 | AJ30: =IF(O30="",0,IF(O30<=0.002,0,((O30)/100)/($AJ$3/100)/炼钢参数表!N30*1000)) -> 0 | AK30: =IF(P30="",0,IF(P30<=0.002,0,((P30+0.005)/100)/($AK$3/100)/炼钢参数表!O30*1000)) -> 0 | AL30: =IF((BA30-J30*0.00003-K30*0.00024)<=0.05,0,IF(T30="",0,IF(T30<=0.03,0,IF(((BA30-J30*0.00003-K30*0.00024)-0.05)/0.18/100/($AL$3/100)/炼钢参数表!P30*1000<=T30/100/($AL$3/100)/炼钢参数表!P30*1000,((BA30-J30*0.00003-K30*0.00024)-0.05)/0.18/100/($AL$3/100)/炼钢参数表!P30*1000,T30/100/($AL$3/100)/炼钢参数表!P30*1000)))) -> 0 | AM30: =IF(T30="",0,IF(T30<=0.03,0,((T30-AL30*($AL$3/100)*炼钢参数表!P30/10)/100/($AM$3/100)/炼钢参数表!P30*1000))) -> 0 | AN30: =IF(U30="",0,IF(U30<=0.02,0,(U30/100)/($AN$3/100)/炼钢参数表!Q30*1000)) -> 0 | AO30: =IF(V30="",0,IF(V30<=0.02,0,(V30/100)/($AO$3/100)/炼钢参数表!R30*1000)) -> 0 | AP30: =IF(W30="",0,IF(W30<=0.02,0,(W30/100)/($AP$3/100)/炼钢参数表!S30*1000)) -> 0 | AQ30: =IF(X30="",0,IF(X30<=0.0002,0,(X30/100)/($AQ$3/100)/炼钢参数表!T30*1000)) -> 0 | AR30: =IF(Y30="",0,IF(Y30<=0.02,0,(Y30/100)/($AR$3/100)/炼钢参数表!U30*1000)) -> 0 | AS30: =IF(L30<=0.04,0,((L30-0.04)/100)/($AS$3/100)/炼钢参数表!V30*1000) -> 0 | AT30: =IF(M30<=0.03,0,((M30-0.03)/100)/($AT$3/100)/炼钢参数表!W30*1000) -> 0 | AV30: =SUM(AB30:AU30) -> 4.5498959 | AW30: {=SUMPRODUCT($AB$4:$AU$4,AB30:AU30)/1000} -> 48.97808 | AY30: =F30 -> A36-1 | AZ30: =VLOOKUP(AY30,炼钢参数表!$F$5:$J$1027,4,0) -> 0.070300926 | BA30: =I30-AZ30 -> 0.089699074 | BB30: =AB30*$BB$4*炼钢参数表!$X$5/1000 -> 0.0033275703 | BC30: =AC30*$BC$4*炼钢参数表!$X$5/1000 -> 0 | BD30: =AD30*$BD$4*炼钢参数表!$X$5/1000 -> 0 | BE30: =AE30*$BE$4*炼钢参数表!$X$5/1000 -> 0 | BF30: =AL30*$BF$4*炼钢参数表!$X$5/1000 -> 0 | BG30: =AM30*$BG$4*炼钢参数表!$X$5/1000 -> 0 | BH30: =SUM(BB30:BG30) -> 0.0033275703 | BI30: =AZ30+BH30 -> 0.073628496 | BJ30: =BI30-I30 -> -0.086371504
A31: 27 | B31: Q235-HW | C31: 01 | D31: 1.5 | E31: 16 | F31: Q235-HW | G31: E 花纹板-花纹板类钢材-E01 Q235-HW | H31: 1519 | I31: 0.16 | J31: 0.1 | K31: 0.25 | L31: 0.035 | M31: 0.02 | AB31: =IF(J31<=0.04,0,IF((BA31-AL31*BF$4*炼钢参数表!$X$5/1000-AM31*BG$4*炼钢参数表!$X$5/1000)<=0.03,0,IF((J31/100/0.1769/炼钢参数表!K31*1000)>(K31-炼钢参数表!J31)/100/0.6566/炼钢参数表!L31*1000,IF(K31<1.6,(K31-炼钢参数表!J31)/100/0.6566/炼钢参数表!L31*1000,(K31-0.08-炼钢参数表!J31)/100/0.6566/炼钢参数表!L31*1000),IF(K31<1.6,J31/100/0.1769/炼钢参数表!K31*1000,(J31-0.08)/100/0.1769/炼钢参数表!K31*1000)))) -> 1.8668638 | AC31: =IF((BA31-AB31*$BB$4*0.9/1000-AL31*BF$4*炼钢参数表!$X$5/1000-AM31*BG$4*炼钢参数表!$X$5/1000)<(K31-炼钢参数表!J31-AB31*0.6566*炼钢参数表!L31/10)*0.082,0,(K31-炼钢参数表!J31-AB31*0.6566*炼钢参数表!L31/10)/100/($AC$3/100)/炼钢参数表!L31*1000) -> 0 | AD31: =IF((BA31-AB31*$BB$4*0.9/1000-AC31*$BC$4*0.9/1000-AL31*BF$4*炼钢参数表!$X$5/1000-AM31*BG$4*炼钢参数表!$X$5/1000)<=(K31-炼钢参数表!J31-AB31*0.6566*炼钢参数表!L31/10-AC31*($AC$3/100)*炼钢参数表!L31/10)*0.02,0,((K31-炼钢参数表!J31-AB31*0.6566*炼钢参数表!L31/10-AC31*($AC$3/100)*炼钢参数表!L31/10)/100/($AD$3/100)/炼钢参数表!L31*1000)) -> 0 | AE31: =(K31-炼钢参数表!J31-AB31*0.6566*炼钢参数表!L31/10-AC31*($AC$3/100)*炼钢参数表!L31/10-AD31*($AD$3/100)*炼钢参数表!L31/10)/100/($AE$3/100)/炼钢参数表!L31*1000 -> 0 | AF31: 0 | AG31: =IF(J31<=0.04,0,((J31-(AB31*0.1769*炼钢参数表!K31/1000*100))/100/炼钢参数表!K31/($AG$3/100)*1000)) -> 2.0599939 | AH31: 0.25 | AI31: =IF(N31="",0,IF(N31<=0.002,0,((N31)/100)/($AI$3/100)/炼钢参数表!M31*1000)) -> 0 | AJ31: =IF(O31="",0,IF(O31<=0.002,0,((O31)/100)/($AJ$3/100)/炼钢参数表!N31*1000)) -> 0 | AK31: =IF(P31="",0,IF(P31<=0.002,0,((P31+0.005)/100)/($AK$3/100)/炼钢参数表!O31*1000)) -> 0 | AL31: =IF((BA31-J31*0.00003-K31*0.00024)<=0.05,0,IF(T31="",0,IF(T31<=0.03,0,IF(((BA31-J31*0.00003-K31*0.00024)-0.05)/0.18/100/($AL$3/100)/炼钢参数表!P31*1000<=T31/100/($AL$3/100)/炼钢参数表!P31*1000,((BA31-J31*0.00003-K31*0.00024)-0.05)/0.18/100/($AL$3/100)/炼钢参数表!P31*1000,T31/100/($AL$3/100)/炼钢参数表!P31*1000)))) -> 0 | AM31: =IF(T31="",0,IF(T31<=0.03,0,((T31-AL31*($AL$3/100)*炼钢参数表!P31/10)/100/($AM$3/100)/炼钢参数表!P31*1000))) -> 0 | AN31: =IF(U31="",0,IF(U31<=0.02,0,(U31/100)/($AN$3/100)/炼钢参数表!Q31*1000)) -> 0 | AO31: =IF(V31="",0,IF(V31<=0.02,0,(V31/100)/($AO$3/100)/炼钢参数表!R31*1000)) -> 0 | AP31: =IF(W31="",0,IF(W31<=0.02,0,(W31/100)/($AP$3/100)/炼钢参数表!S31*1000)) -> 0 | AQ31: =IF(X31="",0,IF(X31<=0.0002,0,(X31/100)/($AQ$3/100)/炼钢参数表!T31*1000)) -> 0 | AR31: =IF(Y31="",0,IF(Y31<=0.02,0,(Y31/100)/($AR$3/100)/炼钢参数表!U31*1000)) -> 0 | AS31: =IF(L31<=0.04,0,((L31-0.04)/100)/($AS$3/100)/炼钢参数表!V31*1000) -> 0 | AT31: =IF(M31<=0.03,0,((M31-0.03)/100)/($AT$3/100)/炼钢参数表!W31*1000) -> 0 | AV31: =SUM(AB31:AU31) -> 4.1768577 | AW31: {=SUMPRODUCT($AB$4:$AU$4,AB31:AU31)/1000} -> 26.394416 | AY31: =F31 -> Q235-HW | AZ31: =VLOOKUP(AY31,炼钢参数表!$F$5:$J$1027,4,0) -> 0.07280137 | BA31: =I31-AZ31 -> 0.08719863 | BB31: =AB31*$BB$4*炼钢参数表!$X$5/1000 -> 0.0028899052 | BC31: =AC31*$BC$4*炼钢参数表!$X$5/1000 -> 0 | BD31: =AD31*$BD$4*炼钢参数表!$X$5/1000 -> 0 | BE31: =AE31*$BE$4*炼钢参数表!$X$5/1000 -> 0 | BF31: =AL31*$BF$4*炼钢参数表!$X$5/1000 -> 0 | BG31: =AM31*$BG$4*炼钢参数表!$X$5/1000 -> 0 | BH31: =SUM(BB31:BG31) -> 0.0028899052 | BI31: =AZ31+BH31 -> 0.075691275 | BJ31: =BI31-I31 -> -0.084308725
A32: 28 | B32: Q355-HW | C32: 01 | D32: 3 | E32: 6 | F32: Q355-HW1 | G32: E 花纹板-花纹板类钢材-E04 Q355-HW | H32: 1518 | I32: 0.16 | J32: 0.08 | K32: 0.35 | L32: 0.02 | M32: 0.01 | P32: 0.04 | Q32: 0.02 | AA32: Q355级别花纹板 | AB32: =IF(J32<=0.04,0,IF((BA32-AL32*BF$4*炼钢参数表!$X$5/1000-AM32*BG$4*炼钢参数表!$X$5/1000)<=0.03,0,IF((J32/100/0.1769/炼钢参数表!K32*1000)>(K32-炼钢参数表!J32)/100/0.6566/炼钢参数表!L32*1000,IF(K32<1.6,(K32-炼钢参数表!J32)/100/0.6566/炼钢参数表!L32*1000,(K32-0.08-炼钢参数表!J32)/100/0.6566/炼钢参数表!L32*1000),IF(K32<1.6,J32/100/0.1769/炼钢参数表!K32*1000,(J32-0.08)/100/0.1769/炼钢参数表!K32*1000)))) -> 3.5358864 | AC32: =IF((BA32-AB32*$BB$4*0.9/1000-AL32*BF$4*炼钢参数表!$X$5/1000-AM32*BG$4*炼钢参数表!$X$5/1000)<(K32-炼钢参数表!J32-AB32*0.6566*炼钢参数表!L32/10)*0.082,0,(K32-炼钢参数表!J32-AB32*0.6566*炼钢参数表!L32/10)/100/($AC$3/100)/炼钢参数表!L32*1000) -> 0 | AD32: =IF((BA32-AB32*$BB$4*0.9/1000-AC32*$BC$4*0.9/1000-AL32*BF$4*炼钢参数表!$X$5/1000-AM32*BG$4*炼钢参数表!$X$5/1000)<=(K32-炼钢参数表!J32-AB32*0.6566*炼钢参数表!L32/10-AC32*($AC$3/100)*炼钢参数表!L32/10)*0.02,0,((K32-炼钢参数表!J32-AB32*0.6566*炼钢参数表!L32/10-AC32*($AC$3/100)*炼钢参数表!L32/10)/100/($AD$3/100)/炼钢参数表!L32*1000)) -> 0 | AE32: =(K32-炼钢参数表!J32-AB32*0.6566*炼钢参数表!L32/10-AC32*($AC$3/100)*炼钢参数表!L32/10-AD32*($AD$3/100)*炼钢参数表!L32/10)/100/($AE$3/100)/炼钢参数表!L32*1000 -> 0 | AF32: 0 | AG32: =IF(J32<=0.04,0,((J32-(AB32*0.1769*炼钢参数表!K32/1000*100))/100/炼钢参数表!K32/($AG$3/100)*1000)) -> 0.61078273 | AH32: 1.4 | AI32: =IF(N32="",0,IF(N32<=0.002,0,((N32)/100)/($AI$3/100)/炼钢参数表!M32*1000)) -> 0 | AJ32: =IF(O32="",0,IF(O32<=0.002,0,((O32)/100)/($AJ$3/100)/炼钢参数表!N32*1000)) -> 0 | AK32: =IF(P32="",0,IF(P32<=0.002,0,((P32+0.005)/100)/($AK$3/100)/炼钢参数表!O32*1000)) -> 0.89809604 | AL32: =IF((BA32-J32*0.00003-K32*0.00024)<=0.05,0,IF(T32="",0,IF(T32<=0.03,0,IF(((BA32-J32*0.00003-K32*0.00024)-0.05)/0.18/100/($AL$3/100)/炼钢参数表!P32*1000<=T32/100/($AL$3/100)/炼钢参数表!P32*1000,((BA32-J32*0.00003-K32*0.00024)-0.05)/0.18/100/($AL$3/100)/炼钢参数表!P32*1000,T32/100/($AL$3/100)/炼钢参数表!P32*1000)))) -> 0 | AM32: =IF(T32="",0,IF(T32<=0.03,0,((T32-AL32*($AL$3/100)*炼钢参数表!P32/10)/100/($AM$3/100)/炼钢参数表!P32*1000))) -> 0 | AN32: =IF(U32="",0,IF(U32<=0.02,0,(U32/100)/($AN$3/100)/炼钢参数表!Q32*1000)) -> 0 | AO32: =IF(V32="",0,IF(V32<=0.02,0,(V32/100)/($AO$3/100)/炼钢参数表!R32*1000)) -> 0 | AP32: =IF(W32="",0,IF(W32<=0.02,0,(W32/100)/($AP$3/100)/炼钢参数表!S32*1000)) -> 0 | AQ32: =IF(X32="",0,IF(X32<=0.0002,0,(X32/100)/($AQ$3/100)/炼钢参数表!T32*1000)) -> 0 | AR32: =IF(Y32="",0,IF(Y32<=0.02,0,(Y32/100)/($AR$3/100)/炼钢参数表!U32*1000)) -> 0 | AS32: =IF(L32<=0.04,0,((L32-0.04)/100)/($AS$3/100)/炼钢参数表!V32*1000) -> 0 | AT32: =IF(M32<=0.03,0,((M32-0.03)/100)/($AT$3/100)/炼钢参数表!W32*1000) -> 0 | AV32: =SUM(AB32:AU32) -> 6.4447651 | AW32: {=SUMPRODUCT($AB$4:$AU$4,AB32:AU32)/1000} -> 75.238746 | AY32: =F32 -> Q355-HW1 | AZ32: =VLOOKUP(AY32,炼钢参数表!$F$5:$J$1027,4,0) -> 0.070817568 | BA32: =I32-AZ32 -> 0.089182432 | BB32: =AB32*$BB$4*炼钢参数表!$X$5/1000 -> 0.0054735521 | BC32: =AC32*$BC$4*炼钢参数表!$X$5/1000 -> 0 | BD32: =AD32*$BD$4*炼钢参数表!$X$5/1000 -> 0 | BE32: =AE32*$BE$4*炼钢参数表!$X$5/1000 -> 0 | BF32: =AL32*$BF$4*炼钢参数表!$X$5/1000 -> 0 | BG32: =AM32*$BG$4*炼钢参数表!$X$5/1000 -> 0 | BH32: =SUM(BB32:BG32) -> 0.0054735521 | BI32: =AZ32+BH32 -> 0.07629112 | BJ32: =BI32-I32 -> -0.08370888
A33: 29 | B33: Q355-HW | C33: 02 | D33: 6.01 | E33: 10 | F33: Q355-HW2 | G33: E 花纹板-花纹板类钢材-E04 Q355-HW | H33: 1517 | I33: 0.16 | J33: 0.08 | K33: 0.5 | L33: 0.02 | M33: 0.01 | P33: 0.04 | Q33: 0.02 | AA33: Q355级别花纹板 | AB33: =IF(J33<=0.04,0,IF((BA33-AL33*BF$4*炼钢参数表!$X$5/1000-AM33*BG$4*炼钢参数表!$X$5/1000)<=0.03,0,IF((J33/100/0.1769/炼钢参数表!K33*1000)>(K33-炼钢参数表!J33)/100/0.6566/炼钢参数表!L33*1000,IF(K33<1.6,(K33-炼钢参数表!J33)/100/0.6566/炼钢参数表!L33*1000,(K33-0.08-炼钢参数表!J33)/100/0.6566/炼钢参数表!L33*1000),IF(K33<1.6,J33/100/0.1769/炼钢参数表!K33*1000,(J33-0.08)/100/0.1769/炼钢参数表!K33*1000)))) -> 5.8670046 | AC33: =IF((BA33-AB33*$BB$4*0.9/1000-AL33*BF$4*炼钢参数表!$X$5/1000-AM33*BG$4*炼钢参数表!$X$5/1000)<(K33-炼钢参数表!J33-AB33*0.6566*炼钢参数表!L33/10)*0.082,0,(K33-炼钢参数表!J33-AB33*0.6566*炼钢参数表!L33/10)/100/($AC$3/100)/炼钢参数表!L33*1000) -> 0 | AD33: =IF((BA33-AB33*$BB$4*0.9/1000-AC33*$BC$4*0.9/1000-AL33*BF$4*炼钢参数表!$X$5/1000-AM33*BG$4*炼钢参数表!$X$5/1000)<=(K33-炼钢参数表!J33-AB33*0.6566*炼钢参数表!L33/10-AC33*($AC$3/100)*炼钢参数表!L33/10)*0.02,0,((K33-炼钢参数表!J33-AB33*0.6566*炼钢参数表!L33/10-AC33*($AC$3/100)*炼钢参数表!L33/10)/100/($AD$3/100)/炼钢参数表!L33*1000)) -> 0 | AE33: =(K33-炼钢参数表!J33-AB33*0.6566*炼钢参数表!L33/10-AC33*($AC$3/100)*炼钢参数表!L33/10-AD33*($AD$3/100)*炼钢参数表!L33/10)/100/($AE$3/100)/炼钢参数表!L33*1000 -> 0 | AF33: 0 | AG33: =IF(J33<=0.04,0,((J33-(AB33*0.1769*炼钢参数表!K33/1000*100))/100/炼钢参数表!K33/($AG$3/100)*1000)) -> 0.039863698 | AH33: 1.4 | AI33: =IF(N33="",0,IF(N33<=0.002,0,((N33)/100)/($AI$3/100)/炼钢参数表!M33*1000)) -> 0 | AJ33: =IF(O33="",0,IF(O33<=0.002,0,((O33)/100)/($AJ$3/100)/炼钢参数表!N33*1000)) -> 0 | AK33: =IF(P33="",0,IF(P33<=0.002,0,((P33+0.005)/100)/($AK$3/100)/炼钢参数表!O33*1000)) -> 0.89809604 | AL33: =IF((BA33-J33*0.00003-K33*0.00024)<=0.05,0,IF(T33="",0,IF(T33<=0.03,0,IF(((BA33-J33*0.00003-K33*0.00024)-0.05)/0.18/100/($AL$3/100)/炼钢参数表!P33*1000<=T33/100/($AL$3/100)/炼钢参数表!P33*1000,((BA33-J33*0.00003-K33*0.00024)-0.05)/0.18/100/($AL$3/100)/炼钢参数表!P33*1000,T33/100/($AL$3/100)/炼钢参数表!P33*1000)))) -> 0 | AM33: =IF(T33="",0,IF(T33<=0.03,0,((T33-AL33*($AL$3/100)*炼钢参数表!P33/10)/100/($AM$3/100)/炼钢参数表!P33*1000))) -> 0 | AN33: =IF(U33="",0,IF(U33<=0.02,0,(U33/100)/($AN$3/100)/炼钢参数表!Q33*1000)) -> 0 | AO33: =IF(V33="",0,IF(V33<=0.02,0,(V33/100)/($AO$3/100)/炼钢参数表!R33*1000)) -> 0 | AP33: =IF(W33="",0,IF(W33<=0.02,0,(W33/100)/($AP$3/100)/炼钢参数表!S33*1000)) -> 0 | AQ33: =IF(X33="",0,IF(X33<=0.0002,0,(X33/100)/($AQ$3/100)/炼钢参数表!T33*1000)) -> 0 | AR33: =IF(Y33="",0,IF(Y33<=0.02,0,(Y33/100)/($AR$3/100)/炼钢参数表!U33*1000)) -> 0 | AS33: =IF(L33<=0.04,0,((L33-0.04)/100)/($AS$3/100)/炼钢参数表!V33*1000) -> 0 | AT33: =IF(M33<=0.03,0,((M33-0.03)/100)/($AT$3/100)/炼钢参数表!W33*1000) -> 0 | AV33: =SUM(AB33:AU33) -> 8.2049644 | AW33: {=SUMPRODUCT($AB$4:$AU$4,AB33:AU33)/1000} -> 84.923851 | AY33: =F33 -> Q355-HW2 | AZ33: =VLOOKUP(AY33,炼钢参数表!$F$5:$J$1027,4,0) -> 0.070817568 | BA33: =I33-AZ33 -> 0.089182432 | BB33: =AB33*$BB$4*炼钢参数表!$X$5/1000 -> 0.0090821232 | BC33: =AC33*$BC$4*炼钢参数表!$X$5/1000 -> 0 | BD33: =AD33*$BD$4*炼钢参数表!$X$5/1000 -> 0 | BE33: =AE33*$BE$4*炼钢参数表!$X$5/1000 -> 0 | BF33: =AL33*$BF$4*炼钢参数表!$X$5/1000 -> 0 | BG33: =AM33*$BG$4*炼钢参数表!$X$5/1000 -> 0 | BH33: =SUM(BB33:BG33) -> 0.0090821232 | BI33: =AZ33+BH33 -> 0.079899691 | BJ33: =BI33-I33 -> -0.080100309
A34: 30 | B34: SPHC | C34: 01 | D34: 1.6 | E34: 8 | F34: SPHC-ZT | G34: C 热轧低碳钢-冷轧基料-C01 SPHC | H34: 1531 | I34: 0.05 | J34: 0.015 | K34: 0.23 | L34: 0.015 | M34: 0.01 | Q34: 0.025 | Z34: 40 | AB34: =IF(J34<=0.04,0,IF((BA34-AL34*BF$4*炼钢参数表!$X$5/1000-AM34*BG$4*炼钢参数表!$X$5/1000)<=0.03,0,IF((J34/100/0.1769/炼钢参数表!K34*1000)>(K34-炼钢参数表!J34)/100/0.6566/炼钢参数表!L34*1000,IF(K34<1.6,(K34-炼钢参数表!J34)/100/0.6566/炼钢参数表!L34*1000,(K34-0.08-炼钢参数表!J34)/100/0.6566/炼钢参数表!L34*1000),IF(K34<1.6,J34/100/0.1769/炼钢参数表!K34*1000,(J34-0.08)/100/0.1769/炼钢参数表!K34*1000)))) -> 0 | AC34: =IF((BA34-AB34*$BB$4*0.9/1000-AL34*BF$4*炼钢参数表!$X$5/1000-AM34*BG$4*炼钢参数表!$X$5/1000)<(K34-炼钢参数表!J34-AB34*0.6566*炼钢参数表!L34/10)*0.082,0,(K34-炼钢参数表!J34-AB34*0.6566*炼钢参数表!L34/10)/100/($AC$3/100)/炼钢参数表!L34*1000) -> 0 | AD34: =IF((BA34-AB34*$BB$4*0.9/1000-AC34*$BC$4*0.9/1000-AL34*BF$4*炼钢参数表!$X$5/1000-AM34*BG$4*炼钢参数表!$X$5/1000)<=(K34-炼钢参数表!J34-AB34*0.6566*炼钢参数表!L34/10-AC34*($AC$3/100)*炼钢参数表!L34/10)*0.02,0,((K34-炼钢参数表!J34-AB34*0.6566*炼钢参数表!L34/10-AC34*($AC$3/100)*炼钢参数表!L34/10)/100/($AD$3/100)/炼钢参数表!L34*1000)) -> 1.8157913 | AE34: =(K34-炼钢参数表!J34-AB34*0.6566*炼钢参数表!L34/10-AC34*($AC$3/100)*炼钢参数表!L34/10-AD34*($AD$3/100)*炼钢参数表!L34/10)/100/($AE$3/100)/炼钢参数表!L34*1000 -> 0 | AF34: 0 | AG34: =IF(J34<=0.04,0,((J34-(AB34*0.1769*炼钢参数表!K34/1000*100))/100/炼钢参数表!K34/($AG$3/100)*1000)) -> 0 | AH34: 1.2 | AI34: =IF(N34="",0,IF(N34<=0.002,0,((N34)/100)/($AI$3/100)/炼钢参数表!M34*1000)) -> 0 | AJ34: =IF(O34="",0,IF(O34<=0.002,0,((O34)/100)/($AJ$3/100)/炼钢参数表!N34*1000)) -> 0 | AK34: =IF(P34="",0,IF(P34<=0.002,0,((P34+0.005)/100)/($AK$3/100)/炼钢参数表!O34*1000)) -> 0 | AL34: =IF((BA34-J34*0.00003-K34*0.00024)<=0.05,0,IF(T34="",0,IF(T34<=0.03,0,IF(((BA34-J34*0.00003-K34*0.00024)-0.05)/0.18/100/($AL$3/100)/炼钢参数表!P34*1000<=T34/100/($AL$3/100)/炼钢参数表!P34*1000,((BA34-J34*0.00003-K34*0.00024)-0.05)/0.18/100/($AL$3/100)/炼钢参数表!P34*1000,T34/100/($AL$3/100)/炼钢参数表!P34*1000)))) -> 0 | AM34: =IF(T34="",0,IF(T34<=0.03,0,((T34-AL34*($AL$3/100)*炼钢参数表!P34/10)/100/($AM$3/100)/炼钢参数表!P34*1000))) -> 0 | AN34: =IF(U34="",0,IF(U34<=0.02,0,(U34/100)/($AN$3/100)/炼钢参数表!Q34*1000)) -> 0 | AO34: =IF(V34="",0,IF(V34<=0.02,0,(V34/100)/($AO$3/100)/炼钢参数表!R34*1000)) -> 0 | AP34: =IF(W34="",0,IF(W34<=0.02,0,(W34/100)/($AP$3/100)/炼钢参数表!S34*1000)) -> 0 | AQ34: =IF(X34="",0,IF(X34<=0.0002,0,(X34/100)/($AQ$3/100)/炼钢参数表!T34*1000)) -> 0 | AR34: =IF(Y34="",0,IF(Y34<=0.02,0,(Y34/100)/($AR$3/100)/炼钢参数表!U34*1000)) -> 0 | AS34: =IF(L34<=0.04,0,((L34-0.04)/100)/($AS$3/100)/炼钢参数表!V34*1000) -> 0 | AT34: =IF(M34<=0.03,0,((M34-0.03)/100)/($AT$3/100)/炼钢参数表!W34*1000) -> 0 | AV34: =SUM(AB34:AU34) -> 3.0157913 | AW34: {=SUMPRODUCT($AB$4:$AU$4,AB34:AU34)/1000} -> 40.840829 | AY34: =F34 -> SPHC-ZT | AZ34: =VLOOKUP(AY34,炼钢参数表!$F$5:$J$1027,4,0) -> 0.04 | BA34: =I34-AZ34 -> 0.01 | BB34: =AB34*$BB$4*炼钢参数表!$X$5/1000 -> 0 | BC34: =AC34*$BC$4*炼钢参数表!$X$5/1000 -> 0 | BD34: =AD34*$BD$4*炼钢参数表!$X$5/1000 -> 0.0024513182 | BE34: =AE34*$BE$4*炼钢参数表!$X$5/1000 -> 0 | BF34: =AL34*$BF$4*炼钢参数表!$X$5/1000 -> 0 | BG34: =AM34*$BG$4*炼钢参数表!$X$5/1000 -> 0 | BH34: =SUM(BB34:BG34) -> 0.0024513182 | BI34: =AZ34+BH34 -> 0.042451318 | BJ34: =BI34-I34 -> -0.0075486818 | BM34: 需控制终点碳含量
A35: 31 | B35: SPHC | C35: 02 | D35: 8.01 | E35: 16 | F35: SPHC-SX | G35: C 热轧低碳钢-冷轧基料-C01 SPHC | H35: 1531 | I35: 0.05 | J35: 0.015 | K35: 0.23 | L35: 0.015 | M35: 0.01 | Q35: 0.025 | Z35: 40 | AB35: =IF(J35<=0.04,0,IF((BA35-AL35*BF$4*炼钢参数表!$X$5/1000-AM35*BG$4*炼钢参数表!$X$5/1000)<=0.03,0,IF((J35/100/0.1769/炼钢参数表!K35*1000)>(K35-炼钢参数表!J35)/100/0.6566/炼钢参数表!L35*1000,IF(K35<1.6,(K35-炼钢参数表!J35)/100/0.6566/炼钢参数表!L35*1000,(K35-0.08-炼钢参数表!J35)/100/0.6566/炼钢参数表!L35*1000),IF(K35<1.6,J35/100/0.1769/炼钢参数表!K35*1000,(J35-0.08)/100/0.1769/炼钢参数表!K35*1000)))) -> 0 | AC35: =IF((BA35-AB35*$BB$4*0.9/1000-AL35*BF$4*炼钢参数表!$X$5/1000-AM35*BG$4*炼钢参数表!$X$5/1000)<(K35-炼钢参数表!J35-AB35*0.6566*炼钢参数表!L35/10)*0.082,0,(K35-炼钢参数表!J35-AB35*0.6566*炼钢参数表!L35/10)/100/($AC$3/100)/炼钢参数表!L35*1000) -> 0 | AD35: =IF((BA35-AB35*$BB$4*0.9/1000-AC35*$BC$4*0.9/1000-AL35*BF$4*炼钢参数表!$X$5/1000-AM35*BG$4*炼钢参数表!$X$5/1000)<=(K35-炼钢参数表!J35-AB35*0.6566*炼钢参数表!L35/10-AC35*($AC$3/100)*炼钢参数表!L35/10)*0.02,0,((K35-炼钢参数表!J35-AB35*0.6566*炼钢参数表!L35/10-AC35*($AC$3/100)*炼钢参数表!L35/10)/100/($AD$3/100)/炼钢参数表!L35*1000)) -> 1.8157913 | AE35: =(K35-炼钢参数表!J35-AB35*0.6566*炼钢参数表!L35/10-AC35*($AC$3/100)*炼钢参数表!L35/10-AD35*($AD$3/100)*炼钢参数表!L35/10)/100/($AE$3/100)/炼钢参数表!L35*1000 -> 0 | AF35: 0 | AG35: =IF(J35<=0.04,0,((J35-(AB35*0.1769*炼钢参数表!K35/1000*100))/100/炼钢参数表!K35/($AG$3/100)*1000)) -> 0 | AH35: 1.2 | AI35: =IF(N35="",0,IF(N35<=0.002,0,((N35)/100)/($AI$3/100)/炼钢参数表!M35*1000)) -> 0 | AJ35: =IF(O35="",0,IF(O35<=0.002,0,((O35)/100)/($AJ$3/100)/炼钢参数表!N35*1000)) -> 0 | AK35: =IF(P35="",0,IF(P35<=0.002,0,((P35+0.005)/100)/($AK$3/100)/炼钢参数表!O35*1000)) -> 0 | AL35: =IF((BA35-J35*0.00003-K35*0.00024)<=0.05,0,IF(T35="",0,IF(T35<=0.03,0,IF(((BA35-J35*0.00003-K35*0.00024)-0.05)/0.18/100/($AL$3/100)/炼钢参数表!P35*1000<=T35/100/($AL$3/100)/炼钢参数表!P35*1000,((BA35-J35*0.00003-K35*0.00024)-0.05)/0.18/100/($AL$3/100)/炼钢参数表!P35*1000,T35/100/($AL$3/100)/炼钢参数表!P35*1000)))) -> 0 | AM35: =IF(T35="",0,IF(T35<=0.03,0,((T35-AL35*($AL$3/100)*炼钢参数表!P35/10)/100/($AM$3/100)/炼钢参数表!P35*1000))) -> 0 | AN35: =IF(U35="",0,IF(U35<=0.02,0,(U35/100)/($AN$3/100)/炼钢参数表!Q35*1000)) -> 0 | AO35: =IF(V35="",0,IF(V35<=0.02,0,(V35/100)/($AO$3/100)/炼钢参数表!R35*1000)) -> 0 | AP35: =IF(W35="",0,IF(W35<=0.02,0,(W35/100)/($AP$3/100)/炼钢参数表!S35*1000)) -> 0 | AQ35: =IF(X35="",0,IF(X35<=0.0002,0,(X35/100)/($AQ$3/100)/炼钢参数表!T35*1000)) -> 0 | AR35: =IF(Y35="",0,IF(Y35<=0.02,0,(Y35/100)/($AR$3/100)/炼钢参数表!U35*1000)) -> 0 | AS35: =IF(L35<=0.04,0,((L35-0.04)/100)/($AS$3/100)/炼钢参数表!V35*1000) -> 0 | AT35: =IF(M35<=0.03,0,((M35-0.03)/100)/($AT$3/100)/炼钢参数表!W35*1000) -> 0 | AV35: =SUM(AB35:AU35) -> 3.0157913 | AW35: {=SUMPRODUCT($AB$4:$AU$4,AB35:AU35)/1000} -> 40.840829 | AY35: =F35 -> SPHC-SX | AZ35: =VLOOKUP(AY35,炼钢参数表!$F$5:$J$1027,4,0) -> 0.04 | BA35: =I35-AZ35 -> 0.01 | BB35: =AB35*$BB$4*炼钢参数表!$X$5/1000 -> 0 | BC35: =AC35*$BC$4*炼钢参数表!$X$5/1000 -> 0 | BD35: =AD35*$BD$4*炼钢参数表!$X$5/1000 -> 0.0024513182 | BE35: =AE35*$BE$4*炼钢参数表!$X$5/1000 -> 0 | BF35: =AL35*$BF$4*炼钢参数表!$X$5/1000 -> 0 | BG35: =AM35*$BG$4*炼钢参数表!$X$5/1000 -> 0 | BH35: =SUM(BB35:BG35) -> 0.0024513182 | BI35: =AZ35+BH35 -> 0.042451318 | BJ35: =BI35-I35 -> -0.0075486818 | BM35: 需控制终点碳含量
A36: 32 | B36: SPHC | C36: 01 | D36: 8.01 | E36: 16 | F36: SPHC-SX | G36: C 热轧低碳钢-冷轧基料-C01 SPHC | H36: 1531 | I36: 0.05 | J36: 0.015 | K36: 0.23 | L36: 0.015 | M36: 0.01 | Q36: 0.025 | Z36: 40 | AA36: SPHC-SX | AB36: =IF(J36<=0.04,0,IF((BA36-AL36*BF$4*炼钢参数表!$X$5/1000-AM36*BG$4*炼钢参数表!$X$5/1000)<=0.03,0,IF((J36/100/0.1769/炼钢参数表!K36*1000)>(K36-炼钢参数表!J36)/100/0.6566/炼钢参数表!L36*1000,IF(K36<1.6,(K36-炼钢参数表!J36)/100/0.6566/炼钢参数表!L36*1000,(K36-0.08-炼钢参数表!J36)/100/0.6566/炼钢参数表!L36*1000),IF(K36<1.6,J36/100/0.1769/炼钢参数表!K36*1000,(J36-0.08)/100/0.1769/炼钢参数表!K36*1000)))) -> 0 | AC36: =IF((BA36-AB36*$BB$4*0.9/1000-AL36*BF$4*炼钢参数表!$X$5/1000-AM36*BG$4*炼钢参数表!$X$5/1000)<(K36-炼钢参数表!J36-AB36*0.6566*炼钢参数表!L36/10)*0.082,0,(K36-炼钢参数表!J36-AB36*0.6566*炼钢参数表!L36/10)/100/($AC$3/100)/炼钢参数表!L36*1000) -> 0 | AD36: =IF((BA36-AB36*$BB$4*0.9/1000-AC36*$BC$4*0.9/1000-AL36*BF$4*炼钢参数表!$X$5/1000-AM36*BG$4*炼钢参数表!$X$5/1000)<=(K36-炼钢参数表!J36-AB36*0.6566*炼钢参数表!L36/10-AC36*($AC$3/100)*炼钢参数表!L36/10)*0.02,0,((K36-炼钢参数表!J36-AB36*0.6566*炼钢参数表!L36/10-AC36*($AC$3/100)*炼钢参数表!L36/10)/100/($AD$3/100)/炼钢参数表!L36*1000)) -> 1.8157913 | AE36: =(K36-炼钢参数表!J36-AB36*0.6566*炼钢参数表!L36/10-AC36*($AC$3/100)*炼钢参数表!L36/10-AD36*($AD$3/100)*炼钢参数表!L36/10)/100/($AE$3/100)/炼钢参数表!L36*1000 -> 0 | AF36: 0 | AG36: =IF(J36<=0.04,0,((J36-(AB36*0.1769*炼钢参数表!K36/1000*100))/100/炼钢参数表!K36/($AG$3/100)*1000)) -> 0 | AH36: 1.2 | AI36: =IF(N36="",0,IF(N36<=0.002,0,((N36)/100)/($AI$3/100)/炼钢参数表!M36*1000)) -> 0 | AJ36: =IF(O36="",0,IF(O36<=0.002,0,((O36)/100)/($AJ$3/100)/炼钢参数表!N36*1000)) -> 0 | AK36: =IF(P36="",0,IF(P36<=0.002,0,((P36+0.005)/100)/($AK$3/100)/炼钢参数表!O36*1000)) -> 0 | AL36: =IF((BA36-J36*0.00003-K36*0.00024)<=0.05,0,IF(T36="",0,IF(T36<=0.03,0,IF(((BA36-J36*0.00003-K36*0.00024)-0.05)/0.18/100/($AL$3/100)/炼钢参数表!P36*1000<=T36/100/($AL$3/100)/炼钢参数表!P36*1000,((BA36-J36*0.00003-K36*0.00024)-0.05)/0.18/100/($AL$3/100)/炼钢参数表!P36*1000,T36/100/($AL$3/100)/炼钢参数表!P36*1000)))) -> 0 | AM36: =IF(T36="",0,IF(T36<=0.03,0,((T36-AL36*($AL$3/100)*炼钢参数表!P36/10)/100/($AM$3/100)/炼钢参数表!P36*1000))) -> 0 | AN36: =IF(U36="",0,IF(U36<=0.02,0,(U36/100)/($AN$3/100)/炼钢参数表!Q36*1000)) -> 0 | AO36: =IF(V36="",0,IF(V36<=0.02,0,(V36/100)/($AO$3/100)/炼钢参数表!R36*1000)) -> 0 | AP36: =IF(W36="",0,IF(W36<=0.02,0,(W36/100)/($AP$3/100)/炼钢参数表!S36*1000)) -> 0 | AQ36: =IF(X36="",0,IF(X36<=0.0002,0,(X36/100)/($AQ$3/100)/炼钢参数表!T36*1000)) -> 0 | AR36: =IF(Y36="",0,IF(Y36<=0.02,0,(Y36/100)/($AR$3/100)/炼钢参数表!U36*1000)) -> 0 | AS36: =IF(L36<=0.04,0,((L36-0.04)/100)/($AS$3/100)/炼钢参数表!V36*1000) -> 0 | AT36: =IF(M36<=0.03,0,((M36-0.03)/100)/($AT$3/100)/炼钢参数表!W36*1000) -> 0 | AV36: =SUM(AB36:AU36) -> 3.0157913 | AW36: {=SUMPRODUCT($AB$4:$AU$4,AB36:AU36)/1000} -> 40.840829 | AY36: =F36 -> SPHC-SX | AZ36: =VLOOKUP(AY36,炼钢参数表!$F$5:$J$1027,4,0) -> 0.04 | BA36: =I36-AZ36 -> 0.01 | BB36: =AB36*$BB$4*炼钢参数表!$X$5/1000 -> 0 | BC36: =AC36*$BC$4*炼钢参数表!$X$5/1000 -> 0 | BD36: =AD36*$BD$4*炼钢参数表!$X$5/1000 -> 0.0024513182 | BE36: =AE36*$BE$4*炼钢参数表!$X$5/1000 -> 0 | BF36: =AL36*$BF$4*炼钢参数表!$X$5/1000 -> 0 | BG36: =AM36*$BG$4*炼钢参数表!$X$5/1000 -> 0 | BH36: =SUM(BB36:BG36) -> 0.0024513182 | BI36: =AZ36+BH36 -> 0.042451318 | BJ36: =BI36-I36 -> -0.0075486818 | BM36: 需控制终点碳含量
A37: 33 | B37: SPHC-M | C37: 01 | D37: 2.5 | E37: 5 | F37: SPHC-M | G37: C 热轧低碳钢-冷轧基料-C02 SPHC-M | H37: 1531 | I37: 0.045 | J37: 0.02 | K37: 0.25 | L37: 0.015 | M37: 0.006 | Q37: 0.025 | Z37: 45 | AB37: =IF(J37<=0.04,0,IF((BA37-AL37*BF$4*炼钢参数表!$X$5/1000-AM37*BG$4*炼钢参数表!$X$5/1000)<=0.03,0,IF((J37/100/0.1769/炼钢参数表!K37*1000)>(K37-炼钢参数表!J37)/100/0.6566/炼钢参数表!L37*1000,IF(K37<1.6,(K37-炼钢参数表!J37)/100/0.6566/炼钢参数表!L37*1000,(K37-0.08-炼钢参数表!J37)/100/0.6566/炼钢参数表!L37*1000),IF(K37<1.6,J37/100/0.1769/炼钢参数表!K37*1000,(J37-0.08)/100/0.1769/炼钢参数表!K37*1000)))) -> 0 | AC37: =IF((BA37-AB37*$BB$4*0.9/1000-AL37*BF$4*炼钢参数表!$X$5/1000-AM37*BG$4*炼钢参数表!$X$5/1000)<(K37-炼钢参数表!J37-AB37*0.6566*炼钢参数表!L37/10)*0.082,0,(K37-炼钢参数表!J37-AB37*0.6566*炼钢参数表!L37/10)/100/($AC$3/100)/炼钢参数表!L37*1000) -> 0 | AD37: =IF((BA37-AB37*$BB$4*0.9/1000-AC37*$BC$4*0.9/1000-AL37*BF$4*炼钢参数表!$X$5/1000-AM37*BG$4*炼钢参数表!$X$5/1000)<=(K37-炼钢参数表!J37-AB37*0.6566*炼钢参数表!L37/10-AC37*($AC$3/100)*炼钢参数表!L37/10)*0.02,0,((K37-炼钢参数表!J37-AB37*0.6566*炼钢参数表!L37/10-AC37*($AC$3/100)*炼钢参数表!L37/10)/100/($AD$3/100)/炼钢参数表!L37*1000)) -> 2.0756354 | AE37: =(K37-炼钢参数表!J37-AB37*0.6566*炼钢参数表!L37/10-AC37*($AC$3/100)*炼钢参数表!L37/10-AD37*($AD$3/100)*炼钢参数表!L37/10)/100/($AE$3/100)/炼钢参数表!L37*1000 -> 0 | AF37: 0 | AG37: =IF(J37<=0.04,0,((J37-(AB37*0.1769*炼钢参数表!K37/1000*100))/100/炼钢参数表!K37/($AG$3/100)*1000)) -> 0 | AH37: 1.2 | AI37: =IF(N37="",0,IF(N37<=0.002,0,((N37)/100)/($AI$3/100)/炼钢参数表!M37*1000)) -> 0 | AJ37: =IF(O37="",0,IF(O37<=0.002,0,((O37)/100)/($AJ$3/100)/炼钢参数表!N37*1000)) -> 0 | AK37: =IF(P37="",0,IF(P37<=0.002,0,((P37+0.005)/100)/($AK$3/100)/炼钢参数表!O37*1000)) -> 0 | AL37: =IF((BA37-J37*0.00003-K37*0.00024)<=0.05,0,IF(T37="",0,IF(T37<=0.03,0,IF(((BA37-J37*0.00003-K37*0.00024)-0.05)/0.18/100/($AL$3/100)/炼钢参数表!P37*1000<=T37/100/($AL$3/100)/炼钢参数表!P37*1000,((BA37-J37*0.00003-K37*0.00024)-0.05)/0.18/100/($AL$3/100)/炼钢参数表!P37*1000,T37/100/($AL$3/100)/炼钢参数表!P37*1000)))) -> 0 | AM37: =IF(T37="",0,IF(T37<=0.03,0,((T37-AL37*($AL$3/100)*炼钢参数表!P37/10)/100/($AM$3/100)/炼钢参数表!P37*1000))) -> 0 | AN37: =IF(U37="",0,IF(U37<=0.02,0,(U37/100)/($AN$3/100)/炼钢参数表!Q37*1000)) -> 0 | AO37: =IF(V37="",0,IF(V37<=0.02,0,(V37/100)/($AO$3/100)/炼钢参数表!R37*1000)) -> 0 | AP37: =IF(W37="",0,IF(W37<=0.02,0,(W37/100)/($AP$3/100)/炼钢参数表!S37*1000)) -> 0 | AQ37: =IF(X37="",0,IF(X37<=0.0002,0,(X37/100)/($AQ$3/100)/炼钢参数表!T37*1000)) -> 0 | AR37: =IF(Y37="",0,IF(Y37<=0.02,0,(Y37/100)/($AR$3/100)/炼钢参数表!U37*1000)) -> 0 | AS37: =IF(L37<=0.04,0,((L37-0.04)/100)/($AS$3/100)/炼钢参数表!V37*1000) -> 0 | AT37: =IF(M37<=0.03,0,((M37-0.03)/100)/($AT$3/100)/炼钢参数表!W37*1000) -> 0 | AV37: =SUM(AB37:AU37) -> 3.2756354 | AW37: {=SUMPRODUCT($AB$4:$AU$4,AB37:AU37)/1000} -> 42.849447 | AY37: =F37 -> SPHC-M | AZ37: =VLOOKUP(AY37,炼钢参数表!$F$5:$J$1027,4,0) -> 0.04 | BA37: =I37-AZ37 -> 0.005 | BB37: =AB37*$BB$4*炼钢参数表!$X$5/1000 -> 0 | BC37: =AC37*$BC$4*炼钢参数表!$X$5/1000 -> 0 | BD37: =AD37*$BD$4*炼钢参数表!$X$5/1000 -> 0.0028021079 | BE37: =AE37*$BE$4*炼钢参数表!$X$5/1000 -> 0 | BF37: =AL37*$BF$4*炼钢参数表!$X$5/1000 -> 0 | BG37: =AM37*$BG$4*炼钢参数表!$X$5/1000 -> 0 | BH37: =SUM(BB37:BG37) -> 0.0028021079 | BI37: =AZ37+BH37 -> 0.042802108 | BJ37: =BI37-I37 -> -0.0021978921 | BM37: 需控制终点碳含量
A38: 34 | B38: SPHC-M(B) | C38: 01 | D38: 2.5 | E38: 6 | F38: SPHC-M(B) | G38: C 热轧低碳钢-冷轧基料-C05 SPHC-M(B) | H38: 1531 | I38: 0.045 | J38: 0.02 | K38: 0.25 | L38: 0.015 | M38: 0.006 | Q38: 0.025 | X38: 0.0014 | AA38: 含硼马口铁 | AB38: =IF(J38<=0.04,0,IF((BA38-AL38*BF$4*炼钢参数表!$X$5/1000-AM38*BG$4*炼钢参数表!$X$5/1000)<=0.03,0,IF((J38/100/0.1769/炼钢参数表!K38*1000)>(K38-炼钢参数表!J38)/100/0.6566/炼钢参数表!L38*1000,IF(K38<1.6,(K38-炼钢参数表!J38)/100/0.6566/炼钢参数表!L38*1000,(K38-0.08-炼钢参数表!J38)/100/0.6566/炼钢参数表!L38*1000),IF(K38<1.6,J38/100/0.1769/炼钢参数表!K38*1000,(J38-0.08)/100/0.1769/炼钢参数表!K38*1000)))) -> 0 | AC38: =IF((BA38-AB38*$BB$4*0.9/1000-AL38*BF$4*炼钢参数表!$X$5/1000-AM38*BG$4*炼钢参数表!$X$5/1000)<(K38-炼钢参数表!J38-AB38*0.6566*炼钢参数表!L38/10)*0.082,0,(K38-炼钢参数表!J38-AB38*0.6566*炼钢参数表!L38/10)/100/($AC$3/100)/炼钢参数表!L38*1000) -> 0 | AD38: =IF((BA38-AB38*$BB$4*0.9/1000-AC38*$BC$4*0.9/1000-AL38*BF$4*炼钢参数表!$X$5/1000-AM38*BG$4*炼钢参数表!$X$5/1000)<=(K38-炼钢参数表!J38-AB38*0.6566*炼钢参数表!L38/10-AC38*($AC$3/100)*炼钢参数表!L38/10)*0.02,0,((K38-炼钢参数表!J38-AB38*0.6566*炼钢参数表!L38/10-AC38*($AC$3/100)*炼钢参数表!L38/10)/100/($AD$3/100)/炼钢参数表!L38*1000)) -> 1.8676302 | AE38: =(K38-炼钢参数表!J38-AB38*0.6566*炼钢参数表!L38/10-AC38*($AC$3/100)*炼钢参数表!L38/10-AD38*($AD$3/100)*炼钢参数表!L38/10)/100/($AE$3/100)/炼钢参数表!L38*1000 -> 0 | AF38: 0 | AG38: =IF(J38<=0.04,0,((J38-(AB38*0.1769*炼钢参数表!K38/1000*100))/100/炼钢参数表!K38/($AG$3/100)*1000)) -> 0 | AH38: 1.2 | AI38: =IF(N38="",0,IF(N38<=0.002,0,((N38)/100)/($AI$3/100)/炼钢参数表!M38*1000)) -> 0 | AJ38: =IF(O38="",0,IF(O38<=0.002,0,((O38)/100)/($AJ$3/100)/炼钢参数表!N38*1000)) -> 0 | AK38: =IF(P38="",0,IF(P38<=0.002,0,((P38+0.005)/100)/($AK$3/100)/炼钢参数表!O38*1000)) -> 0 | AL38: =IF((BA38-J38*0.00003-K38*0.00024)<=0.05,0,IF(T38="",0,IF(T38<=0.03,0,IF(((BA38-J38*0.00003-K38*0.00024)-0.05)/0.18/100/($AL$3/100)/炼钢参数表!P38*1000<=T38/100/($AL$3/100)/炼钢参数表!P38*1000,((BA38-J38*0.00003-K38*0.00024)-0.05)/0.18/100/($AL$3/100)/炼钢参数表!P38*1000,T38/100/($AL$3/100)/炼钢参数表!P38*1000)))) -> 0 | AM38: =IF(T38="",0,IF(T38<=0.03,0,((T38-AL38*($AL$3/100)*炼钢参数表!P38/10)/100/($AM$3/100)/炼钢参数表!P38*1000))) -> 0 | AN38: =IF(U38="",0,IF(U38<=0.02,0,(U38/100)/($AN$3/100)/炼钢参数表!Q38*1000)) -> 0 | AO38: =IF(V38="",0,IF(V38<=0.02,0,(V38/100)/($AO$3/100)/炼钢参数表!R38*1000)) -> 0 | AP38: =IF(W38="",0,IF(W38<=0.02,0,(W38/100)/($AP$3/100)/炼钢参数表!S38*1000)) -> 0 | AQ38: =IF(X38="",0,IF(X38<=0.0002,0,(X38/100)/($AQ$3/100)/炼钢参数表!T38*1000)) -> 0.11111111 | AR38: =IF(Y38="",0,IF(Y38<=0.02,0,(Y38/100)/($AR$3/100)/炼钢参数表!U38*1000)) -> 0 | AS38: =IF(L38<=0.04,0,((L38-0.04)/100)/($AS$3/100)/炼钢参数表!V38*1000) -> 0 | AT38: =IF(M38<=0.03,0,((M38-0.03)/100)/($AT$3/100)/炼钢参数表!W38*1000) -> 0 | AV38: =SUM(AB38:AU38) -> 3.1787413 | AW38: {=SUMPRODUCT($AB$4:$AU$4,AB38:AU38)/1000} -> 43.916081 | AY38: =F38 -> SPHC-M(B) | AZ38: =VLOOKUP(AY38,炼钢参数表!$F$5:$J$1027,4,0) -> 0.04 | BA38: =I38-AZ38 -> 0.005 | BB38: =AB38*$BB$4*炼钢参数表!$X$5/1000 -> 0 | BC38: =AC38*$BC$4*炼钢参数表!$X$5/1000 -> 0 | BD38: =AD38*$BD$4*炼钢参数表!$X$5/1000 -> 0.0025213007 | BE38: =AE38*$BE$4*炼钢参数表!$X$5/1000 -> 0 | BF38: =AL38*$BF$4*炼钢参数表!$X$5/1000 -> 0 | BG38: =AM38*$BG$4*炼钢参数表!$X$5/1000 -> 0 | BH38: =SUM(BB38:BG38) -> 0.0025213007 | BI38: =AZ38+BH38 -> 0.042521301 | BJ38: =BI38-I38 -> -0.0024786993 | BM38: 需控制终点碳含量
A39: 35 | B39: MRT2.5 | C39: 01 | D39: 2.5 | E39: 6 | F39: MRT2.5 | G39: C 热轧低碳钢-冷轧基料-C03 MRT2.5 | H39: 1529 | I39: 0.06 | J39: 0 | K39: 0.28 | L39: 0.015 | M39: 0.006 | Q39: 0.03 | AA39: 供日照昱岚新材料有限公司冷轧用热轧卷板 | AB39: =IF(J39<=0.04,0,IF((BA39-AL39*BF$4*炼钢参数表!$X$5/1000-AM39*BG$4*炼钢参数表!$X$5/1000)<=0.03,0,IF((J39/100/0.1769/炼钢参数表!K39*1000)>(K39-炼钢参数表!J39)/100/0.6566/炼钢参数表!L39*1000,IF(K39<1.6,(K39-炼钢参数表!J39)/100/0.6566/炼钢参数表!L39*1000,(K39-0.08-炼钢参数表!J39)/100/0.6566/炼钢参数表!L39*1000),IF(K39<1.6,J39/100/0.1769/炼钢参数表!K39*1000,(J39-0.08)/100/0.1769/炼钢参数表!K39*1000)))) -> 0 | AC39: =IF((BA39-AB39*$BB$4*0.9/1000-AL39*BF$4*炼钢参数表!$X$5/1000-AM39*BG$4*炼钢参数表!$X$5/1000)<(K39-炼钢参数表!J39-AB39*0.6566*炼钢参数表!L39/10)*0.082,0,(K39-炼钢参数表!J39-AB39*0.6566*炼钢参数表!L39/10)/100/($AC$3/100)/炼钢参数表!L39*1000) -> 1.8411118 | AD39: =IF((BA39-AB39*$BB$4*0.9/1000-AC39*$BC$4*0.9/1000-AL39*BF$4*炼钢参数表!$X$5/1000-AM39*BG$4*炼钢参数表!$X$5/1000)<=(K39-炼钢参数表!J39-AB39*0.6566*炼钢参数表!L39/10-AC39*($AC$3/100)*炼钢参数表!L39/10)*0.02,0,((K39-炼钢参数表!J39-AB39*0.6566*炼钢参数表!L39/10-AC39*($AC$3/100)*炼钢参数表!L39/10)/100/($AD$3/100)/炼钢参数表!L39*1000)) -> 0 | AE39: =(K39-炼钢参数表!J39-AB39*0.6566*炼钢参数表!L39/10-AC39*($AC$3/100)*炼钢参数表!L39/10-AD39*($AD$3/100)*炼钢参数表!L39/10)/100/($AE$3/100)/炼钢参数表!L39*1000 -> 0 | AF39: 0 | AG39: =IF(J39<=0.04,0,((J39-(AB39*0.1769*炼钢参数表!K39/1000*100))/100/炼钢参数表!K39/($AG$3/100)*1000)) -> 0 | AH39: 1.2 | AI39: =IF(N39="",0,IF(N39<=0.002,0,((N39)/100)/($AI$3/100)/炼钢参数表!M39*1000)) -> 0 | AJ39: =IF(O39="",0,IF(O39<=0.002,0,((O39)/100)/($AJ$3/100)/炼钢参数表!N39*1000)) -> 0 | AK39: =IF(P39="",0,IF(P39<=0.002,0,((P39+0.005)/100)/($AK$3/100)/炼钢参数表!O39*1000)) -> 0 | AL39: =IF((BA39-J39*0.00003-K39*0.00024)<=0.05,0,IF(T39="",0,IF(T39<=0.03,0,IF(((BA39-J39*0.00003-K39*0.00024)-0.05)/0.18/100/($AL$3/100)/炼钢参数表!P39*1000<=T39/100/($AL$3/100)/炼钢参数表!P39*1000,((BA39-J39*0.00003-K39*0.00024)-0.05)/0.18/100/($AL$3/100)/炼钢参数表!P39*1000,T39/100/($AL$3/100)/炼钢参数表!P39*1000)))) -> 0 | AM39: =IF(T39="",0,IF(T39<=0.03,0,((T39-AL39*($AL$3/100)*炼钢参数表!P39/10)/100/($AM$3/100)/炼钢参数表!P39*1000))) -> 0 | AN39: =IF(U39="",0,IF(U39<=0.02,0,(U39/100)/($AN$3/100)/炼钢参数表!Q39*1000)) -> 0 | AO39: =IF(V39="",0,IF(V39<=0.02,0,(V39/100)/($AO$3/100)/炼钢参数表!R39*1000)) -> 0 | AP39: =IF(W39="",0,IF(W39<=0.02,0,(W39/100)/($AP$3/100)/炼钢参数表!S39*1000)) -> 0 | AQ39: =IF(X39="",0,IF(X39<=0.0002,0,(X39/100)/($AQ$3/100)/炼钢参数表!T39*1000)) -> 0 | AR39: =IF(Y39="",0,IF(Y39<=0.02,0,(Y39/100)/($AR$3/100)/炼钢参数表!U39*1000)) -> 0 | AS39: =IF(L39<=0.04,0,((L39-0.04)/100)/($AS$3/100)/炼钢参数表!V39*1000) -> 0 | AT39: =IF(M39<=0.03,0,((M39-0.03)/100)/($AT$3/100)/炼钢参数表!W39*1000) -> 0 | AV39: =SUM(AB39:AU39) -> 3.0411118 | AW39: {=SUMPRODUCT($AB$4:$AU$4,AB39:AU39)/1000} -> 37.932738 | AY39: =F39 -> MRT2.5 | AZ39: =VLOOKUP(AY39,炼钢参数表!$F$5:$J$1027,4,0) -> 0.04 | BA39: =I39-AZ39 -> 0.02 | BB39: =AB39*$BB$4*炼钢参数表!$X$5/1000 -> 0 | BC39: =AC39*$BC$4*炼钢参数表!$X$5/1000 -> 0.011085334 | BD39: =AD39*$BD$4*炼钢参数表!$X$5/1000 -> 0 | BE39: =AE39*$BE$4*炼钢参数表!$X$5/1000 -> 0 | BF39: =AL39*$BF$4*炼钢参数表!$X$5/1000 -> 0 | BG39: =AM39*$BG$4*炼钢参数表!$X$5/1000 -> 0 | BH39: =SUM(BB39:BG39) -> 0.011085334 | BI39: =AZ39+BH39 -> 0.051085334 | BJ39: =BI39-I39 -> -0.008914666 | BM39: 需控制终点碳含量
A40: 36 | B40: YFMRT2.5 | C40: 01 | D40: 2.5 | E40: 6 | F40: YFMRT2.5 | G40: C 热轧低碳钢-冷轧基料-C07 YFMRT2.5 | H40: 1529 | I40: 0.06 | J40: 0 | K40: 0.28 | L40: 0.015 | M40: 0.006 | Q40: 0.03 | AA40: 供友富用热轧卷板 | AB40: =IF(J40<=0.04,0,IF((BA40-AL40*BF$4*炼钢参数表!$X$5/1000-AM40*BG$4*炼钢参数表!$X$5/1000)<=0.03,0,IF((J40/100/0.1769/炼钢参数表!K40*1000)>(K40-炼钢参数表!J40)/100/0.6566/炼钢参数表!L40*1000,IF(K40<1.6,(K40-炼钢参数表!J40)/100/0.6566/炼钢参数表!L40*1000,(K40-0.08-炼钢参数表!J40)/100/0.6566/炼钢参数表!L40*1000),IF(K40<1.6,J40/100/0.1769/炼钢参数表!K40*1000,(J40-0.08)/100/0.1769/炼钢参数表!K40*1000)))) -> 0 | AC40: =IF((BA40-AB40*$BB$4*0.9/1000-AL40*BF$4*炼钢参数表!$X$5/1000-AM40*BG$4*炼钢参数表!$X$5/1000)<(K40-炼钢参数表!J40-AB40*0.6566*炼钢参数表!L40/10)*0.082,0,(K40-炼钢参数表!J40-AB40*0.6566*炼钢参数表!L40/10)/100/($AC$3/100)/炼钢参数表!L40*1000) -> 2.4826284 | AD40: =IF((BA40-AB40*$BB$4*0.9/1000-AC40*$BC$4*0.9/1000-AL40*BF$4*炼钢参数表!$X$5/1000-AM40*BG$4*炼钢参数表!$X$5/1000)<=(K40-炼钢参数表!J40-AB40*0.6566*炼钢参数表!L40/10-AC40*($AC$3/100)*炼钢参数表!L40/10)*0.02,0,((K40-炼钢参数表!J40-AB40*0.6566*炼钢参数表!L40/10-AC40*($AC$3/100)*炼钢参数表!L40/10)/100/($AD$3/100)/炼钢参数表!L40*1000)) -> 0 | AE40: =(K40-炼钢参数表!J40-AB40*0.6566*炼钢参数表!L40/10-AC40*($AC$3/100)*炼钢参数表!L40/10-AD40*($AD$3/100)*炼钢参数表!L40/10)/100/($AE$3/100)/炼钢参数表!L40*1000 -> 0 | AF40: 0 | AG40: =IF(J40<=0.04,0,((J40-(AB40*0.1769*炼钢参数表!K40/1000*100))/100/炼钢参数表!K40/($AG$3/100)*1000)) -> 0 | AH40: 1.2 | AI40: =IF(N40="",0,IF(N40<=0.002,0,((N40)/100)/($AI$3/100)/炼钢参数表!M40*1000)) -> 0 | AJ40: =IF(O40="",0,IF(O40<=0.002,0,((O40)/100)/($AJ$3/100)/炼钢参数表!N40*1000)) -> 0 | AK40: =IF(P40="",0,IF(P40<=0.002,0,((P40+0.005)/100)/($AK$3/100)/炼钢参数表!O40*1000)) -> 0 | AL40: =IF((BA40-J40*0.00003-K40*0.00024)<=0.05,0,IF(T40="",0,IF(T40<=0.03,0,IF(((BA40-J40*0.00003-K40*0.00024)-0.05)/0.18/100/($AL$3/100)/炼钢参数表!P40*1000<=T40/100/($AL$3/100)/炼钢参数表!P40*1000,((BA40-J40*0.00003-K40*0.00024)-0.05)/0.18/100/($AL$3/100)/炼钢参数表!P40*1000,T40/100/($AL$3/100)/炼钢参数表!P40*1000)))) -> 0 | AM40: =IF(T40="",0,IF(T40<=0.03,0,((T40-AL40*($AL$3/100)*炼钢参数表!P40/10)/100/($AM$3/100)/炼钢参数表!P40*1000))) -> 0 | AN40: =IF(U40="",0,IF(U40<=0.02,0,(U40/100)/($AN$3/100)/炼钢参数表!Q40*1000)) -> 0 | AO40: =IF(V40="",0,IF(V40<=0.02,0,(V40/100)/($AO$3/100)/炼钢参数表!R40*1000)) -> 0 | AP40: =IF(W40="",0,IF(W40<=0.02,0,(W40/100)/($AP$3/100)/炼钢参数表!S40*1000)) -> 0 | AQ40: =IF(X40="",0,IF(X40<=0.0002,0,(X40/100)/($AQ$3/100)/炼钢参数表!T40*1000)) -> 0 | AR40: =IF(Y40="",0,IF(Y40<=0.02,0,(Y40/100)/($AR$3/100)/炼钢参数表!U40*1000)) -> 0 | AS40: =IF(L40<=0.04,0,((L40-0.04)/100)/($AS$3/100)/炼钢参数表!V40*1000) -> 0 | AT40: =IF(M40<=0.03,0,((M40-0.03)/100)/($AT$3/100)/炼钢参数表!W40*1000) -> 0 | AV40: =SUM(AB40:AU40) -> 3.6826284 | AW40: {=SUMPRODUCT($AB$4:$AU$4,AB40:AU40)/1000} -> 41.810223 | AY40: =F40 -> YFMRT2.5 | AZ40: =VLOOKUP(AY40,炼钢参数表!$F$5:$J$1027,4,0) -> 0.04 | BA40: =I40-AZ40 -> 0.02 | BB40: =AB40*$BB$4*炼钢参数表!$X$5/1000 -> 0 | BC40: =AC40*$BC$4*炼钢参数表!$X$5/1000 -> 0.014947906 | BD40: =AD40*$BD$4*炼钢参数表!$X$5/1000 -> 0 | BE40: =AE40*$BE$4*炼钢参数表!$X$5/1000 -> 0 | BF40: =AL40*$BF$4*炼钢参数表!$X$5/1000 -> 0 | BG40: =AM40*$BG$4*炼钢参数表!$X$5/1000 -> 0 | BH40: =SUM(BB40:BG40) -> 0.014947906 | BI40: =AZ40+BH40 -> 0.054947906 | BJ40: =BI40-I40 -> -0.0050520942
A41: 37 | B41: YLMRT3 | C41: 01 | D41: 2.5 | E41: 3.5 | F41: YLMRT3 | G41: C 热轧低碳钢-冷轧基料-C04 YLMRT3 | H41: 1528 | I41: 0.07 | J41: 0 | K41: 0.35 | L41: 0.015 | M41: 0.006 | Q41: 0.03 | AA41: 供日照昱岚新材料有限公司冷轧用热轧卷板 | AB41: =IF(J41<=0.04,0,IF((BA41-AL41*BF$4*炼钢参数表!$X$5/1000-AM41*BG$4*炼钢参数表!$X$5/1000)<=0.03,0,IF((J41/100/0.1769/炼钢参数表!K41*1000)>(K41-炼钢参数表!J41)/100/0.6566/炼钢参数表!L41*1000,IF(K41<1.6,(K41-炼钢参数表!J41)/100/0.6566/炼钢参数表!L41*1000,(K41-0.08-炼钢参数表!J41)/100/0.6566/炼钢参数表!L41*1000),IF(K41<1.6,J41/100/0.1769/炼钢参数表!K41*1000,(J41-0.08)/100/0.1769/炼钢参数表!K41*1000)))) -> 0 | AC41: =IF((BA41-AB41*$BB$4*0.9/1000-AL41*BF$4*炼钢参数表!$X$5/1000-AM41*BG$4*炼钢参数表!$X$5/1000)<(K41-炼钢参数表!J41-AB41*0.6566*炼钢参数表!L41/10)*0.082,0,(K41-炼钢参数表!J41-AB41*0.6566*炼钢参数表!L41/10)/100/($AC$3/100)/炼钢参数表!L41*1000) -> 3.440116 | AD41: =IF((BA41-AB41*$BB$4*0.9/1000-AC41*$BC$4*0.9/1000-AL41*BF$4*炼钢参数表!$X$5/1000-AM41*BG$4*炼钢参数表!$X$5/1000)<=(K41-炼钢参数表!J41-AB41*0.6566*炼钢参数表!L41/10-AC41*($AC$3/100)*炼钢参数表!L41/10)*0.02,0,((K41-炼钢参数表!J41-AB41*0.6566*炼钢参数表!L41/10-AC41*($AC$3/100)*炼钢参数表!L41/10)/100/($AD$3/100)/炼钢参数表!L41*1000)) -> 0 | AE41: =(K41-炼钢参数表!J41-AB41*0.6566*炼钢参数表!L41/10-AC41*($AC$3/100)*炼钢参数表!L41/10-AD41*($AD$3/100)*炼钢参数表!L41/10)/100/($AE$3/100)/炼钢参数表!L41*1000 -> 0 | AF41: 0 | AG41: =IF(J41<=0.04,0,((J41-(AB41*0.1769*炼钢参数表!K41/1000*100))/100/炼钢参数表!K41/($AG$3/100)*1000)) -> 0 | AH41: 1.2 | AI41: =IF(N41="",0,IF(N41<=0.002,0,((N41)/100)/($AI$3/100)/炼钢参数表!M41*1000)) -> 0 | AJ41: =IF(O41="",0,IF(O41<=0.002,0,((O41)/100)/($AJ$3/100)/炼钢参数表!N41*1000)) -> 0 | AK41: =IF(P41="",0,IF(P41<=0.002,0,((P41+0.005)/100)/($AK$3/100)/炼钢参数表!O41*1000)) -> 0 | AL41: =IF((BA41-J41*0.00003-K41*0.00024)<=0.05,0,IF(T41="",0,IF(T41<=0.03,0,IF(((BA41-J41*0.00003-K41*0.00024)-0.05)/0.18/100/($AL$3/100)/炼钢参数表!P41*1000<=T41/100/($AL$3/100)/炼钢参数表!P41*1000,((BA41-J41*0.00003-K41*0.00024)-0.05)/0.18/100/($AL$3/100)/炼钢参数表!P41*1000,T41/100/($AL$3/100)/炼钢参数表!P41*1000)))) -> 0 | AM41: =IF(T41="",0,IF(T41<=0.03,0,((T41-AL41*($AL$3/100)*炼钢参数表!P41/10)/100/($AM$3/100)/炼钢参数表!P41*1000))) -> 0 | AN41: =IF(U41="",0,IF(U41<=0.02,0,(U41/100)/($AN$3/100)/炼钢参数表!Q41*1000)) -> 0 | AO41: =IF(V41="",0,IF(V41<=0.02,0,(V41/100)/($AO$3/100)/炼钢参数表!R41*1000)) -> 0 | AP41: =IF(W41="",0,IF(W41<=0.02,0,(W41/100)/($AP$3/100)/炼钢参数表!S41*1000)) -> 0 | AQ41: =IF(X41="",0,IF(X41<=0.0002,0,(X41/100)/($AQ$3/100)/炼钢参数表!T41*1000)) -> 0 | AR41: =IF(Y41="",0,IF(Y41<=0.02,0,(Y41/100)/($AR$3/100)/炼钢参数表!U41*1000)) -> 0 | AS41: =IF(L41<=0.04,0,((L41-0.04)/100)/($AS$3/100)/炼钢参数表!V41*1000) -> 0 | AT41: =IF(M41<=0.03,0,((M41-0.03)/100)/($AT$3/100)/炼钢参数表!W41*1000) -> 0 | AV41: =SUM(AB41:AU41) -> 4.640116 | AW41: {=SUMPRODUCT($AB$4:$AU$4,AB41:AU41)/1000} -> 47.597515 | AY41: =F41 -> YLMRT3 | AZ41: =VLOOKUP(AY41,炼钢参数表!$F$5:$J$1027,4,0) -> 0.04 | BA41: =I41-AZ41 -> 0.03 | BB41: =AB41*$BB$4*炼钢参数表!$X$5/1000 -> 0 | BC41: =AC41*$BC$4*炼钢参数表!$X$5/1000 -> 0.020712938 | BD41: =AD41*$BD$4*炼钢参数表!$X$5/1000 -> 0 | BE41: =AE41*$BE$4*炼钢参数表!$X$5/1000 -> 0 | BF41: =AL41*$BF$4*炼钢参数表!$X$5/1000 -> 0 | BG41: =AM41*$BG$4*炼钢参数表!$X$5/1000 -> 0 | BH41: =SUM(BB41:BG41) -> 0.020712938 | BI41: =AZ41+BH41 -> 0.060712938 | BJ41: =BI41-I41 -> -0.0092870616
A42: 38 | B42: Q355B | C42: 02 | D42: 0.1 | E42: 5.99 | F42: Q355B-1 | G42: B 结构钢-低合金高强结构钢-B01 Q355B | H42: 1518 | I42: 0.16 | J42: 0.08 | K42: 0.35 | L42: 0.02 | M42: 0.01 | P42: 0.04 | Q42: 0.02 | AB42: =IF(J42<=0.04,0,IF((BA42-AL42*BF$4*炼钢参数表!$X$5/1000-AM42*BG$4*炼钢参数表!$X$5/1000)<=0.03,0,IF((J42/100/0.1769/炼钢参数表!K42*1000)>(K42-炼钢参数表!J42)/100/0.6566/炼钢参数表!L42*1000,IF(K42<1.6,(K42-炼钢参数表!J42)/100/0.6566/炼钢参数表!L42*1000,(K42-0.08-炼钢参数表!J42)/100/0.6566/炼钢参数表!L42*1000),IF(K42<1.6,J42/100/0.1769/炼钢参数表!K42*1000,(J42-0.08)/100/0.1769/炼钢参数表!K42*1000)))) -> 3.5358864 | AC42: =IF((BA42-AB42*$BB$4*0.9/1000-AL42*BF$4*炼钢参数表!$X$5/1000-AM42*BG$4*炼钢参数表!$X$5/1000)<(K42-炼钢参数表!J42-AB42*0.6566*炼钢参数表!L42/10)*0.082,0,(K42-炼钢参数表!J42-AB42*0.6566*炼钢参数表!L42/10)/100/($AC$3/100)/炼钢参数表!L42*1000) -> 0 | AD42: =IF((BA42-AB42*$BB$4*0.9/1000-AC42*$BC$4*0.9/1000-AL42*BF$4*炼钢参数表!$X$5/1000-AM42*BG$4*炼钢参数表!$X$5/1000)<=(K42-炼钢参数表!J42-AB42*0.6566*炼钢参数表!L42/10-AC42*($AC$3/100)*炼钢参数表!L42/10)*0.02,0,((K42-炼钢参数表!J42-AB42*0.6566*炼钢参数表!L42/10-AC42*($AC$3/100)*炼钢参数表!L42/10)/100/($AD$3/100)/炼钢参数表!L42*1000)) -> 0 | AE42: =(K42-炼钢参数表!J42-AB42*0.6566*炼钢参数表!L42/10-AC42*($AC$3/100)*炼钢参数表!L42/10-AD42*($AD$3/100)*炼钢参数表!L42/10)/100/($AE$3/100)/炼钢参数表!L42*1000 -> 0 | AF42: 0 | AG42: =IF(J42<=0.04,0,((J42-(AB42*0.1769*炼钢参数表!K42/1000*100))/100/炼钢参数表!K42/($AG$3/100)*1000)) -> 0.51848498 | AH42: 1.4277685 | AI42: =IF(N42="",0,IF(N42<=0.002,0,((N42)/100)/($AI$3/100)/炼钢参数表!M42*1000)) -> 0 | AJ42: =IF(O42="",0,IF(O42<=0.002,0,((O42)/100)/($AJ$3/100)/炼钢参数表!N42*1000)) -> 0 | AK42: =IF(P42="",0,IF(P42<=0.002,0,((P42+0.005)/100)/($AK$3/100)/炼钢参数表!O42*1000)) -> 0.89809604 | AL42: =IF((BA42-J42*0.00003-K42*0.00024)<=0.05,0,IF(T42="",0,IF(T42<=0.03,0,IF(((BA42-J42*0.00003-K42*0.00024)-0.05)/0.18/100/($AL$3/100)/炼钢参数表!P42*1000<=T42/100/($AL$3/100)/炼钢参数表!P42*1000,((BA42-J42*0.00003-K42*0.00024)-0.05)/0.18/100/($AL$3/100)/炼钢参数表!P42*1000,T42/100/($AL$3/100)/炼钢参数表!P42*1000)))) -> 0 | AM42: =IF(T42="",0,IF(T42<=0.03,0,((T42-AL42*($AL$3/100)*炼钢参数表!P42/10)/100/($AM$3/100)/炼钢参数表!P42*1000))) -> 0 | AN42: =IF(U42="",0,IF(U42<=0.02,0,(U42/100)/($AN$3/100)/炼钢参数表!Q42*1000)) -> 0 | AO42: =IF(V42="",0,IF(V42<=0.02,0,(V42/100)/($AO$3/100)/炼钢参数表!R42*1000)) -> 0 | AP42: =IF(W42="",0,IF(W42<=0.02,0,(W42/100)/($AP$3/100)/炼钢参数表!S42*1000)) -> 0 | AQ42: =IF(X42="",0,IF(X42<=0.0002,0,(X42/100)/($AQ$3/100)/炼钢参数表!T42*1000)) -> 0 | AR42: =IF(Y42="",0,IF(Y42<=0.02,0,(Y42/100)/($AR$3/100)/炼钢参数表!U42*1000)) -> 0 | AS42: =IF(L42<=0.04,0,((L42-0.04)/100)/($AS$3/100)/炼钢参数表!V42*1000) -> 0 | AT42: =IF(M42<=0.03,0,((M42-0.03)/100)/($AT$3/100)/炼钢参数表!W42*1000) -> 0 | AV42: =SUM(AB42:AU42) -> 6.3802358 | AW42: {=SUMPRODUCT($AB$4:$AU$4,AB42:AU42)/1000} -> 75.380373 | AY42: =F42 -> Q355B-1 | AZ42: =VLOOKUP(AY42,炼钢参数表!$F$5:$J$1027,4,0) -> 0.070817568 | BA42: =I42-AZ42 -> 0.089182432 | BB42: =AB42*$BB$4*炼钢参数表!$X$5/1000 -> 0.0054735521 | BC42: =AC42*$BC$4*炼钢参数表!$X$5/1000 -> 0 | BD42: =AD42*$BD$4*炼钢参数表!$X$5/1000 -> 0 | BE42: =AE42*$BE$4*炼钢参数表!$X$5/1000 -> 0 | BF42: =AL42*$BF$4*炼钢参数表!$X$5/1000 -> 0 | BG42: =AM42*$BG$4*炼钢参数表!$X$5/1000 -> 0 | BH42: =SUM(BB42:BG42) -> 0.0054735521 | BI42: =AZ42+BH42 -> 0.07629112 | BJ42: =BI42-I42 -> -0.08370888
A43: 39 | B43: Q355B | C43: 01 | D43: 6 | E43: 15.99 | F43: Q355B-2 | G43: B 结构钢-低合金高强结构钢-B01 Q355B | H43: 1517 | I43: 0.16 | J43: 0.08 | K43: 0.5 | L43: 0.02 | M43: 0.01 | P43: 0.04 | Q43: 0.02 | AB43: =IF(J43<=0.04,0,IF((BA43-AL43*BF$4*炼钢参数表!$X$5/1000-AM43*BG$4*炼钢参数表!$X$5/1000)<=0.03,0,IF((J43/100/0.1769/炼钢参数表!K43*1000)>(K43-炼钢参数表!J43)/100/0.6566/炼钢参数表!L43*1000,IF(K43<1.6,(K43-炼钢参数表!J43)/100/0.6566/炼钢参数表!L43*1000,(K43-0.08-炼钢参数表!J43)/100/0.6566/炼钢参数表!L43*1000),IF(K43<1.6,J43/100/0.1769/炼钢参数表!K43*1000,(J43-0.08)/100/0.1769/炼钢参数表!K43*1000)))) -> 5.6529112 | AC43: =IF((BA43-AB43*$BB$4*0.9/1000-AL43*BF$4*炼钢参数表!$X$5/1000-AM43*BG$4*炼钢参数表!$X$5/1000)<(K43-炼钢参数表!J43-AB43*0.6566*炼钢参数表!L43/10)*0.082,0,(K43-炼钢参数表!J43-AB43*0.6566*炼钢参数表!L43/10)/100/($AC$3/100)/炼钢参数表!L43*1000) -> 0.20585112 | AD43: =IF((BA43-AB43*$BB$4*0.9/1000-AC43*$BC$4*0.9/1000-AL43*BF$4*炼钢参数表!$X$5/1000-AM43*BG$4*炼钢参数表!$X$5/1000)<=(K43-炼钢参数表!J43-AB43*0.6566*炼钢参数表!L43/10-AC43*($AC$3/100)*炼钢参数表!L43/10)*0.02,0,((K43-炼钢参数表!J43-AB43*0.6566*炼钢参数表!L43/10-AC43*($AC$3/100)*炼钢参数表!L43/10)/100/($AD$3/100)/炼钢参数表!L43*1000)) -> 0 | AE43: =(K43-炼钢参数表!J43-AB43*0.6566*炼钢参数表!L43/10-AC43*($AC$3/100)*炼钢参数表!L43/10-AD43*($AD$3/100)*炼钢参数表!L43/10)/100/($AE$3/100)/炼钢参数表!L43*1000 -> 0 | AF43: 0 | AG43: =IF(J43<=0.04,0,((J43-(AB43*0.1769*炼钢参数表!K43/1000*100))/100/炼钢参数表!K43/($AG$3/100)*1000)) -> 0 | AH43: 1.4 | AI43: =IF(N43="",0,IF(N43<=0.002,0,((N43)/100)/($AI$3/100)/炼钢参数表!M43*1000)) -> 0 | AJ43: =IF(O43="",0,IF(O43<=0.002,0,((O43)/100)/($AJ$3/100)/炼钢参数表!N43*1000)) -> 0 | AK43: =IF(P43="",0,IF(P43<=0.002,0,((P43+0.005)/100)/($AK$3/100)/炼钢参数表!O43*1000)) -> 0.89809604 | AL43: =IF((BA43-J43*0.00003-K43*0.00024)<=0.05,0,IF(T43="",0,IF(T43<=0.03,0,IF(((BA43-J43*0.00003-K43*0.00024)-0.05)/0.18/100/($AL$3/100)/炼钢参数表!P43*1000<=T43/100/($AL$3/100)/炼钢参数表!P43*1000,((BA43-J43*0.00003-K43*0.00024)-0.05)/0.18/100/($AL$3/100)/炼钢参数表!P43*1000,T43/100/($AL$3/100)/炼钢参数表!P43*1000)))) -> 0 | AM43: =IF(T43="",0,IF(T43<=0.03,0,((T43-AL43*($AL$3/100)*炼钢参数表!P43/10)/100/($AM$3/100)/炼钢参数表!P43*1000))) -> 0 | AN43: =IF(U43="",0,IF(U43<=0.02,0,(U43/100)/($AN$3/100)/炼钢参数表!Q43*1000)) -> 0 | AO43: =IF(V43="",0,IF(V43<=0.02,0,(V43/100)/($AO$3/100)/炼钢参数表!R43*1000)) -> 0 | AP43: =IF(W43="",0,IF(W43<=0.02,0,(W43/100)/($AP$3/100)/炼钢参数表!S43*1000)) -> 0 | AQ43: =IF(X43="",0,IF(X43<=0.0002,0,(X43/100)/($AQ$3/100)/炼钢参数表!T43*1000)) -> 0 | AR43: =IF(Y43="",0,IF(Y43<=0.02,0,(Y43/100)/($AR$3/100)/炼钢参数表!U43*1000)) -> 0 | AS43: =IF(L43<=0.04,0,((L43-0.04)/100)/($AS$3/100)/炼钢参数表!V43*1000) -> 0 | AT43: =IF(M43<=0.03,0,((M43-0.03)/100)/($AT$3/100)/炼钢参数表!W43*1000) -> 0 | AV43: =SUM(AB43:AU43) -> 8.1568584 | AW43: {=SUMPRODUCT($AB$4:$AU$4,AB43:AU43)/1000} -> 84.79993 | AY43: =F43 -> Q355B-2 | AZ43: =VLOOKUP(AY43,炼钢参数表!$F$5:$J$1027,4,0) -> 0.074004318 | BA43: =I43-AZ43 -> 0.085995682 | BB43: =AB43*$BB$4*炼钢参数表!$X$5/1000 -> 0.0087507066 | BC43: =AC43*$BC$4*炼钢参数表!$X$5/1000 -> 0.0012394296 | BD43: =AD43*$BD$4*炼钢参数表!$X$5/1000 -> 0 | BE43: =AE43*$BE$4*炼钢参数表!$X$5/1000 -> 0 | BF43: =AL43*$BF$4*炼钢参数表!$X$5/1000 -> 0 | BG43: =AM43*$BG$4*炼钢参数表!$X$5/1000 -> 0 | BH43: =SUM(BB43:BG43) -> 0.0099901362 | BI43: =AZ43+BH43 -> 0.083994455 | BJ43: =BI43-I43 -> -0.076005545
A44: 40 | B44: Q355B | C44: 03 | D44: 16 | E44: 28 | F44: Q355B-3B | G44: B 低合金钢-低合金高强结构钢-B01 Q355B | H44: 1514 | I44: 0.16 | J44: 0.18 | K44: 1.1 | L44: 0.02 | M44: 0.01 | O44: 0.008 | P44: 0.025 | Q44: 0.02 | AB44: =IF(J44<=0.04,0,IF((BA44-AL44*BF$4*炼钢参数表!$X$5/1000-AM44*BG$4*炼钢参数表!$X$5/1000)<=0.03,0,IF((J44/100/0.1769/炼钢参数表!K44*1000)>(K44-炼钢参数表!J44)/100/0.6566/炼钢参数表!L44*1000,IF(K44<1.6,(K44-炼钢参数表!J44)/100/0.6566/炼钢参数表!L44*1000,(K44-0.08-炼钢参数表!J44)/100/0.6566/炼钢参数表!L44*1000),IF(K44<1.6,J44/100/0.1769/炼钢参数表!K44*1000,(J44-0.08)/100/0.1769/炼钢参数表!K44*1000)))) -> 12.71905 | AC44: =IF((BA44-AB44*$BB$4*0.9/1000-AL44*BF$4*炼钢参数表!$X$5/1000-AM44*BG$4*炼钢参数表!$X$5/1000)<(K44-炼钢参数表!J44-AB44*0.6566*炼钢参数表!L44/10)*0.082,0,(K44-炼钢参数表!J44-AB44*0.6566*炼钢参数表!L44/10)/100/($AC$3/100)/炼钢参数表!L44*1000) -> 2.2927546 | AD44: =IF((BA44-AB44*$BB$4*0.9/1000-AC44*$BC$4*0.9/1000-AL44*BF$4*炼钢参数表!$X$5/1000-AM44*BG$4*炼钢参数表!$X$5/1000)<=(K44-炼钢参数表!J44-AB44*0.6566*炼钢参数表!L44/10-AC44*($AC$3/100)*炼钢参数表!L44/10)*0.02,0,((K44-炼钢参数表!J44-AB44*0.6566*炼钢参数表!L44/10-AC44*($AC$3/100)*炼钢参数表!L44/10)/100/($AD$3/100)/炼钢参数表!L44*1000)) -> 0 | AE44: =(K44-炼钢参数表!J44-AB44*0.6566*炼钢参数表!L44/10-AC44*($AC$3/100)*炼钢参数表!L44/10-AD44*($AD$3/100)*炼钢参数表!L44/10)/100/($AE$3/100)/炼钢参数表!L44*1000 -> 0 | AF44: 0 | AG44: =IF(J44<=0.04,0,((J44-(AB44*0.1769*炼钢参数表!K44/1000*100))/100/炼钢参数表!K44/($AG$3/100)*1000)) -> 0 | AH44: 1.4 | AI44: =IF(N44="",0,IF(N44<=0.002,0,((N44)/100)/($AI$3/100)/炼钢参数表!M44*1000)) -> 0 | AJ44: =IF(O44="",0,IF(O44<=0.002,0,((O44)/100)/($AJ$3/100)/炼钢参数表!N44*1000)) -> 0.12551146 | AK44: =IF(P44="",0,IF(P44<=0.002,0,((P44+0.005)/100)/($AK$3/100)/炼钢参数表!O44*1000)) -> 0.59873069 | AL44: =IF((BA44-J44*0.00003-K44*0.00024)<=0.05,0,IF(T44="",0,IF(T44<=0.03,0,IF(((BA44-J44*0.00003-K44*0.00024)-0.05)/0.18/100/($AL$3/100)/炼钢参数表!P44*1000<=T44/100/($AL$3/100)/炼钢参数表!P44*1000,((BA44-J44*0.00003-K44*0.00024)-0.05)/0.18/100/($AL$3/100)/炼钢参数表!P44*1000,T44/100/($AL$3/100)/炼钢参数表!P44*1000)))) -> 0 | AM44: =IF(T44="",0,IF(T44<=0.03,0,((T44-AL44*($AL$3/100)*炼钢参数表!P44/10)/100/($AM$3/100)/炼钢参数表!P44*1000))) -> 0 | AN44: =IF(U44="",0,IF(U44<=0.02,0,(U44/100)/($AN$3/100)/炼钢参数表!Q44*1000)) -> 0 | AO44: =IF(V44="",0,IF(V44<=0.02,0,(V44/100)/($AO$3/100)/炼钢参数表!R44*1000)) -> 0 | AP44: =IF(W44="",0,IF(W44<=0.02,0,(W44/100)/($AP$3/100)/炼钢参数表!S44*1000)) -> 0 | AQ44: =IF(X44="",0,IF(X44<=0.0002,0,(X44/100)/($AQ$3/100)/炼钢参数表!T44*1000)) -> 0 | AR44: =IF(Y44="",0,IF(Y44<=0.02,0,(Y44/100)/($AR$3/100)/炼钢参数表!U44*1000)) -> 0 | AS44: =IF(L44<=0.04,0,((L44-0.04)/100)/($AS$3/100)/炼钢参数表!V44*1000) -> 0 | AT44: =IF(M44<=0.03,0,((M44-0.03)/100)/($AT$3/100)/炼钢参数表!W44*1000) -> 0 | AV44: =SUM(AB44:AU44) -> 17.136047 | AW44: {=SUMPRODUCT($AB$4:$AU$4,AB44:AU44)/1000} -> 155.57214 | AY44: =F44 -> Q355B-3B | AZ44: =VLOOKUP(AY44,炼钢参数表!$F$5:$J$1027,4,0) -> 0.074124444 | BA44: =I44-AZ44 -> 0.085875556 | BB44: =AB44*$BB$4*炼钢参数表!$X$5/1000 -> 0.01968909 | BC44: =AC44*$BC$4*炼钢参数表!$X$5/1000 -> 0.013804675 | BD44: =AD44*$BD$4*炼钢参数表!$X$5/1000 -> 0 | BE44: =AE44*$BE$4*炼钢参数表!$X$5/1000 -> 0 | BF44: =AL44*$BF$4*炼钢参数表!$X$5/1000 -> 0 | BG44: =AM44*$BG$4*炼钢参数表!$X$5/1000 -> 0 | BH44: =SUM(BB44:BG44) -> 0.033493765 | BI44: =AZ44+BH44 -> 0.10761821 | BJ44: =BI44-I44 -> -0.05238179
A45: 41 | B45: Q355C | C45: 01 | D45: 2 | E45: 12 | F45: Q355C-1 | G45: B 低合金钢-低合金高强结构钢-B03 Q355C | H45: 1517 | I45: 0.16 | J45: 0.15 | K45: 1 | L45: 0.018 | M45: 0.01 | P45: 0.03 | Q45: 0.025 | S45: 0 | T45: 0 | U45: 0 | V45: 0 | Z45: 40 | AB45: =IF(J45<=0.04,0,IF((BA45-AL45*BF$4*炼钢参数表!$X$5/1000-AM45*BG$4*炼钢参数表!$X$5/1000)<=0.03,0,IF((J45/100/0.1769/炼钢参数表!K45*1000)>(K45-炼钢参数表!J45)/100/0.6566/炼钢参数表!L45*1000,IF(K45<1.6,(K45-炼钢参数表!J45)/100/0.6566/炼钢参数表!L45*1000,(K45-0.08-炼钢参数表!J45)/100/0.6566/炼钢参数表!L45*1000),IF(K45<1.6,J45/100/0.1769/炼钢参数表!K45*1000,(J45-0.08)/100/0.1769/炼钢参数表!K45*1000)))) -> 10.599209 | AC45: =IF((BA45-AB45*$BB$4*0.9/1000-AL45*BF$4*炼钢参数表!$X$5/1000-AM45*BG$4*炼钢参数表!$X$5/1000)<(K45-炼钢参数表!J45-AB45*0.6566*炼钢参数表!L45/10)*0.082,0,(K45-炼钢参数表!J45-AB45*0.6566*炼钢参数表!L45/10)/100/($AC$3/100)/炼钢参数表!L45*1000) -> 2.817405 | AD45: =IF((BA45-AB45*$BB$4*0.9/1000-AC45*$BC$4*0.9/1000-AL45*BF$4*炼钢参数表!$X$5/1000-AM45*BG$4*炼钢参数表!$X$5/1000)<=(K45-炼钢参数表!J45-AB45*0.6566*炼钢参数表!L45/10-AC45*($AC$3/100)*炼钢参数表!L45/10)*0.02,0,((K45-炼钢参数表!J45-AB45*0.6566*炼钢参数表!L45/10-AC45*($AC$3/100)*炼钢参数表!L45/10)/100/($AD$3/100)/炼钢参数表!L45*1000)) -> 0 | AE45: =(K45-炼钢参数表!J45-AB45*0.6566*炼钢参数表!L45/10-AC45*($AC$3/100)*炼钢参数表!L45/10-AD45*($AD$3/100)*炼钢参数表!L45/10)/100/($AE$3/100)/炼钢参数表!L45*1000 -> 0 | AF45: 0 | AG45: =IF(J45<=0.04,0,((J45-(AB45*0.1769*炼钢参数表!K45/1000*100))/100/炼钢参数表!K45/($AG$3/100)*1000)) -> 0 | AH45: 1.4 | AI45: =IF(N45="",0,IF(N45<=0.002,0,((N45)/100)/($AI$3/100)/炼钢参数表!M45*1000)) -> 0 | AJ45: =IF(O45="",0,IF(O45<=0.002,0,((O45)/100)/($AJ$3/100)/炼钢参数表!N45*1000)) -> 0 | AK45: =IF(P45="",0,IF(P45<=0.002,0,((P45+0.005)/100)/($AK$3/100)/炼钢参数表!O45*1000)) -> 0.69851914 | AL45: =IF((BA45-J45*0.00003-K45*0.00024)<=0.05,0,IF(T45="",0,IF(T45<=0.03,0,IF(((BA45-J45*0.00003-K45*0.00024)-0.05)/0.18/100/($AL$3/100)/炼钢参数表!P45*1000<=T45/100/($AL$3/100)/炼钢参数表!P45*1000,((BA45-J45*0.00003-K45*0.00024)-0.05)/0.18/100/($AL$3/100)/炼钢参数表!P45*1000,T45/100/($AL$3/100)/炼钢参数表!P45*1000)))) -> 0 | AM45: =IF(T45="",0,IF(T45<=0.03,0,((T45-AL45*($AL$3/100)*炼钢参数表!P45/10)/100/($AM$3/100)/炼钢参数表!P45*1000))) -> 0 | AN45: =IF(U45="",0,IF(U45<=0.02,0,(U45/100)/($AN$3/100)/炼钢参数表!Q45*1000)) -> 0 | AO45: =IF(V45="",0,IF(V45<=0.02,0,(V45/100)/($AO$3/100)/炼钢参数表!R45*1000)) -> 0 | AP45: =IF(W45="",0,IF(W45<=0.02,0,(W45/100)/($AP$3/100)/炼钢参数表!S45*1000)) -> 0 | AQ45: =IF(X45="",0,IF(X45<=0.0002,0,(X45/100)/($AQ$3/100)/炼钢参数表!T45*1000)) -> 0 | AR45: =IF(Y45="",0,IF(Y45<=0.02,0,(Y45/100)/($AR$3/100)/炼钢参数表!U45*1000)) -> 0 | AS45: =IF(L45<=0.04,0,((L45-0.04)/100)/($AS$3/100)/炼钢参数表!V45*1000) -> 0 | AT45: =IF(M45<=0.03,0,((M45-0.03)/100)/($AT$3/100)/炼钢参数表!W45*1000) -> 0 | AV45: =SUM(AB45:AU45) -> 15.515133 | AW45: {=SUMPRODUCT($AB$4:$AU$4,AB45:AU45)/1000} -> 122.6134 | AY45: =F45 -> Q355C-1 | AZ45: =VLOOKUP(AY45,炼钢参数表!$F$5:$J$1027,4,0) -> 0.071 | BA45: =I45-AZ45 -> 0.089 | BB45: =AB45*$BB$4*炼钢参数表!$X$5/1000 -> 0.016407575 | BC45: =AC45*$BC$4*炼钢参数表!$X$5/1000 -> 0.016963595 | BD45: =AD45*$BD$4*炼钢参数表!$X$5/1000 -> 0 | BE45: =AE45*$BE$4*炼钢参数表!$X$5/1000 -> 0 | BF45: =AL45*$BF$4*炼钢参数表!$X$5/1000 -> 0 | BG45: =AM45*$BG$4*炼钢参数表!$X$5/1000 -> 0 | BH45: =SUM(BB45:BG45) -> 0.03337117 | BI45: =AZ45+BH45 -> 0.10437117 | BJ45: =BI45-I45 -> -0.05562883
A46: 42 | B46: Q355C | C46: 02 | D46: 12.01 | E46: 19 | F46: Q355C-2 | G46: B 低合金钢-低合金高强结构钢-B03 Q355C | H46: 1517 | I46: 0.16 | J46: 0.15 | K46: 1.25 | L46: 0.018 | M46: 0.005 | O46: 0.008 | P46: 0.015 | Q46: 0.025 | S46: 0 | T46: 0 | U46: 0 | V46: 0 | Z46: 40 | AB46: =IF(J46<=0.04,0,IF((BA46-AL46*BF$4*炼钢参数表!$X$5/1000-AM46*BG$4*炼钢参数表!$X$5/1000)<=0.03,0,IF((J46/100/0.1769/炼钢参数表!K46*1000)>(K46-炼钢参数表!J46)/100/0.6566/炼钢参数表!L46*1000,IF(K46<1.6,(K46-炼钢参数表!J46)/100/0.6566/炼钢参数表!L46*1000,(K46-0.08-炼钢参数表!J46)/100/0.6566/炼钢参数表!L46*1000),IF(K46<1.6,J46/100/0.1769/炼钢参数表!K46*1000,(J46-0.08)/100/0.1769/炼钢参数表!K46*1000)))) -> 10.599209 | AC46: =IF((BA46-AB46*$BB$4*0.9/1000-AL46*BF$4*炼钢参数表!$X$5/1000-AM46*BG$4*炼钢参数表!$X$5/1000)<(K46-炼钢参数表!J46-AB46*0.6566*炼钢参数表!L46/10)*0.082,0,(K46-炼钢参数表!J46-AB46*0.6566*炼钢参数表!L46/10)/100/($AC$3/100)/炼钢参数表!L46*1000) -> 6.2209462 | AD46: =IF((BA46-AB46*$BB$4*0.9/1000-AC46*$BC$4*0.9/1000-AL46*BF$4*炼钢参数表!$X$5/1000-AM46*BG$4*炼钢参数表!$X$5/1000)<=(K46-炼钢参数表!J46-AB46*0.6566*炼钢参数表!L46/10-AC46*($AC$3/100)*炼钢参数表!L46/10)*0.02,0,((K46-炼钢参数表!J46-AB46*0.6566*炼钢参数表!L46/10-AC46*($AC$3/100)*炼钢参数表!L46/10)/100/($AD$3/100)/炼钢参数表!L46*1000)) -> 0 | AE46: =(K46-炼钢参数表!J46-AB46*0.6566*炼钢参数表!L46/10-AC46*($AC$3/100)*炼钢参数表!L46/10-AD46*($AD$3/100)*炼钢参数表!L46/10)/100/($AE$3/100)/炼钢参数表!L46*1000 -> 0 | AF46: 0 | AG46: =IF(J46<=0.04,0,((J46-(AB46*0.1769*炼钢参数表!K46/1000*100))/100/炼钢参数表!K46/($AG$3/100)*1000)) -> 0 | AH46: 1.4 | AI46: =IF(N46="",0,IF(N46<=0.002,0,((N46)/100)/($AI$3/100)/炼钢参数表!M46*1000)) -> 0 | AJ46: =IF(O46="",0,IF(O46<=0.002,0,((O46)/100)/($AJ$3/100)/炼钢参数表!N46*1000)) -> 0.12551146 | AK46: =IF(P46="",0,IF(P46<=0.002,0,((P46+0.005)/100)/($AK$3/100)/炼钢参数表!O46*1000)) -> 0.39915379 | AL46: =IF((BA46-J46*0.00003-K46*0.00024)<=0.05,0,IF(T46="",0,IF(T46<=0.03,0,IF(((BA46-J46*0.00003-K46*0.00024)-0.05)/0.18/100/($AL$3/100)/炼钢参数表!P46*1000<=T46/100/($AL$3/100)/炼钢参数表!P46*1000,((BA46-J46*0.00003-K46*0.00024)-0.05)/0.18/100/($AL$3/100)/炼钢参数表!P46*1000,T46/100/($AL$3/100)/炼钢参数表!P46*1000)))) -> 0 | AM46: =IF(T46="",0,IF(T46<=0.03,0,((T46-AL46*($AL$3/100)*炼钢参数表!P46/10)/100/($AM$3/100)/炼钢参数表!P46*1000))) -> 0 | AN46: =IF(U46="",0,IF(U46<=0.02,0,(U46/100)/($AN$3/100)/炼钢参数表!Q46*1000)) -> 0 | AO46: =IF(V46="",0,IF(V46<=0.02,0,(V46/100)/($AO$3/100)/炼钢参数表!R46*1000)) -> 0 | AP46: =IF(W46="",0,IF(W46<=0.02,0,(W46/100)/($AP$3/100)/炼钢参数表!S46*1000)) -> 0 | AQ46: =IF(X46="",0,IF(X46<=0.0002,0,(X46/100)/($AQ$3/100)/炼钢参数表!T46*1000)) -> 0 | AR46: =IF(Y46="",0,IF(Y46<=0.02,0,(Y46/100)/($AR$3/100)/炼钢参数表!U46*1000)) -> 0 | AS46: =IF(L46<=0.04,0,((L46-0.04)/100)/($AS$3/100)/炼钢参数表!V46*1000) -> 0 | AT46: =IF(M46<=0.03,0,((M46-0.03)/100)/($AT$3/100)/炼钢参数表!W46*1000) -> 0 | AV46: =SUM(AB46:AU46) -> 18.74482 | AW46: {=SUMPRODUCT($AB$4:$AU$4,AB46:AU46)/1000} -> 163.01146 | AY46: =F46 -> Q355C-2 | AZ46: =VLOOKUP(AY46,炼钢参数表!$F$5:$J$1027,4,0) -> 0.062065217 | BA46: =I46-AZ46 -> 0.097934783 | BB46: =AB46*$BB$4*炼钢参数表!$X$5/1000 -> 0.016407575 | BC46: =AC46*$BC$4*炼钢参数表!$X$5/1000 -> 0.037456317 | BD46: =AD46*$BD$4*炼钢参数表!$X$5/1000 -> 0 | BE46: =AE46*$BE$4*炼钢参数表!$X$5/1000 -> 0 | BF46: =AL46*$BF$4*炼钢参数表!$X$5/1000 -> 0 | BG46: =AM46*$BG$4*炼钢参数表!$X$5/1000 -> 0 | BH46: =SUM(BB46:BG46) -> 0.053863892 | BI46: =AZ46+BH46 -> 0.11592911 | BJ46: =BI46-I46 -> -0.044070891
A47: 43 | B47: Q355C | C47: 03 | D47: 19.01 | E47: 29 | F47: Q355C-3 | G47: B 低合金钢-低合金高强结构钢-B03 Q355C | H47: 1517 | I47: 0.16 | J47: 0.15 | K47: 1.35 | L47: 0.018 | M47: 0.005 | O47: 0.01 | P47: 0.025 | Q47: 0.025 | S47: 0 | T47: 0 | U47: 0 | V47: 0 | Z47: 40 | AB47: =IF(J47<=0.04,0,IF((BA47-AL47*BF$4*炼钢参数表!$X$5/1000-AM47*BG$4*炼钢参数表!$X$5/1000)<=0.03,0,IF((J47/100/0.1769/炼钢参数表!K47*1000)>(K47-炼钢参数表!J47)/100/0.6566/炼钢参数表!L47*1000,IF(K47<1.6,(K47-炼钢参数表!J47)/100/0.6566/炼钢参数表!L47*1000,(K47-0.08-炼钢参数表!J47)/100/0.6566/炼钢参数表!L47*1000),IF(K47<1.6,J47/100/0.1769/炼钢参数表!K47*1000,(J47-0.08)/100/0.1769/炼钢参数表!K47*1000)))) -> 10.599209 | AC47: =IF((BA47-AB47*$BB$4*0.9/1000-AL47*BF$4*炼钢参数表!$X$5/1000-AM47*BG$4*炼钢参数表!$X$5/1000)<(K47-炼钢参数表!J47-AB47*0.6566*炼钢参数表!L47/10)*0.082,0,(K47-炼钢参数表!J47-AB47*0.6566*炼钢参数表!L47/10)/100/($AC$3/100)/炼钢参数表!L47*1000) -> 7.6435382 | AD47: =IF((BA47-AB47*$BB$4*0.9/1000-AC47*$BC$4*0.9/1000-AL47*BF$4*炼钢参数表!$X$5/1000-AM47*BG$4*炼钢参数表!$X$5/1000)<=(K47-炼钢参数表!J47-AB47*0.6566*炼钢参数表!L47/10-AC47*($AC$3/100)*炼钢参数表!L47/10)*0.02,0,((K47-炼钢参数表!J47-AB47*0.6566*炼钢参数表!L47/10-AC47*($AC$3/100)*炼钢参数表!L47/10)/100/($AD$3/100)/炼钢参数表!L47*1000)) -> 0 | AE47: =(K47-炼钢参数表!J47-AB47*0.6566*炼钢参数表!L47/10-AC47*($AC$3/100)*炼钢参数表!L47/10-AD47*($AD$3/100)*炼钢参数表!L47/10)/100/($AE$3/100)/炼钢参数表!L47*1000 -> 0 | AF47: 0 | AG47: =IF(J47<=0.04,0,((J47-(AB47*0.1769*炼钢参数表!K47/1000*100))/100/炼钢参数表!K47/($AG$3/100)*1000)) -> 0 | AH47: 1.4 | AI47: =IF(N47="",0,IF(N47<=0.002,0,((N47)/100)/($AI$3/100)/炼钢参数表!M47*1000)) -> 0 | AJ47: =IF(O47="",0,IF(O47<=0.002,0,((O47)/100)/($AJ$3/100)/炼钢参数表!N47*1000)) -> 0.15688932 | AK47: =IF(P47="",0,IF(P47<=0.002,0,((P47+0.005)/100)/($AK$3/100)/炼钢参数表!O47*1000)) -> 0.59873069 | AL47: =IF((BA47-J47*0.00003-K47*0.00024)<=0.05,0,IF(T47="",0,IF(T47<=0.03,0,IF(((BA47-J47*0.00003-K47*0.00024)-0.05)/0.18/100/($AL$3/100)/炼钢参数表!P47*1000<=T47/100/($AL$3/100)/炼钢参数表!P47*1000,((BA47-J47*0.00003-K47*0.00024)-0.05)/0.18/100/($AL$3/100)/炼钢参数表!P47*1000,T47/100/($AL$3/100)/炼钢参数表!P47*1000)))) -> 0 | AM47: =IF(T47="",0,IF(T47<=0.03,0,((T47-AL47*($AL$3/100)*炼钢参数表!P47/10)/100/($AM$3/100)/炼钢参数表!P47*1000))) -> 0 | AN47: =IF(U47="",0,IF(U47<=0.02,0,(U47/100)/($AN$3/100)/炼钢参数表!Q47*1000)) -> 0 | AO47: =IF(V47="",0,IF(V47<=0.02,0,(V47/100)/($AO$3/100)/炼钢参数表!R47*1000)) -> 0 | AP47: =IF(W47="",0,IF(W47<=0.02,0,(W47/100)/($AP$3/100)/炼钢参数表!S47*1000)) -> 0 | AQ47: =IF(X47="",0,IF(X47<=0.0002,0,(X47/100)/($AQ$3/100)/炼钢参数表!T47*1000)) -> 0 | AR47: =IF(Y47="",0,IF(Y47<=0.02,0,(Y47/100)/($AR$3/100)/炼钢参数表!U47*1000)) -> 0 | AS47: =IF(L47<=0.04,0,((L47-0.04)/100)/($AS$3/100)/炼钢参数表!V47*1000) -> 0 | AT47: =IF(M47<=0.03,0,((M47-0.03)/100)/($AT$3/100)/炼钢参数表!W47*1000) -> 0 | AV47: =SUM(AB47:AU47) -> 20.398367 | AW47: {=SUMPRODUCT($AB$4:$AU$4,AB47:AU47)/1000} -> 183.17197 | AY47: =F47 -> Q355C-3 | AZ47: =VLOOKUP(AY47,炼钢参数表!$F$5:$J$1027,4,0) -> 0.067671053 | BA47: =I47-AZ47 -> 0.092328947 | BB47: =AB47*$BB$4*炼钢参数表!$X$5/1000 -> 0.016407575 | BC47: =AC47*$BC$4*炼钢参数表!$X$5/1000 -> 0.046021744 | BD47: =AD47*$BD$4*炼钢参数表!$X$5/1000 -> 0 | BE47: =AE47*$BE$4*炼钢参数表!$X$5/1000 -> 0 | BF47: =AL47*$BF$4*炼钢参数表!$X$5/1000 -> 0 | BG47: =AM47*$BG$4*炼钢参数表!$X$5/1000 -> 0 | BH47: =SUM(BB47:BG47) -> 0.062429319 | BI47: =AZ47+BH47 -> 0.13010037 | BJ47: =BI47-I47 -> -0.029899629
A48: 44 | B48: Q355D | C48: 01 | D48: 2 | E48: 12 | F48: Q355D-1 | G48: B 低合金钢-低合金高强结构钢-B04 Q355D | H48: 1517 | I48: 0.16 | J48: 0.15 | K48: 1 | L48: 0.018 | M48: 0.008 | P48: 0.03 | Q48: 0.025 | AB48: =IF(J48<=0.04,0,IF((BA48-AL48*BF$4*炼钢参数表!$X$5/1000-AM48*BG$4*炼钢参数表!$X$5/1000)<=0.03,0,IF((J48/100/0.1769/炼钢参数表!K48*1000)>(K48-炼钢参数表!J48)/100/0.6566/炼钢参数表!L48*1000,IF(K48<1.6,(K48-炼钢参数表!J48)/100/0.6566/炼钢参数表!L48*1000,(K48-0.08-炼钢参数表!J48)/100/0.6566/炼钢参数表!L48*1000),IF(K48<1.6,J48/100/0.1769/炼钢参数表!K48*1000,(J48-0.08)/100/0.1769/炼钢参数表!K48*1000)))) -> 10.599209 | AC48: =IF((BA48-AB48*$BB$4*0.9/1000-AL48*BF$4*炼钢参数表!$X$5/1000-AM48*BG$4*炼钢参数表!$X$5/1000)<(K48-炼钢参数表!J48-AB48*0.6566*炼钢参数表!L48/10)*0.082,0,(K48-炼钢参数表!J48-AB48*0.6566*炼钢参数表!L48/10)/100/($AC$3/100)/炼钢参数表!L48*1000) -> 2.7605689 | AD48: =IF((BA48-AB48*$BB$4*0.9/1000-AC48*$BC$4*0.9/1000-AL48*BF$4*炼钢参数表!$X$5/1000-AM48*BG$4*炼钢参数表!$X$5/1000)<=(K48-炼钢参数表!J48-AB48*0.6566*炼钢参数表!L48/10-AC48*($AC$3/100)*炼钢参数表!L48/10)*0.02,0,((K48-炼钢参数表!J48-AB48*0.6566*炼钢参数表!L48/10-AC48*($AC$3/100)*炼钢参数表!L48/10)/100/($AD$3/100)/炼钢参数表!L48*1000)) -> 0 | AE48: =(K48-炼钢参数表!J48-AB48*0.6566*炼钢参数表!L48/10-AC48*($AC$3/100)*炼钢参数表!L48/10-AD48*($AD$3/100)*炼钢参数表!L48/10)/100/($AE$3/100)/炼钢参数表!L48*1000 -> 0 | AF48: 0 | AG48: =IF(J48<=0.04,0,((J48-(AB48*0.1769*炼钢参数表!K48/1000*100))/100/炼钢参数表!K48/($AG$3/100)*1000)) -> 0 | AH48: 1.4 | AI48: =IF(N48="",0,IF(N48<=0.002,0,((N48)/100)/($AI$3/100)/炼钢参数表!M48*1000)) -> 0 | AJ48: =IF(O48="",0,IF(O48<=0.002,0,((O48)/100)/($AJ$3/100)/炼钢参数表!N48*1000)) -> 0 | AK48: =IF(P48="",0,IF(P48<=0.002,0,((P48+0.005)/100)/($AK$3/100)/炼钢参数表!O48*1000)) -> 0.69851914 | AL48: =IF((BA48-J48*0.00003-K48*0.00024)<=0.05,0,IF(T48="",0,IF(T48<=0.03,0,IF(((BA48-J48*0.00003-K48*0.00024)-0.05)/0.18/100/($AL$3/100)/炼钢参数表!P48*1000<=T48/100/($AL$3/100)/炼钢参数表!P48*1000,((BA48-J48*0.00003-K48*0.00024)-0.05)/0.18/100/($AL$3/100)/炼钢参数表!P48*1000,T48/100/($AL$3/100)/炼钢参数表!P48*1000)))) -> 0 | AM48: =IF(T48="",0,IF(T48<=0.03,0,((T48-AL48*($AL$3/100)*炼钢参数表!P48/10)/100/($AM$3/100)/炼钢参数表!P48*1000))) -> 0 | AN48: =IF(U48="",0,IF(U48<=0.02,0,(U48/100)/($AN$3/100)/炼钢参数表!Q48*1000)) -> 0 | AO48: =IF(V48="",0,IF(V48<=0.02,0,(V48/100)/($AO$3/100)/炼钢参数表!R48*1000)) -> 0 | AP48: =IF(W48="",0,IF(W48<=0.02,0,(W48/100)/($AP$3/100)/炼钢参数表!S48*1000)) -> 0 | AQ48: =IF(X48="",0,IF(X48<=0.0002,0,(X48/100)/($AQ$3/100)/炼钢参数表!T48*1000)) -> 0 | AR48: =IF(Y48="",0,IF(Y48<=0.02,0,(Y48/100)/($AR$3/100)/炼钢参数表!U48*1000)) -> 0 | AS48: =IF(L48<=0.04,0,((L48-0.04)/100)/($AS$3/100)/炼钢参数表!V48*1000) -> 0 | AT48: =IF(M48<=0.03,0,((M48-0.03)/100)/($AT$3/100)/炼钢参数表!W48*1000) -> 0 | AV48: =SUM(AB48:AU48) -> 15.458297 | AW48: {=SUMPRODUCT($AB$4:$AU$4,AB48:AU48)/1000} -> 122.26987 | AY48: =F48 -> Q355D-1 | AZ48: =VLOOKUP(AY48,炼钢参数表!$F$5:$J$1027,4,0) -> 0.070258621 | BA48: =I48-AZ48 -> 0.089741379 | BB48: =AB48*$BB$4*炼钢参数表!$X$5/1000 -> 0.016407575 | BC48: =AC48*$BC$4*炼钢参数表!$X$5/1000 -> 0.016621385 | BD48: =AD48*$BD$4*炼钢参数表!$X$5/1000 -> 0 | BE48: =AE48*$BE$4*炼钢参数表!$X$5/1000 -> 0 | BF48: =AL48*$BF$4*炼钢参数表!$X$5/1000 -> 0 | BG48: =AM48*$BG$4*炼钢参数表!$X$5/1000 -> 0 | BH48: =SUM(BB48:BG48) -> 0.03302896 | BI48: =AZ48+BH48 -> 0.10328758 | BJ48: =BI48-I48 -> -0.056712419
A49: 45 | B49: Q355D | C49: 02 | D49: 12.01 | E49: 19 | F49: Q355D-2 | G49: B 低合金钢-低合金高强结构钢-B04 Q355D | H49: 1521 | I49: 0.16 | J49: 0.15 | K49: 1.15 | L49: 0.018 | M49: 0.008 | O49: 0.012 | P49: 0.015 | Q49: 0.025 | Z49: 40 | AB49: =IF(J49<=0.04,0,IF((BA49-AL49*BF$4*炼钢参数表!$X$5/1000-AM49*BG$4*炼钢参数表!$X$5/1000)<=0.03,0,IF((J49/100/0.1769/炼钢参数表!K49*1000)>(K49-炼钢参数表!J49)/100/0.6566/炼钢参数表!L49*1000,IF(K49<1.6,(K49-炼钢参数表!J49)/100/0.6566/炼钢参数表!L49*1000,(K49-0.08-炼钢参数表!J49)/100/0.6566/炼钢参数表!L49*1000),IF(K49<1.6,J49/100/0.1769/炼钢参数表!K49*1000,(J49-0.08)/100/0.1769/炼钢参数表!K49*1000)))) -> 10.599209 | AC49: =IF((BA49-AB49*$BB$4*0.9/1000-AL49*BF$4*炼钢参数表!$X$5/1000-AM49*BG$4*炼钢参数表!$X$5/1000)<(K49-炼钢参数表!J49-AB49*0.6566*炼钢参数表!L49/10)*0.082,0,(K49-炼钢参数表!J49-AB49*0.6566*炼钢参数表!L49/10)/100/($AC$3/100)/炼钢参数表!L49*1000) -> 5.0438266 | AD49: =IF((BA49-AB49*$BB$4*0.9/1000-AC49*$BC$4*0.9/1000-AL49*BF$4*炼钢参数表!$X$5/1000-AM49*BG$4*炼钢参数表!$X$5/1000)<=(K49-炼钢参数表!J49-AB49*0.6566*炼钢参数表!L49/10-AC49*($AC$3/100)*炼钢参数表!L49/10)*0.02,0,((K49-炼钢参数表!J49-AB49*0.6566*炼钢参数表!L49/10-AC49*($AC$3/100)*炼钢参数表!L49/10)/100/($AD$3/100)/炼钢参数表!L49*1000)) -> 0 | AE49: =(K49-炼钢参数表!J49-AB49*0.6566*炼钢参数表!L49/10-AC49*($AC$3/100)*炼钢参数表!L49/10-AD49*($AD$3/100)*炼钢参数表!L49/10)/100/($AE$3/100)/炼钢参数表!L49*1000 -> 0 | AF49: 0 | AG49: =IF(J49<=0.04,0,((J49-(AB49*0.1769*炼钢参数表!K49/1000*100))/100/炼钢参数表!K49/($AG$3/100)*1000)) -> 0 | AH49: 1.4 | AI49: =IF(N49="",0,IF(N49<=0.002,0,((N49)/100)/($AI$3/100)/炼钢参数表!M49*1000)) -> 0 | AJ49: =IF(O49="",0,IF(O49<=0.002,0,((O49)/100)/($AJ$3/100)/炼钢参数表!N49*1000)) -> 0.18826719 | AK49: =IF(P49="",0,IF(P49<=0.002,0,((P49+0.005)/100)/($AK$3/100)/炼钢参数表!O49*1000)) -> 0.39915379 | AL49: =IF((BA49-J49*0.00003-K49*0.00024)<=0.05,0,IF(T49="",0,IF(T49<=0.03,0,IF(((BA49-J49*0.00003-K49*0.00024)-0.05)/0.18/100/($AL$3/100)/炼钢参数表!P49*1000<=T49/100/($AL$3/100)/炼钢参数表!P49*1000,((BA49-J49*0.00003-K49*0.00024)-0.05)/0.18/100/($AL$3/100)/炼钢参数表!P49*1000,T49/100/($AL$3/100)/炼钢参数表!P49*1000)))) -> 0 | AM49: =IF(T49="",0,IF(T49<=0.03,0,((T49-AL49*($AL$3/100)*炼钢参数表!P49/10)/100/($AM$3/100)/炼钢参数表!P49*1000))) -> 0 | AN49: =IF(U49="",0,IF(U49<=0.02,0,(U49/100)/($AN$3/100)/炼钢参数表!Q49*1000)) -> 0 | AO49: =IF(V49="",0,IF(V49<=0.02,0,(V49/100)/($AO$3/100)/炼钢参数表!R49*1000)) -> 0 | AP49: =IF(W49="",0,IF(W49<=0.02,0,(W49/100)/($AP$3/100)/炼钢参数表!S49*1000)) -> 0 | AQ49: =IF(X49="",0,IF(X49<=0.0002,0,(X49/100)/($AQ$3/100)/炼钢参数表!T49*1000)) -> 0 | AR49: =IF(Y49="",0,IF(Y49<=0.02,0,(Y49/100)/($AR$3/100)/炼钢参数表!U49*1000)) -> 0 | AS49: =IF(L49<=0.04,0,((L49-0.04)/100)/($AS$3/100)/炼钢参数表!V49*1000) -> 0 | AT49: =IF(M49<=0.03,0,((M49-0.03)/100)/($AT$3/100)/炼钢参数表!W49*1000) -> 0 | AV49: =SUM(AB49:AU49) -> 17.630456 | AW49: {=SUMPRODUCT($AB$4:$AU$4,AB49:AU49)/1000} -> 169.41274 | AY49: =F49 -> Q355D-2 | AZ49: =VLOOKUP(AY49,炼钢参数表!$F$5:$J$1027,4,0) -> 0.056923077 | BA49: =I49-AZ49 -> 0.10307692 | BB49: =AB49*$BB$4*炼钢参数表!$X$5/1000 -> 0.016407575 | BC49: =AC49*$BC$4*炼钢参数表!$X$5/1000 -> 0.03036888 | BD49: =AD49*$BD$4*炼钢参数表!$X$5/1000 -> 0 | BE49: =AE49*$BE$4*炼钢参数表!$X$5/1000 -> 0 | BF49: =AL49*$BF$4*炼钢参数表!$X$5/1000 -> 0 | BG49: =AM49*$BG$4*炼钢参数表!$X$5/1000 -> 0 | BH49: =SUM(BB49:BG49) -> 0.046776455 | BI49: =AZ49+BH49 -> 0.10369953 | BJ49: =BI49-I49 -> -0.056300468
A50: 46 | B50: Q355D | C50: 03 | D50: 19.01 | E50: 29 | F50: Q355D-3 | G50: B 低合金钢-低合金高强结构钢-B04 Q355D | H50: 1521 | I50: 0.16 | J50: 0.15 | K50: 1.3 | L50: 0.018 | M50: 0.008 | O50: 0.015 | P50: 0.015 | Q50: 0.025 | Z50: 40 | AB50: =IF(J50<=0.04,0,IF((BA50-AL50*BF$4*炼钢参数表!$X$5/1000-AM50*BG$4*炼钢参数表!$X$5/1000)<=0.03,0,IF((J50/100/0.1769/炼钢参数表!K50*1000)>(K50-炼钢参数表!J50)/100/0.6566/炼钢参数表!L50*1000,IF(K50<1.6,(K50-炼钢参数表!J50)/100/0.6566/炼钢参数表!L50*1000,(K50-0.08-炼钢参数表!J50)/100/0.6566/炼钢参数表!L50*1000),IF(K50<1.6,J50/100/0.1769/炼钢参数表!K50*1000,(J50-0.08)/100/0.1769/炼钢参数表!K50*1000)))) -> 10.599209 | AC50: =IF((BA50-AB50*$BB$4*0.9/1000-AL50*BF$4*炼钢参数表!$X$5/1000-AM50*BG$4*炼钢参数表!$X$5/1000)<(K50-炼钢参数表!J50-AB50*0.6566*炼钢参数表!L50/10)*0.082,0,(K50-炼钢参数表!J50-AB50*0.6566*炼钢参数表!L50/10)/100/($AC$3/100)/炼钢参数表!L50*1000) -> 6.9414407 | AD50: =IF((BA50-AB50*$BB$4*0.9/1000-AC50*$BC$4*0.9/1000-AL50*BF$4*炼钢参数表!$X$5/1000-AM50*BG$4*炼钢参数表!$X$5/1000)<=(K50-炼钢参数表!J50-AB50*0.6566*炼钢参数表!L50/10-AC50*($AC$3/100)*炼钢参数表!L50/10)*0.02,0,((K50-炼钢参数表!J50-AB50*0.6566*炼钢参数表!L50/10-AC50*($AC$3/100)*炼钢参数表!L50/10)/100/($AD$3/100)/炼钢参数表!L50*1000)) -> 0 | AE50: =(K50-炼钢参数表!J50-AB50*0.6566*炼钢参数表!L50/10-AC50*($AC$3/100)*炼钢参数表!L50/10-AD50*($AD$3/100)*炼钢参数表!L50/10)/100/($AE$3/100)/炼钢参数表!L50*1000 -> 0 | AF50: 0 | AG50: =IF(J50<=0.04,0,((J50-(AB50*0.1769*炼钢参数表!K50/1000*100))/100/炼钢参数表!K50/($AG$3/100)*1000)) -> 0 | AH50: 1.4 | AI50: =IF(N50="",0,IF(N50<=0.002,0,((N50)/100)/($AI$3/100)/炼钢参数表!M50*1000)) -> 0 | AJ50: =IF(O50="",0,IF(O50<=0.002,0,((O50)/100)/($AJ$3/100)/炼钢参数表!N50*1000)) -> 0.23533399 | AK50: =IF(P50="",0,IF(P50<=0.002,0,((P50+0.005)/100)/($AK$3/100)/炼钢参数表!O50*1000)) -> 0.39915379 | AL50: =IF((BA50-J50*0.00003-K50*0.00024)<=0.05,0,IF(T50="",0,IF(T50<=0.03,0,IF(((BA50-J50*0.00003-K50*0.00024)-0.05)/0.18/100/($AL$3/100)/炼钢参数表!P50*1000<=T50/100/($AL$3/100)/炼钢参数表!P50*1000,((BA50-J50*0.00003-K50*0.00024)-0.05)/0.18/100/($AL$3/100)/炼钢参数表!P50*1000,T50/100/($AL$3/100)/炼钢参数表!P50*1000)))) -> 0 | AM50: =IF(T50="",0,IF(T50<=0.03,0,((T50-AL50*($AL$3/100)*炼钢参数表!P50/10)/100/($AM$3/100)/炼钢参数表!P50*1000))) -> 0 | AN50: =IF(U50="",0,IF(U50<=0.02,0,(U50/100)/($AN$3/100)/炼钢参数表!Q50*1000)) -> 0 | AO50: =IF(V50="",0,IF(V50<=0.02,0,(V50/100)/($AO$3/100)/炼钢参数表!R50*1000)) -> 0 | AP50: =IF(W50="",0,IF(W50<=0.02,0,(W50/100)/($AP$3/100)/炼钢参数表!S50*1000)) -> 0 | AQ50: =IF(X50="",0,IF(X50<=0.0002,0,(X50/100)/($AQ$3/100)/炼钢参数表!T50*1000)) -> 0 | AR50: =IF(Y50="",0,IF(Y50<=0.02,0,(Y50/100)/($AR$3/100)/炼钢参数表!U50*1000)) -> 0 | AS50: =IF(L50<=0.04,0,((L50-0.04)/100)/($AS$3/100)/炼钢参数表!V50*1000) -> 0 | AT50: =IF(M50<=0.03,0,((M50-0.03)/100)/($AT$3/100)/炼钢参数表!W50*1000) -> 0 | AV50: =SUM(AB50:AU50) -> 19.575137 | AW50: {=SUMPRODUCT($AB$4:$AU$4,AB50:AU50)/1000} -> 191.01945 | AY50: =F50 -> Q355D-3 | AZ50: =VLOOKUP(AY50,炼钢参数表!$F$5:$J$1027,4,0) -> 0.067 | BA50: =I50-AZ50 -> 0.093 | BB50: =AB50*$BB$4*炼钢参数表!$X$5/1000 -> 0.016407575 | BC50: =AC50*$BC$4*炼钢参数表!$X$5/1000 -> 0.041794414 | BD50: =AD50*$BD$4*炼钢参数表!$X$5/1000 -> 0 | BE50: =AE50*$BE$4*炼钢参数表!$X$5/1000 -> 0 | BF50: =AL50*$BF$4*炼钢参数表!$X$5/1000 -> 0 | BG50: =AM50*$BG$4*炼钢参数表!$X$5/1000 -> 0 | BH50: =SUM(BB50:BG50) -> 0.058201989 | BI50: =AZ50+BH50 -> 0.12520199 | BJ50: =BI50-I50 -> -0.034798011
A51: 47 | B51: Q355B-T | C51: 01 | D51: 2 | E51: 7.55 | F51: Q355B-T1 | G51: B 低合金钢-低合金高强结构钢-B17 Q355B-T | H51: 1514 | I51: 0.16 | J51: 0.15 | K51: 1.1 | L51: 0.015 | M51: 0.01 | P51: 0.025 | Q51: 0.02 | AB51: =IF(J51<=0.04,0,IF((BA51-AL51*BF$4*炼钢参数表!$X$5/1000-AM51*BG$4*炼钢参数表!$X$5/1000)<=0.03,0,IF((J51/100/0.1769/炼钢参数表!K51*1000)>(K51-炼钢参数表!J51)/100/0.6566/炼钢参数表!L51*1000,IF(K51<1.6,(K51-炼钢参数表!J51)/100/0.6566/炼钢参数表!L51*1000,(K51-0.08-炼钢参数表!J51)/100/0.6566/炼钢参数表!L51*1000),IF(K51<1.6,J51/100/0.1769/炼钢参数表!K51*1000,(J51-0.08)/100/0.1769/炼钢参数表!K51*1000)))) -> 10.599209 | AC51: =IF((BA51-AB51*$BB$4*0.9/1000-AL51*BF$4*炼钢参数表!$X$5/1000-AM51*BG$4*炼钢参数表!$X$5/1000)<(K51-炼钢参数表!J51-AB51*0.6566*炼钢参数表!L51/10)*0.082,0,(K51-炼钢参数表!J51-AB51*0.6566*炼钢参数表!L51/10)/100/($AC$3/100)/炼钢参数表!L51*1000) -> 4.1539795 | AD51: =IF((BA51-AB51*$BB$4*0.9/1000-AC51*$BC$4*0.9/1000-AL51*BF$4*炼钢参数表!$X$5/1000-AM51*BG$4*炼钢参数表!$X$5/1000)<=(K51-炼钢参数表!J51-AB51*0.6566*炼钢参数表!L51/10-AC51*($AC$3/100)*炼钢参数表!L51/10)*0.02,0,((K51-炼钢参数表!J51-AB51*0.6566*炼钢参数表!L51/10-AC51*($AC$3/100)*炼钢参数表!L51/10)/100/($AD$3/100)/炼钢参数表!L51*1000)) -> 0 | AE51: =(K51-炼钢参数表!J51-AB51*0.6566*炼钢参数表!L51/10-AC51*($AC$3/100)*炼钢参数表!L51/10-AD51*($AD$3/100)*炼钢参数表!L51/10)/100/($AE$3/100)/炼钢参数表!L51*1000 -> 0 | AF51: 0 | AG51: =IF(J51<=0.04,0,((J51-(AB51*0.1769*炼钢参数表!K51/1000*100))/100/炼钢参数表!K51/($AG$3/100)*1000)) -> 0 | AH51: 1.4 | AI51: =IF(N51="",0,IF(N51<=0.002,0,((N51)/100)/($AI$3/100)/炼钢参数表!M51*1000)) -> 0 | AJ51: =IF(O51="",0,IF(O51<=0.002,0,((O51)/100)/($AJ$3/100)/炼钢参数表!N51*1000)) -> 0 | AK51: =IF(P51="",0,IF(P51<=0.002,0,((P51+0.005)/100)/($AK$3/100)/炼钢参数表!O51*1000)) -> 0.59873069 | AL51: =IF((BA51-J51*0.00003-K51*0.00024)<=0.05,0,IF(T51="",0,IF(T51<=0.03,0,IF(((BA51-J51*0.00003-K51*0.00024)-0.05)/0.18/100/($AL$3/100)/炼钢参数表!P51*1000<=T51/100/($AL$3/100)/炼钢参数表!P51*1000,((BA51-J51*0.00003-K51*0.00024)-0.05)/0.18/100/($AL$3/100)/炼钢参数表!P51*1000,T51/100/($AL$3/100)/炼钢参数表!P51*1000)))) -> 0 | AM51: =IF(T51="",0,IF(T51<=0.03,0,((T51-AL51*($AL$3/100)*炼钢参数表!P51/10)/100/($AM$3/100)/炼钢参数表!P51*1000))) -> 0 | AN51: =IF(U51="",0,IF(U51<=0.02,0,(U51/100)/($AN$3/100)/炼钢参数表!Q51*1000)) -> 0 | AO51: =IF(V51="",0,IF(V51<=0.02,0,(V51/100)/($AO$3/100)/炼钢参数表!R51*1000)) -> 0 | AP51: =IF(W51="",0,IF(W51<=0.02,0,(W51/100)/($AP$3/100)/炼钢参数表!S51*1000)) -> 0 | AQ51: =IF(X51="",0,IF(X51<=0.0002,0,(X51/100)/($AQ$3/100)/炼钢参数表!T51*1000)) -> 0 | AR51: =IF(Y51="",0,IF(Y51<=0.02,0,(Y51/100)/($AR$3/100)/炼钢参数表!U51*1000)) -> 0 | AS51: =IF(L51<=0.04,0,((L51-0.04)/100)/($AS$3/100)/炼钢参数表!V51*1000) -> 0 | AT51: =IF(M51<=0.03,0,((M51-0.03)/100)/($AT$3/100)/炼钢参数表!W51*1000) -> 0 | AV51: =SUM(AB51:AU51) -> 16.751919 | AW51: {=SUMPRODUCT($AB$4:$AU$4,AB51:AU51)/1000} -> 128.29 | AY51: =F51 -> Q355B-T1 | AZ51: =VLOOKUP(AY51,炼钢参数表!$F$5:$J$1027,4,0) -> 0.062857143 | BA51: =I51-AZ51 -> 0.097142857 | BB51: =AB51*$BB$4*炼钢参数表!$X$5/1000 -> 0.016407575 | BC51: =AC51*$BC$4*炼钢参数表!$X$5/1000 -> 0.02501111 | BD51: =AD51*$BD$4*炼钢参数表!$X$5/1000 -> 0 | BE51: =AE51*$BE$4*炼钢参数表!$X$5/1000 -> 0 | BF51: =AL51*$BF$4*炼钢参数表!$X$5/1000 -> 0 | BG51: =AM51*$BG$4*炼钢参数表!$X$5/1000 -> 0 | BH51: =SUM(BB51:BG51) -> 0.041418685 | BI51: =AZ51+BH51 -> 0.10427583 | BJ51: =BI51-I51 -> -0.055724172
A52: 48 | B52: Q355B-T | C52: 02 | D52: 7.56 | E52: 16 | F52: Q355B-T2 | G52: B 低合金钢-低合金高强结构钢-B17 Q355B-T | H52: 1514 | I52: 0.16 | J52: 0.15 | K52: 1.1 | L52: 0.015 | M52: 0.01 | P52: 0.035 | Q52: 0.02 | AB52: =IF(J52<=0.04,0,IF((BA52-AL52*BF$4*炼钢参数表!$X$5/1000-AM52*BG$4*炼钢参数表!$X$5/1000)<=0.03,0,IF((J52/100/0.1769/炼钢参数表!K52*1000)>(K52-炼钢参数表!J52)/100/0.6566/炼钢参数表!L52*1000,IF(K52<1.6,(K52-炼钢参数表!J52)/100/0.6566/炼钢参数表!L52*1000,(K52-0.08-炼钢参数表!J52)/100/0.6566/炼钢参数表!L52*1000),IF(K52<1.6,J52/100/0.1769/炼钢参数表!K52*1000,(J52-0.08)/100/0.1769/炼钢参数表!K52*1000)))) -> 10.599209 | AC52: =IF((BA52-AB52*$BB$4*0.9/1000-AL52*BF$4*炼钢参数表!$X$5/1000-AM52*BG$4*炼钢参数表!$X$5/1000)<(K52-炼钢参数表!J52-AB52*0.6566*炼钢参数表!L52/10)*0.082,0,(K52-炼钢参数表!J52-AB52*0.6566*炼钢参数表!L52/10)/100/($AC$3/100)/炼钢参数表!L52*1000) -> 4.0641503 | AD52: =IF((BA52-AB52*$BB$4*0.9/1000-AC52*$BC$4*0.9/1000-AL52*BF$4*炼钢参数表!$X$5/1000-AM52*BG$4*炼钢参数表!$X$5/1000)<=(K52-炼钢参数表!J52-AB52*0.6566*炼钢参数表!L52/10-AC52*($AC$3/100)*炼钢参数表!L52/10)*0.02,0,((K52-炼钢参数表!J52-AB52*0.6566*炼钢参数表!L52/10-AC52*($AC$3/100)*炼钢参数表!L52/10)/100/($AD$3/100)/炼钢参数表!L52*1000)) -> 0 | AE52: =(K52-炼钢参数表!J52-AB52*0.6566*炼钢参数表!L52/10-AC52*($AC$3/100)*炼钢参数表!L52/10-AD52*($AD$3/100)*炼钢参数表!L52/10)/100/($AE$3/100)/炼钢参数表!L52*1000 -> 0 | AF52: 0 | AG52: =IF(J52<=0.04,0,((J52-(AB52*0.1769*炼钢参数表!K52/1000*100))/100/炼钢参数表!K52/($AG$3/100)*1000)) -> 0 | AH52: 1.4 | AI52: =IF(N52="",0,IF(N52<=0.002,0,((N52)/100)/($AI$3/100)/炼钢参数表!M52*1000)) -> 0 | AJ52: =IF(O52="",0,IF(O52<=0.002,0,((O52)/100)/($AJ$3/100)/炼钢参数表!N52*1000)) -> 0 | AK52: =IF(P52="",0,IF(P52<=0.002,0,((P52+0.005)/100)/($AK$3/100)/炼钢参数表!O52*1000)) -> 0.79830759 | AL52: =IF((BA52-J52*0.00003-K52*0.00024)<=0.05,0,IF(T52="",0,IF(T52<=0.03,0,IF(((BA52-J52*0.00003-K52*0.00024)-0.05)/0.18/100/($AL$3/100)/炼钢参数表!P52*1000<=T52/100/($AL$3/100)/炼钢参数表!P52*1000,((BA52-J52*0.00003-K52*0.00024)-0.05)/0.18/100/($AL$3/100)/炼钢参数表!P52*1000,T52/100/($AL$3/100)/炼钢参数表!P52*1000)))) -> 0 | AM52: =IF(T52="",0,IF(T52<=0.03,0,((T52-AL52*($AL$3/100)*炼钢参数表!P52/10)/100/($AM$3/100)/炼钢参数表!P52*1000))) -> 0 | AN52: =IF(U52="",0,IF(U52<=0.02,0,(U52/100)/($AN$3/100)/炼钢参数表!Q52*1000)) -> 0 | AO52: =IF(V52="",0,IF(V52<=0.02,0,(V52/100)/($AO$3/100)/炼钢参数表!R52*1000)) -> 0 | AP52: =IF(W52="",0,IF(W52<=0.02,0,(W52/100)/($AP$3/100)/炼钢参数表!S52*1000)) -> 0 | AQ52: =IF(X52="",0,IF(X52<=0.0002,0,(X52/100)/($AQ$3/100)/炼钢参数表!T52*1000)) -> 0 | AR52: =IF(Y52="",0,IF(Y52<=0.02,0,(Y52/100)/($AR$3/100)/炼钢参数表!U52*1000)) -> 0 | AS52: =IF(L52<=0.04,0,((L52-0.04)/100)/($AS$3/100)/炼钢参数表!V52*1000) -> 0 | AT52: =IF(M52<=0.03,0,((M52-0.03)/100)/($AT$3/100)/炼钢参数表!W52*1000) -> 0 | AV52: =SUM(AB52:AU52) -> 16.861667 | AW52: {=SUMPRODUCT($AB$4:$AU$4,AB52:AU52)/1000} -> 132.55103 | AY52: =F52 -> Q355B-T2 | AZ52: =VLOOKUP(AY52,炼钢参数表!$F$5:$J$1027,4,0) -> 0.068264706 | BA52: =I52-AZ52 -> 0.091735294 | BB52: =AB52*$BB$4*炼钢参数表!$X$5/1000 -> 0.016407575 | BC52: =AC52*$BC$4*炼钢参数表!$X$5/1000 -> 0.024470249 | BD52: =AD52*$BD$4*炼钢参数表!$X$5/1000 -> 0 | BE52: =AE52*$BE$4*炼钢参数表!$X$5/1000 -> 0 | BF52: =AL52*$BF$4*炼钢参数表!$X$5/1000 -> 0 | BG52: =AM52*$BG$4*炼钢参数表!$X$5/1000 -> 0 | BH52: =SUM(BB52:BG52) -> 0.040877824 | BI52: =AZ52+BH52 -> 0.10914253 | BJ52: =BI52-I52 -> -0.05085747
A53: 49 | B53: Q355B-T | C53: 03 | D53: 16.01 | E53: 28 | F53: Q355B-T3 | G53: B 低合金钢-低合金高强结构钢-B17 Q355B-T | H53: 1514 | I53: 0.16 | J53: 0.15 | K53: 1.15 | L53: 0.015 | M53: 0.01 | O53: 0.015 | P53: 0.025 | Q53: 0.02 | AB53: =IF(J53<=0.04,0,IF((BA53-AL53*BF$4*炼钢参数表!$X$5/1000-AM53*BG$4*炼钢参数表!$X$5/1000)<=0.03,0,IF((J53/100/0.1769/炼钢参数表!K53*1000)>(K53-炼钢参数表!J53)/100/0.6566/炼钢参数表!L53*1000,IF(K53<1.6,(K53-炼钢参数表!J53)/100/0.6566/炼钢参数表!L53*1000,(K53-0.08-炼钢参数表!J53)/100/0.6566/炼钢参数表!L53*1000),IF(K53<1.6,J53/100/0.1769/炼钢参数表!K53*1000,(J53-0.08)/100/0.1769/炼钢参数表!K53*1000)))) -> 10.599209 | AC53: =IF((BA53-AB53*$BB$4*0.9/1000-AL53*BF$4*炼钢参数表!$X$5/1000-AM53*BG$4*炼钢参数表!$X$5/1000)<(K53-炼钢参数表!J53-AB53*0.6566*炼钢参数表!L53/10)*0.082,0,(K53-炼钢参数表!J53-AB53*0.6566*炼钢参数表!L53/10)/100/($AC$3/100)/炼钢参数表!L53*1000) -> 4.7405871 | AD53: =IF((BA53-AB53*$BB$4*0.9/1000-AC53*$BC$4*0.9/1000-AL53*BF$4*炼钢参数表!$X$5/1000-AM53*BG$4*炼钢参数表!$X$5/1000)<=(K53-炼钢参数表!J53-AB53*0.6566*炼钢参数表!L53/10-AC53*($AC$3/100)*炼钢参数表!L53/10)*0.02,0,((K53-炼钢参数表!J53-AB53*0.6566*炼钢参数表!L53/10-AC53*($AC$3/100)*炼钢参数表!L53/10)/100/($AD$3/100)/炼钢参数表!L53*1000)) -> 0 | AE53: =(K53-炼钢参数表!J53-AB53*0.6566*炼钢参数表!L53/10-AC53*($AC$3/100)*炼钢参数表!L53/10-AD53*($AD$3/100)*炼钢参数表!L53/10)/100/($AE$3/100)/炼钢参数表!L53*1000 -> 0 | AF53: 0 | AG53: =IF(J53<=0.04,0,((J53-(AB53*0.1769*炼钢参数表!K53/1000*100))/100/炼钢参数表!K53/($AG$3/100)*1000)) -> 0 | AH53: 1.4 | AI53: =IF(N53="",0,IF(N53<=0.002,0,((N53)/100)/($AI$3/100)/炼钢参数表!M53*1000)) -> 0 | AJ53: =IF(O53="",0,IF(O53<=0.002,0,((O53)/100)/($AJ$3/100)/炼钢参数表!N53*1000)) -> 0.23533399 | AK53: =IF(P53="",0,IF(P53<=0.002,0,((P53+0.005)/100)/($AK$3/100)/炼钢参数表!O53*1000)) -> 0.59873069 | AL53: =IF((BA53-J53*0.00003-K53*0.00024)<=0.05,0,IF(T53="",0,IF(T53<=0.03,0,IF(((BA53-J53*0.00003-K53*0.00024)-0.05)/0.18/100/($AL$3/100)/炼钢参数表!P53*1000<=T53/100/($AL$3/100)/炼钢参数表!P53*1000,((BA53-J53*0.00003-K53*0.00024)-0.05)/0.18/100/($AL$3/100)/炼钢参数表!P53*1000,T53/100/($AL$3/100)/炼钢参数表!P53*1000)))) -> 0 | AM53: =IF(T53="",0,IF(T53<=0.03,0,((T53-AL53*($AL$3/100)*炼钢参数表!P53/10)/100/($AM$3/100)/炼钢参数表!P53*1000))) -> 0 | AN53: =IF(U53="",0,IF(U53<=0.02,0,(U53/100)/($AN$3/100)/炼钢参数表!Q53*1000)) -> 0 | AO53: =IF(V53="",0,IF(V53<=0.02,0,(V53/100)/($AO$3/100)/炼钢参数表!R53*1000)) -> 0 | AP53: =IF(W53="",0,IF(W53<=0.02,0,(W53/100)/($AP$3/100)/炼钢参数表!S53*1000)) -> 0 | AQ53: =IF(X53="",0,IF(X53<=0.0002,0,(X53/100)/($AQ$3/100)/炼钢参数表!T53*1000)) -> 0 | AR53: =IF(Y53="",0,IF(Y53<=0.02,0,(Y53/100)/($AR$3/100)/炼钢参数表!U53*1000)) -> 0 | AS53: =IF(L53<=0.04,0,((L53-0.04)/100)/($AS$3/100)/炼钢参数表!V53*1000) -> 0 | AT53: =IF(M53<=0.03,0,((M53-0.03)/100)/($AT$3/100)/炼钢参数表!W53*1000) -> 0 | AV53: =SUM(AB53:AU53) -> 17.57386 | AW53: {=SUMPRODUCT($AB$4:$AU$4,AB53:AU53)/1000} -> 182.52092 | AY53: =F53 -> Q355B-T3 | AZ53: =VLOOKUP(AY53,炼钢参数表!$F$5:$J$1027,4,0) -> 0.0758 | BA53: =I53-AZ53 -> 0.0842 | BB53: =AB53*$BB$4*炼钢参数表!$X$5/1000 -> 0.016407575 | BC53: =AC53*$BC$4*炼钢参数表!$X$5/1000 -> 0.028543075 | BD53: =AD53*$BD$4*炼钢参数表!$X$5/1000 -> 0 | BE53: =AE53*$BE$4*炼钢参数表!$X$5/1000 -> 0 | BF53: =AL53*$BF$4*炼钢参数表!$X$5/1000 -> 0 | BG53: =AM53*$BG$4*炼钢参数表!$X$5/1000 -> 0 | BH53: =SUM(BB53:BG53) -> 0.04495065 | BI53: =AZ53+BH53 -> 0.12075065 | BJ53: =BI53-I53 -> -0.03924935
A54: 50 | B54: Q355ME | C54: 02 | D54: 2 | E54: 5 | F54: Q355ME-1 | G54: B 低合金钢-低合金高强结构钢-B26 Q355ME | H54: 1522 | I54: 0.075 | J54: 0.15 | K54: 1.1 | L54: 0.015 | M54: 0.004 | O54: 0.01 | P54: 0.02 | Q54: 0.025 | Z54: 45 | AB54: =IF(J54<=0.04,0,IF((BA54-AL54*BF$4*炼钢参数表!$X$5/1000-AM54*BG$4*炼钢参数表!$X$5/1000)<=0.03,0,IF((J54/100/0.1769/炼钢参数表!K54*1000)>(K54-炼钢参数表!J54)/100/0.6566/炼钢参数表!L54*1000,IF(K54<1.6,(K54-炼钢参数表!J54)/100/0.6566/炼钢参数表!L54*1000,(K54-0.08-炼钢参数表!J54)/100/0.6566/炼钢参数表!L54*1000),IF(K54<1.6,J54/100/0.1769/炼钢参数表!K54*1000,(J54-0.08)/100/0.1769/炼钢参数表!K54*1000)))) -> 10.599209 | AC54: =IF((BA54-AB54*$BB$4*0.9/1000-AL54*BF$4*炼钢参数表!$X$5/1000-AM54*BG$4*炼钢参数表!$X$5/1000)<(K54-炼钢参数表!J54-AB54*0.6566*炼钢参数表!L54/10)*0.082,0,(K54-炼钢参数表!J54-AB54*0.6566*炼钢参数表!L54/10)/100/($AC$3/100)/炼钢参数表!L54*1000) -> 0 | AD54: =IF((BA54-AB54*$BB$4*0.9/1000-AC54*$BC$4*0.9/1000-AL54*BF$4*炼钢参数表!$X$5/1000-AM54*BG$4*炼钢参数表!$X$5/1000)<=(K54-炼钢参数表!J54-AB54*0.6566*炼钢参数表!L54/10-AC54*($AC$3/100)*炼钢参数表!L54/10)*0.02,0,((K54-炼钢参数表!J54-AB54*0.6566*炼钢参数表!L54/10-AC54*($AC$3/100)*炼钢参数表!L54/10)/100/($AD$3/100)/炼钢参数表!L54*1000)) -> 4.1043453 | AE54: =(K54-炼钢参数表!J54-AB54*0.6566*炼钢参数表!L54/10-AC54*($AC$3/100)*炼钢参数表!L54/10-AD54*($AD$3/100)*炼钢参数表!L54/10)/100/($AE$3/100)/炼钢参数表!L54*1000 -> 0 | AF54: 0 | AG54: =IF(J54<=0.04,0,((J54-(AB54*0.1769*炼钢参数表!K54/1000*100))/100/炼钢参数表!K54/($AG$3/100)*1000)) -> 0 | AH54: 1.7 | AI54: =IF(N54="",0,IF(N54<=0.002,0,((N54)/100)/($AI$3/100)/炼钢参数表!M54*1000)) -> 0 | AJ54: =IF(O54="",0,IF(O54<=0.002,0,((O54)/100)/($AJ$3/100)/炼钢参数表!N54*1000)) -> 0.15688932 | AK54: =IF(P54="",0,IF(P54<=0.002,0,((P54+0.005)/100)/($AK$3/100)/炼钢参数表!O54*1000)) -> 0.49894224 | AL54: =IF((BA54-J54*0.00003-K54*0.00024)<=0.05,0,IF(T54="",0,IF(T54<=0.03,0,IF(((BA54-J54*0.00003-K54*0.00024)-0.05)/0.18/100/($AL$3/100)/炼钢参数表!P54*1000<=T54/100/($AL$3/100)/炼钢参数表!P54*1000,((BA54-J54*0.00003-K54*0.00024)-0.05)/0.18/100/($AL$3/100)/炼钢参数表!P54*1000,T54/100/($AL$3/100)/炼钢参数表!P54*1000)))) -> 0 | AM54: =IF(T54="",0,IF(T54<=0.03,0,((T54-AL54*($AL$3/100)*炼钢参数表!P54/10)/100/($AM$3/100)/炼钢参数表!P54*1000))) -> 0 | AN54: =IF(U54="",0,IF(U54<=0.02,0,(U54/100)/($AN$3/100)/炼钢参数表!Q54*1000)) -> 0 | AO54: =IF(V54="",0,IF(V54<=0.02,0,(V54/100)/($AO$3/100)/炼钢参数表!R54*1000)) -> 0 | AP54: =IF(W54="",0,IF(W54<=0.02,0,(W54/100)/($AP$3/100)/炼钢参数表!S54*1000)) -> 0 | AQ54: =IF(X54="",0,IF(X54<=0.0002,0,(X54/100)/($AQ$3/100)/炼钢参数表!T54*1000)) -> 0 | AR54: =IF(Y54="",0,IF(Y54<=0.02,0,(Y54/100)/($AR$3/100)/炼钢参数表!U54*1000)) -> 0 | AS54: =IF(L54<=0.04,0,((L54-0.04)/100)/($AS$3/100)/炼钢参数表!V54*1000) -> 0 | AT54: =IF(M54<=0.03,0,((M54-0.03)/100)/($AT$3/100)/炼钢参数表!W54*1000) -> 0 | AV54: =SUM(AB54:AU54) -> 17.059386 | AW54: {=SUMPRODUCT($AB$4:$AU$4,AB54:AU54)/1000} -> 172.99865 | AY54: =F54 -> Q355ME-1 | AZ54: =VLOOKUP(AY54,炼钢参数表!$F$5:$J$1027,4,0) -> 0.042733333 | BA54: =I54-AZ54 -> 0.032266667 | BB54: =AB54*$BB$4*炼钢参数表!$X$5/1000 -> 0.016407575 | BC54: =AC54*$BC$4*炼钢参数表!$X$5/1000 -> 0 | BD54: =AD54*$BD$4*炼钢参数表!$X$5/1000 -> 0.0055408662 | BE54: =AE54*$BE$4*炼钢参数表!$X$5/1000 -> 0 | BF54: =AL54*$BF$4*炼钢参数表!$X$5/1000 -> 0 | BG54: =AM54*$BG$4*炼钢参数表!$X$5/1000 -> 0 | BH54: =SUM(BB54:BG54) -> 0.021948441 | BI54: =AZ54+BH54 -> 0.064681774 | BJ54: =BI54-I54 -> -0.010318226
A55: 51 | B55: Q355ME | C55: 01 | D55: 5.01 | E55: 12 | F55: Q355ME-2 | G55: B 低合金钢-低合金高强结构钢-B26 Q355ME | H55: 1522 | I55: 0.075 | J55: 0.15 | K55: 1.25 | L55: 0.015 | M55: 0.004 | O55: 0.015 | P55: 0.02 | Q55: 0.025 | Z55: 45 | AB55: =IF(J55<=0.04,0,IF((BA55-AL55*BF$4*炼钢参数表!$X$5/1000-AM55*BG$4*炼钢参数表!$X$5/1000)<=0.03,0,IF((J55/100/0.1769/炼钢参数表!K55*1000)>(K55-炼钢参数表!J55)/100/0.6566/炼钢参数表!L55*1000,IF(K55<1.6,(K55-炼钢参数表!J55)/100/0.6566/炼钢参数表!L55*1000,(K55-0.08-炼钢参数表!J55)/100/0.6566/炼钢参数表!L55*1000),IF(K55<1.6,J55/100/0.1769/炼钢参数表!K55*1000,(J55-0.08)/100/0.1769/炼钢参数表!K55*1000)))) -> 10.599209 | AC55: =IF((BA55-AB55*$BB$4*0.9/1000-AL55*BF$4*炼钢参数表!$X$5/1000-AM55*BG$4*炼钢参数表!$X$5/1000)<(K55-炼钢参数表!J55-AB55*0.6566*炼钢参数表!L55/10)*0.082,0,(K55-炼钢参数表!J55-AB55*0.6566*炼钢参数表!L55/10)/100/($AC$3/100)/炼钢参数表!L55*1000) -> 0 | AD55: =IF((BA55-AB55*$BB$4*0.9/1000-AC55*$BC$4*0.9/1000-AL55*BF$4*炼钢参数表!$X$5/1000-AM55*BG$4*炼钢参数表!$X$5/1000)<=(K55-炼钢参数表!J55-AB55*0.6566*炼钢参数表!L55/10-AC55*($AC$3/100)*炼钢参数表!L55/10)*0.02,0,((K55-炼钢参数表!J55-AB55*0.6566*炼钢参数表!L55/10-AC55*($AC$3/100)*炼钢参数表!L55/10)/100/($AD$3/100)/炼钢参数表!L55*1000)) -> 6.0531768 | AE55: =(K55-炼钢参数表!J55-AB55*0.6566*炼钢参数表!L55/10-AC55*($AC$3/100)*炼钢参数表!L55/10-AD55*($AD$3/100)*炼钢参数表!L55/10)/100/($AE$3/100)/炼钢参数表!L55*1000 -> 0 | AF55: 0 | AG55: =IF(J55<=0.04,0,((J55-(AB55*0.1769*炼钢参数表!K55/1000*100))/100/炼钢参数表!K55/($AG$3/100)*1000)) -> 0 | AH55: 1.7 | AI55: =IF(N55="",0,IF(N55<=0.002,0,((N55)/100)/($AI$3/100)/炼钢参数表!M55*1000)) -> 0 | AJ55: =IF(O55="",0,IF(O55<=0.002,0,((O55)/100)/($AJ$3/100)/炼钢参数表!N55*1000)) -> 0.23533399 | AK55: =IF(P55="",0,IF(P55<=0.002,0,((P55+0.005)/100)/($AK$3/100)/炼钢参数表!O55*1000)) -> 0.49894224 | AL55: =IF((BA55-J55*0.00003-K55*0.00024)<=0.05,0,IF(T55="",0,IF(T55<=0.03,0,IF(((BA55-J55*0.00003-K55*0.00024)-0.05)/0.18/100/($AL$3/100)/炼钢参数表!P55*1000<=T55/100/($AL$3/100)/炼钢参数表!P55*1000,((BA55-J55*0.00003-K55*0.00024)-0.05)/0.18/100/($AL$3/100)/炼钢参数表!P55*1000,T55/100/($AL$3/100)/炼钢参数表!P55*1000)))) -> 0 | AM55: =IF(T55="",0,IF(T55<=0.03,0,((T55-AL55*($AL$3/100)*炼钢参数表!P55/10)/100/($AM$3/100)/炼钢参数表!P55*1000))) -> 0 | AN55: =IF(U55="",0,IF(U55<=0.02,0,(U55/100)/($AN$3/100)/炼钢参数表!Q55*1000)) -> 0 | AO55: =IF(V55="",0,IF(V55<=0.02,0,(V55/100)/($AO$3/100)/炼钢参数表!R55*1000)) -> 0 | AP55: =IF(W55="",0,IF(W55<=0.02,0,(W55/100)/($AP$3/100)/炼钢参数表!S55*1000)) -> 0 | AQ55: =IF(X55="",0,IF(X55<=0.0002,0,(X55/100)/($AQ$3/100)/炼钢参数表!T55*1000)) -> 0 | AR55: =IF(Y55="",0,IF(Y55<=0.02,0,(Y55/100)/($AR$3/100)/炼钢参数表!U55*1000)) -> 0 | AS55: =IF(L55<=0.04,0,((L55-0.04)/100)/($AS$3/100)/炼钢参数表!V55*1000) -> 0 | AT55: =IF(M55<=0.03,0,((M55-0.03)/100)/($AT$3/100)/炼钢参数表!W55*1000) -> 0 | AV55: =SUM(AB55:AU55) -> 19.086662 | AW55: {=SUMPRODUCT($AB$4:$AU$4,AB55:AU55)/1000} -> 204.95839 | AY55: =F55 -> Q355ME-2 | AZ55: =VLOOKUP(AY55,炼钢参数表!$F$5:$J$1027,4,0) -> 0.042733333 | BA55: =I55-AZ55 -> 0.032266667 | BB55: =AB55*$BB$4*炼钢参数表!$X$5/1000 -> 0.016407575 | BC55: =AC55*$BC$4*炼钢参数表!$X$5/1000 -> 0 | BD55: =AD55*$BD$4*炼钢参数表!$X$5/1000 -> 0.0081717887 | BE55: =AE55*$BE$4*炼钢参数表!$X$5/1000 -> 0 | BF55: =AL55*$BF$4*炼钢参数表!$X$5/1000 -> 0 | BG55: =AM55*$BG$4*炼钢参数表!$X$5/1000 -> 0 | BH55: =SUM(BB55:BG55) -> 0.024579364 | BI55: =AZ55+BH55 -> 0.067312697 | BJ55: =BI55-I55 -> -0.007687303
A56: 52 | B56: Q355ME | C56: 03 | D56: 12.01 | E56: 25.4 | F56: Q355ME-3 | G56: B 低合金钢-低合金高强结构钢-B26 Q355ME | H56: 1522 | I56: 0.075 | J56: 0.15 | K56: 1.35 | L56: 0.015 | M56: 0.004 | O56: 0.015 | P56: 0.02 | Q56: 0.025 | Z56: 45 | AB56: =IF(J56<=0.04,0,IF((BA56-AL56*BF$4*炼钢参数表!$X$5/1000-AM56*BG$4*炼钢参数表!$X$5/1000)<=0.03,0,IF((J56/100/0.1769/炼钢参数表!K56*1000)>(K56-炼钢参数表!J56)/100/0.6566/炼钢参数表!L56*1000,IF(K56<1.6,(K56-炼钢参数表!J56)/100/0.6566/炼钢参数表!L56*1000,(K56-0.08-炼钢参数表!J56)/100/0.6566/炼钢参数表!L56*1000),IF(K56<1.6,J56/100/0.1769/炼钢参数表!K56*1000,(J56-0.08)/100/0.1769/炼钢参数表!K56*1000)))) -> 10.599209 | AC56: =IF((BA56-AB56*$BB$4*0.9/1000-AL56*BF$4*炼钢参数表!$X$5/1000-AM56*BG$4*炼钢参数表!$X$5/1000)<(K56-炼钢参数表!J56-AB56*0.6566*炼钢参数表!L56/10)*0.082,0,(K56-炼钢参数表!J56-AB56*0.6566*炼钢参数表!L56/10)/100/($AC$3/100)/炼钢参数表!L56*1000) -> 0 | AD56: =IF((BA56-AB56*$BB$4*0.9/1000-AC56*$BC$4*0.9/1000-AL56*BF$4*炼钢参数表!$X$5/1000-AM56*BG$4*炼钢参数表!$X$5/1000)<=(K56-炼钢参数表!J56-AB56*0.6566*炼钢参数表!L56/10-AC56*($AC$3/100)*炼钢参数表!L56/10)*0.02,0,((K56-炼钢参数表!J56-AB56*0.6566*炼钢参数表!L56/10-AC56*($AC$3/100)*炼钢参数表!L56/10)/100/($AD$3/100)/炼钢参数表!L56*1000)) -> 7.3523978 | AE56: =(K56-炼钢参数表!J56-AB56*0.6566*炼钢参数表!L56/10-AC56*($AC$3/100)*炼钢参数表!L56/10-AD56*($AD$3/100)*炼钢参数表!L56/10)/100/($AE$3/100)/炼钢参数表!L56*1000 -> 0 | AF56: 0 | AG56: =IF(J56<=0.04,0,((J56-(AB56*0.1769*炼钢参数表!K56/1000*100))/100/炼钢参数表!K56/($AG$3/100)*1000)) -> 0 | AH56: 1.7 | AI56: =IF(N56="",0,IF(N56<=0.002,0,((N56)/100)/($AI$3/100)/炼钢参数表!M56*1000)) -> 0 | AJ56: =IF(O56="",0,IF(O56<=0.002,0,((O56)/100)/($AJ$3/100)/炼钢参数表!N56*1000)) -> 0.23533399 | AK56: =IF(P56="",0,IF(P56<=0.002,0,((P56+0.005)/100)/($AK$3/100)/炼钢参数表!O56*1000)) -> 0.49894224 | AL56: =IF((BA56-J56*0.00003-K56*0.00024)<=0.05,0,IF(T56="",0,IF(T56<=0.03,0,IF(((BA56-J56*0.00003-K56*0.00024)-0.05)/0.18/100/($AL$3/100)/炼钢参数表!P56*1000<=T56/100/($AL$3/100)/炼钢参数表!P56*1000,((BA56-J56*0.00003-K56*0.00024)-0.05)/0.18/100/($AL$3/100)/炼钢参数表!P56*1000,T56/100/($AL$3/100)/炼钢参数表!P56*1000)))) -> 0 | AM56: =IF(T56="",0,IF(T56<=0.03,0,((T56-AL56*($AL$3/100)*炼钢参数表!P56/10)/100/($AM$3/100)/炼钢参数表!P56*1000))) -> 0 | AN56: =IF(U56="",0,IF(U56<=0.02,0,(U56/100)/($AN$3/100)/炼钢参数表!Q56*1000)) -> 0 | AO56: =IF(V56="",0,IF(V56<=0.02,0,(V56/100)/($AO$3/100)/炼钢参数表!R56*1000)) -> 0 | AP56: =IF(W56="",0,IF(W56<=0.02,0,(W56/100)/($AP$3/100)/炼钢参数表!S56*1000)) -> 0 | AQ56: =IF(X56="",0,IF(X56<=0.0002,0,(X56/100)/($AQ$3/100)/炼钢参数表!T56*1000)) -> 0 | AR56: =IF(Y56="",0,IF(Y56<=0.02,0,(Y56/100)/($AR$3/100)/炼钢参数表!U56*1000)) -> 0 | AS56: =IF(L56<=0.04,0,((L56-0.04)/100)/($AS$3/100)/炼钢参数表!V56*1000) -> 0 | AT56: =IF(M56<=0.03,0,((M56-0.03)/100)/($AT$3/100)/炼钢参数表!W56*1000) -> 0 | AV56: =SUM(AB56:AU56) -> 20.385883 | AW56: {=SUMPRODUCT($AB$4:$AU$4,AB56:AU56)/1000} -> 215.00149 | AY56: =F56 -> Q355ME-3 | AZ56: =VLOOKUP(AY56,炼钢参数表!$F$5:$J$1027,4,0) -> 0.042733333 | BA56: =I56-AZ56 -> 0.032266667 | BB56: =AB56*$BB$4*炼钢参数表!$X$5/1000 -> 0.016407575 | BC56: =AC56*$BC$4*炼钢参数表!$X$5/1000 -> 0 | BD56: =AD56*$BD$4*炼钢参数表!$X$5/1000 -> 0.009925737 | BE56: =AE56*$BE$4*炼钢参数表!$X$5/1000 -> 0 | BF56: =AL56*$BF$4*炼钢参数表!$X$5/1000 -> 0 | BG56: =AM56*$BG$4*炼钢参数表!$X$5/1000 -> 0 | BH56: =SUM(BB56:BG56) -> 0.026333312 | BI56: =AZ56+BH56 -> 0.069066645 | BJ56: =BI56-I56 -> -0.0059333547
A57: 53 | B57: Q355B-S | C57: 01 | D57: 1.8 | E57: 5.99 | F57: Q355B-S | G57: B 低合金钢-低合金高强结构钢-B24 Q355B-S | H57: 1525 | I57: 0.07 | J57: 0.1 | K57: 0.95 | L57: 0.02 | M57: 0.006 | O57: 0.01 | P57: 0.03 | Q57: 0.025 | Z57: 45 | AB57: =IF(J57<=0.04,0,IF((BA57-AL57*BF$4*炼钢参数表!$X$5/1000-AM57*BG$4*炼钢参数表!$X$5/1000)<=0.03,0,IF((J57/100/0.1769/炼钢参数表!K57*1000)>(K57-炼钢参数表!J57)/100/0.6566/炼钢参数表!L57*1000,IF(K57<1.6,(K57-炼钢参数表!J57)/100/0.6566/炼钢参数表!L57*1000,(K57-0.08-炼钢参数表!J57)/100/0.6566/炼钢参数表!L57*1000),IF(K57<1.6,J57/100/0.1769/炼钢参数表!K57*1000,(J57-0.08)/100/0.1769/炼钢参数表!K57*1000)))) -> 0 | AC57: =IF((BA57-AB57*$BB$4*0.9/1000-AL57*BF$4*炼钢参数表!$X$5/1000-AM57*BG$4*炼钢参数表!$X$5/1000)<(K57-炼钢参数表!J57-AB57*0.6566*炼钢参数表!L57/10)*0.082,0,(K57-炼钢参数表!J57-AB57*0.6566*炼钢参数表!L57/10)/100/($AC$3/100)/炼钢参数表!L57*1000) -> 0 | AD57: =IF((BA57-AB57*$BB$4*0.9/1000-AC57*$BC$4*0.9/1000-AL57*BF$4*炼钢参数表!$X$5/1000-AM57*BG$4*炼钢参数表!$X$5/1000)<=(K57-炼钢参数表!J57-AB57*0.6566*炼钢参数表!L57/10-AC57*($AC$3/100)*炼钢参数表!L57/10)*0.02,0,((K57-炼钢参数表!J57-AB57*0.6566*炼钢参数表!L57/10-AC57*($AC$3/100)*炼钢参数表!L57/10)/100/($AD$3/100)/炼钢参数表!L57*1000)) -> 10.974087 | AE57: =(K57-炼钢参数表!J57-AB57*0.6566*炼钢参数表!L57/10-AC57*($AC$3/100)*炼钢参数表!L57/10-AD57*($AD$3/100)*炼钢参数表!L57/10)/100/($AE$3/100)/炼钢参数表!L57*1000 -> 0 | AF57: 0 | AG57: =IF(J57<=0.04,0,((J57-(AB57*0.1769*炼钢参数表!K57/1000*100))/100/炼钢参数表!K57/($AG$3/100)*1000)) -> 1.7305829 | AH57: 1.8 | AI57: =IF(N57="",0,IF(N57<=0.002,0,((N57)/100)/($AI$3/100)/炼钢参数表!M57*1000)) -> 0 | AJ57: =IF(O57="",0,IF(O57<=0.002,0,((O57)/100)/($AJ$3/100)/炼钢参数表!N57*1000)) -> 0.15688932 | AK57: =IF(P57="",0,IF(P57<=0.002,0,((P57+0.005)/100)/($AK$3/100)/炼钢参数表!O57*1000)) -> 0.69851914 | AL57: =IF((BA57-J57*0.00003-K57*0.00024)<=0.05,0,IF(T57="",0,IF(T57<=0.03,0,IF(((BA57-J57*0.00003-K57*0.00024)-0.05)/0.18/100/($AL$3/100)/炼钢参数表!P57*1000<=T57/100/($AL$3/100)/炼钢参数表!P57*1000,((BA57-J57*0.00003-K57*0.00024)-0.05)/0.18/100/($AL$3/100)/炼钢参数表!P57*1000,T57/100/($AL$3/100)/炼钢参数表!P57*1000)))) -> 0 | AM57: =IF(T57="",0,IF(T57<=0.03,0,((T57-AL57*($AL$3/100)*炼钢参数表!P57/10)/100/($AM$3/100)/炼钢参数表!P57*1000))) -> 0 | AN57: =IF(U57="",0,IF(U57<=0.02,0,(U57/100)/($AN$3/100)/炼钢参数表!Q57*1000)) -> 0 | AO57: =IF(V57="",0,IF(V57<=0.02,0,(V57/100)/($AO$3/100)/炼钢参数表!R57*1000)) -> 0 | AP57: =IF(W57="",0,IF(W57<=0.02,0,(W57/100)/($AP$3/100)/炼钢参数表!S57*1000)) -> 0 | AQ57: =IF(X57="",0,IF(X57<=0.0002,0,(X57/100)/($AQ$3/100)/炼钢参数表!T57*1000)) -> 0 | AR57: =IF(Y57="",0,IF(Y57<=0.02,0,(Y57/100)/($AR$3/100)/炼钢参数表!U57*1000)) -> 0 | AS57: =IF(L57<=0.04,0,((L57-0.04)/100)/($AS$3/100)/炼钢参数表!V57*1000) -> 0 | AT57: =IF(M57<=0.03,0,((M57-0.03)/100)/($AT$3/100)/炼钢参数表!W57*1000) -> 0 | AV57: =SUM(AB57:AU57) -> 15.360078 | AW57: {=SUMPRODUCT($AB$4:$AU$4,AB57:AU57)/1000} -> 184.61621 | AY57: =F57 -> Q355B-S | AZ57: =VLOOKUP(AY57,炼钢参数表!$F$5:$J$1027,4,0) -> 0.044 | BA57: =I57-AZ57 -> 0.026 | BB57: =AB57*$BB$4*炼钢参数表!$X$5/1000 -> 0 | BC57: =AC57*$BC$4*炼钢参数表!$X$5/1000 -> 0 | BD57: =AD57*$BD$4*炼钢参数表!$X$5/1000 -> 0.014815017 | BE57: =AE57*$BE$4*炼钢参数表!$X$5/1000 -> 0 | BF57: =AL57*$BF$4*炼钢参数表!$X$5/1000 -> 0 | BG57: =AM57*$BG$4*炼钢参数表!$X$5/1000 -> 0 | BH57: =SUM(BB57:BG57) -> 0.014815017 | BI57: =AZ57+BH57 -> 0.058815017 | BJ57: =BI57-I57 -> -0.011184983
A58: 54 | B58: Q355B-SS | C58: 02 | D58: 0.1 | E58: 5.99 | F58: Q355B-1 | G58: B 结构钢-低合金高强结构钢-B01 Q355B | H58: 1518 | I58: 0.16 | J58: 0.08 | K58: 0.35 | L58: 0.02 | M58: 0.01 | P58: 0.04 | Q58: 0.02 | AB58: =IF(J58<=0.04,0,IF((BA58-AL58*BF$4*炼钢参数表!$X$5/1000-AM58*BG$4*炼钢参数表!$X$5/1000)<=0.03,0,IF((J58/100/0.1769/炼钢参数表!K58*1000)>(K58-炼钢参数表!J58)/100/0.6566/炼钢参数表!L58*1000,IF(K58<1.6,(K58-炼钢参数表!J58)/100/0.6566/炼钢参数表!L58*1000,(K58-0.08-炼钢参数表!J58)/100/0.6566/炼钢参数表!L58*1000),IF(K58<1.6,J58/100/0.1769/炼钢参数表!K58*1000,(J58-0.08)/100/0.1769/炼钢参数表!K58*1000)))) -> 3.5358864 | AC58: =IF((BA58-AB58*$BB$4*0.9/1000-AL58*BF$4*炼钢参数表!$X$5/1000-AM58*BG$4*炼钢参数表!$X$5/1000)<(K58-炼钢参数表!J58-AB58*0.6566*炼钢参数表!L58/10)*0.082,0,(K58-炼钢参数表!J58-AB58*0.6566*炼钢参数表!L58/10)/100/($AC$3/100)/炼钢参数表!L58*1000) -> 0 | AD58: =IF((BA58-AB58*$BB$4*0.9/1000-AC58*$BC$4*0.9/1000-AL58*BF$4*炼钢参数表!$X$5/1000-AM58*BG$4*炼钢参数表!$X$5/1000)<=(K58-炼钢参数表!J58-AB58*0.6566*炼钢参数表!L58/10-AC58*($AC$3/100)*炼钢参数表!L58/10)*0.02,0,((K58-炼钢参数表!J58-AB58*0.6566*炼钢参数表!L58/10-AC58*($AC$3/100)*炼钢参数表!L58/10)/100/($AD$3/100)/炼钢参数表!L58*1000)) -> 0 | AE58: =(K58-炼钢参数表!J58-AB58*0.6566*炼钢参数表!L58/10-AC58*($AC$3/100)*炼钢参数表!L58/10-AD58*($AD$3/100)*炼钢参数表!L58/10)/100/($AE$3/100)/炼钢参数表!L58*1000 -> 0 | AF58: 0 | AG58: =IF(J58<=0.04,0,((J58-(AB58*0.1769*炼钢参数表!K58/1000*100))/100/炼钢参数表!K58/($AG$3/100)*1000)) -> 0.51848498 | AH58: 1.4 | AI58: =IF(N58="",0,IF(N58<=0.002,0,((N58)/100)/($AI$3/100)/炼钢参数表!M58*1000)) -> 0 | AJ58: =IF(O58="",0,IF(O58<=0.002,0,((O58)/100)/($AJ$3/100)/炼钢参数表!N58*1000)) -> 0 | AK58: =IF(P58="",0,IF(P58<=0.002,0,((P58+0.005)/100)/($AK$3/100)/炼钢参数表!O58*1000)) -> 0.89809604 | AL58: =IF((BA58-J58*0.00003-K58*0.00024)<=0.05,0,IF(T58="",0,IF(T58<=0.03,0,IF(((BA58-J58*0.00003-K58*0.00024)-0.05)/0.18/100/($AL$3/100)/炼钢参数表!P58*1000<=T58/100/($AL$3/100)/炼钢参数表!P58*1000,((BA58-J58*0.00003-K58*0.00024)-0.05)/0.18/100/($AL$3/100)/炼钢参数表!P58*1000,T58/100/($AL$3/100)/炼钢参数表!P58*1000)))) -> 0 | AM58: =IF(T58="",0,IF(T58<=0.03,0,((T58-AL58*($AL$3/100)*炼钢参数表!P58/10)/100/($AM$3/100)/炼钢参数表!P58*1000))) -> 0 | AN58: =IF(U58="",0,IF(U58<=0.02,0,(U58/100)/($AN$3/100)/炼钢参数表!Q58*1000)) -> 0 | AO58: =IF(V58="",0,IF(V58<=0.02,0,(V58/100)/($AO$3/100)/炼钢参数表!R58*1000)) -> 0 | AP58: =IF(W58="",0,IF(W58<=0.02,0,(W58/100)/($AP$3/100)/炼钢参数表!S58*1000)) -> 0 | AQ58: =IF(X58="",0,IF(X58<=0.0002,0,(X58/100)/($AQ$3/100)/炼钢参数表!T58*1000)) -> 0 | AR58: =IF(Y58="",0,IF(Y58<=0.02,0,(Y58/100)/($AR$3/100)/炼钢参数表!U58*1000)) -> 0 | AS58: =IF(L58<=0.04,0,((L58-0.04)/100)/($AS$3/100)/炼钢参数表!V58*1000) -> 0 | AT58: =IF(M58<=0.03,0,((M58-0.03)/100)/($AT$3/100)/炼钢参数表!W58*1000) -> 0 | AV58: =SUM(AB58:AU58) -> 6.3524674 | AW58: {=SUMPRODUCT($AB$4:$AU$4,AB58:AU58)/1000} -> 74.760104 | AY58: =F58 -> Q355B-1 | AZ58: =VLOOKUP(AY58,炼钢参数表!$F$5:$J$1027,4,0) -> 0.070817568 | BA58: =I58-AZ58 -> 0.089182432 | BB58: =AB58*$BB$4*炼钢参数表!$X$5/1000 -> 0.0054735521 | BC58: =AC58*$BC$4*炼钢参数表!$X$5/1000 -> 0 | BD58: =AD58*$BD$4*炼钢参数表!$X$5/1000 -> 0 | BE58: =AE58*$BE$4*炼钢参数表!$X$5/1000 -> 0 | BF58: =AL58*$BF$4*炼钢参数表!$X$5/1000 -> 0 | BG58: =AM58*$BG$4*炼钢参数表!$X$5/1000 -> 0 | BH58: =SUM(BB58:BG58) -> 0.0054735521 | BI58: =AZ58+BH58 -> 0.07629112 | BJ58: =BI58-I58 -> -0.08370888
A59: 55 | B59: Q355B-SS | C59: 01 | D59: 6 | E59: 15.99 | F59: Q355B-2 | G59: B 结构钢-低合金高强结构钢-B01 Q355B | H59: 1517 | I59: 0.16 | J59: 0.08 | K59: 0.5 | L59: 0.02 | M59: 0.01 | P59: 0.04 | Q59: 0.02 | AB59: =IF(J59<=0.04,0,IF((BA59-AL59*BF$4*炼钢参数表!$X$5/1000-AM59*BG$4*炼钢参数表!$X$5/1000)<=0.03,0,IF((J59/100/0.1769/炼钢参数表!K59*1000)>(K59-炼钢参数表!J59)/100/0.6566/炼钢参数表!L59*1000,IF(K59<1.6,(K59-炼钢参数表!J59)/100/0.6566/炼钢参数表!L59*1000,(K59-0.08-炼钢参数表!J59)/100/0.6566/炼钢参数表!L59*1000),IF(K59<1.6,J59/100/0.1769/炼钢参数表!K59*1000,(J59-0.08)/100/0.1769/炼钢参数表!K59*1000)))) -> 5.6529112 | AC59: =IF((BA59-AB59*$BB$4*0.9/1000-AL59*BF$4*炼钢参数表!$X$5/1000-AM59*BG$4*炼钢参数表!$X$5/1000)<(K59-炼钢参数表!J59-AB59*0.6566*炼钢参数表!L59/10)*0.082,0,(K59-炼钢参数表!J59-AB59*0.6566*炼钢参数表!L59/10)/100/($AC$3/100)/炼钢参数表!L59*1000) -> 0.20585112 | AD59: =IF((BA59-AB59*$BB$4*0.9/1000-AC59*$BC$4*0.9/1000-AL59*BF$4*炼钢参数表!$X$5/1000-AM59*BG$4*炼钢参数表!$X$5/1000)<=(K59-炼钢参数表!J59-AB59*0.6566*炼钢参数表!L59/10-AC59*($AC$3/100)*炼钢参数表!L59/10)*0.02,0,((K59-炼钢参数表!J59-AB59*0.6566*炼钢参数表!L59/10-AC59*($AC$3/100)*炼钢参数表!L59/10)/100/($AD$3/100)/炼钢参数表!L59*1000)) -> 0 | AE59: =(K59-炼钢参数表!J59-AB59*0.6566*炼钢参数表!L59/10-AC59*($AC$3/100)*炼钢参数表!L59/10-AD59*($AD$3/100)*炼钢参数表!L59/10)/100/($AE$3/100)/炼钢参数表!L59*1000 -> 0 | AF59: 0 | AG59: =IF(J59<=0.04,0,((J59-(AB59*0.1769*炼钢参数表!K59/1000*100))/100/炼钢参数表!K59/($AG$3/100)*1000)) -> 0 | AH59: 1.4 | AI59: =IF(N59="",0,IF(N59<=0.002,0,((N59)/100)/($AI$3/100)/炼钢参数表!M59*1000)) -> 0 | AJ59: =IF(O59="",0,IF(O59<=0.002,0,((O59)/100)/($AJ$3/100)/炼钢参数表!N59*1000)) -> 0 | AK59: =IF(P59="",0,IF(P59<=0.002,0,((P59+0.005)/100)/($AK$3/100)/炼钢参数表!O59*1000)) -> 0.89809604 | AL59: =IF((BA59-J59*0.00003-K59*0.00024)<=0.05,0,IF(T59="",0,IF(T59<=0.03,0,IF(((BA59-J59*0.00003-K59*0.00024)-0.05)/0.18/100/($AL$3/100)/炼钢参数表!P59*1000<=T59/100/($AL$3/100)/炼钢参数表!P59*1000,((BA59-J59*0.00003-K59*0.00024)-0.05)/0.18/100/($AL$3/100)/炼钢参数表!P59*1000,T59/100/($AL$3/100)/炼钢参数表!P59*1000)))) -> 0 | AM59: =IF(T59="",0,IF(T59<=0.03,0,((T59-AL59*($AL$3/100)*炼钢参数表!P59/10)/100/($AM$3/100)/炼钢参数表!P59*1000))) -> 0 | AN59: =IF(U59="",0,IF(U59<=0.02,0,(U59/100)/($AN$3/100)/炼钢参数表!Q59*1000)) -> 0 | AO59: =IF(V59="",0,IF(V59<=0.02,0,(V59/100)/($AO$3/100)/炼钢参数表!R59*1000)) -> 0 | AP59: =IF(W59="",0,IF(W59<=0.02,0,(W59/100)/($AP$3/100)/炼钢参数表!S59*1000)) -> 0 | AQ59: =IF(X59="",0,IF(X59<=0.0002,0,(X59/100)/($AQ$3/100)/炼钢参数表!T59*1000)) -> 0 | AR59: =IF(Y59="",0,IF(Y59<=0.02,0,(Y59/100)/($AR$3/100)/炼钢参数表!U59*1000)) -> 0 | AS59: =IF(L59<=0.04,0,((L59-0.04)/100)/($AS$3/100)/炼钢参数表!V59*1000) -> 0 | AT59: =IF(M59<=0.03,0,((M59-0.03)/100)/($AT$3/100)/炼钢参数表!W59*1000) -> 0 | AV59: =SUM(AB59:AU59) -> 8.1568584 | AW59: {=SUMPRODUCT($AB$4:$AU$4,AB59:AU59)/1000} -> 84.79993 | AY59: =F59 -> Q355B-2 | AZ59: =VLOOKUP(AY59,炼钢参数表!$F$5:$J$1027,4,0) -> 0.074004318 | BA59: =I59-AZ59 -> 0.085995682 | BB59: =AB59*$BB$4*炼钢参数表!$X$5/1000 -> 0.0087507066 | BC59: =AC59*$BC$4*炼钢参数表!$X$5/1000 -> 0.0012394296 | BD59: =AD59*$BD$4*炼钢参数表!$X$5/1000 -> 0 | BE59: =AE59*$BE$4*炼钢参数表!$X$5/1000 -> 0 | BF59: =AL59*$BF$4*炼钢参数表!$X$5/1000 -> 0 | BG59: =AM59*$BG$4*炼钢参数表!$X$5/1000 -> 0 | BH59: =SUM(BB59:BG59) -> 0.0099901362 | BI59: =AZ59+BH59 -> 0.083994455 | BJ59: =BI59-I59 -> -0.076005545
A60: 56 | B60: Q355B-SS | C60: 03 | D60: 16 | E60: 28 | F60: Q355B-3B | G60: B 低合金钢-低合金高强结构钢-B01 Q355B | H60: 1514 | I60: 0.16 | J60: 0.18 | K60: 1.1 | L60: 0.02 | M60: 0.01 | O60: 0.008 | P60: 0.025 | Q60: 0.02 | AB60: =IF(J60<=0.04,0,IF((BA60-AL60*BF$4*炼钢参数表!$X$5/1000-AM60*BG$4*炼钢参数表!$X$5/1000)<=0.03,0,IF((J60/100/0.1769/炼钢参数表!K60*1000)>(K60-炼钢参数表!J60)/100/0.6566/炼钢参数表!L60*1000,IF(K60<1.6,(K60-炼钢参数表!J60)/100/0.6566/炼钢参数表!L60*1000,(K60-0.08-炼钢参数表!J60)/100/0.6566/炼钢参数表!L60*1000),IF(K60<1.6,J60/100/0.1769/炼钢参数表!K60*1000,(J60-0.08)/100/0.1769/炼钢参数表!K60*1000)))) -> 12.71905 | AC60: =IF((BA60-AB60*$BB$4*0.9/1000-AL60*BF$4*炼钢参数表!$X$5/1000-AM60*BG$4*炼钢参数表!$X$5/1000)<(K60-炼钢参数表!J60-AB60*0.6566*炼钢参数表!L60/10)*0.082,0,(K60-炼钢参数表!J60-AB60*0.6566*炼钢参数表!L60/10)/100/($AC$3/100)/炼钢参数表!L60*1000) -> 2.2927546 | AD60: =IF((BA60-AB60*$BB$4*0.9/1000-AC60*$BC$4*0.9/1000-AL60*BF$4*炼钢参数表!$X$5/1000-AM60*BG$4*炼钢参数表!$X$5/1000)<=(K60-炼钢参数表!J60-AB60*0.6566*炼钢参数表!L60/10-AC60*($AC$3/100)*炼钢参数表!L60/10)*0.02,0,((K60-炼钢参数表!J60-AB60*0.6566*炼钢参数表!L60/10-AC60*($AC$3/100)*炼钢参数表!L60/10)/100/($AD$3/100)/炼钢参数表!L60*1000)) -> 0 | AE60: =(K60-炼钢参数表!J60-AB60*0.6566*炼钢参数表!L60/10-AC60*($AC$3/100)*炼钢参数表!L60/10-AD60*($AD$3/100)*炼钢参数表!L60/10)/100/($AE$3/100)/炼钢参数表!L60*1000 -> 0 | AF60: 0 | AG60: =IF(J60<=0.04,0,((J60-(AB60*0.1769*炼钢参数表!K60/1000*100))/100/炼钢参数表!K60/($AG$3/100)*1000)) -> 0 | AH60: 1.4 | AI60: =IF(N60="",0,IF(N60<=0.002,0,((N60)/100)/($AI$3/100)/炼钢参数表!M60*1000)) -> 0 | AJ60: =IF(O60="",0,IF(O60<=0.002,0,((O60)/100)/($AJ$3/100)/炼钢参数表!N60*1000)) -> 0.12551146 | AK60: =IF(P60="",0,IF(P60<=0.002,0,((P60+0.005)/100)/($AK$3/100)/炼钢参数表!O60*1000)) -> 0.59873069 | AL60: =IF((BA60-J60*0.00003-K60*0.00024)<=0.05,0,IF(T60="",0,IF(T60<=0.03,0,IF(((BA60-J60*0.00003-K60*0.00024)-0.05)/0.18/100/($AL$3/100)/炼钢参数表!P60*1000<=T60/100/($AL$3/100)/炼钢参数表!P60*1000,((BA60-J60*0.00003-K60*0.00024)-0.05)/0.18/100/($AL$3/100)/炼钢参数表!P60*1000,T60/100/($AL$3/100)/炼钢参数表!P60*1000)))) -> 0 | AM60: =IF(T60="",0,IF(T60<=0.03,0,((T60-AL60*($AL$3/100)*炼钢参数表!P60/10)/100/($AM$3/100)/炼钢参数表!P60*1000))) -> 0 | AN60: =IF(U60="",0,IF(U60<=0.02,0,(U60/100)/($AN$3/100)/炼钢参数表!Q60*1000)) -> 0 | AO60: =IF(V60="",0,IF(V60<=0.02,0,(V60/100)/($AO$3/100)/炼钢参数表!R60*1000)) -> 0 | AP60: =IF(W60="",0,IF(W60<=0.02,0,(W60/100)/($AP$3/100)/炼钢参数表!S60*1000)) -> 0 | AQ60: =IF(X60="",0,IF(X60<=0.0002,0,(X60/100)/($AQ$3/100)/炼钢参数表!T60*1000)) -> 0 | AR60: =IF(Y60="",0,IF(Y60<=0.02,0,(Y60/100)/($AR$3/100)/炼钢参数表!U60*1000)) -> 0 | AS60: =IF(L60<=0.04,0,((L60-0.04)/100)/($AS$3/100)/炼钢参数表!V60*1000) -> 0 | AT60: =IF(M60<=0.03,0,((M60-0.03)/100)/($AT$3/100)/炼钢参数表!W60*1000) -> 0 | AV60: =SUM(AB60:AU60) -> 17.136047 | AW60: {=SUMPRODUCT($AB$4:$AU$4,AB60:AU60)/1000} -> 155.57214 | AY60: =F60 -> Q355B-3B | AZ60: =VLOOKUP(AY60,炼钢参数表!$F$5:$J$1027,4,0) -> 0.074124444 | BA60: =I60-AZ60 -> 0.085875556 | BB60: =AB60*$BB$4*炼钢参数表!$X$5/1000 -> 0.01968909 | BC60: =AC60*$BC$4*炼钢参数表!$X$5/1000 -> 0.013804675 | BD60: =AD60*$BD$4*炼钢参数表!$X$5/1000 -> 0 | BE60: =AE60*$BE$4*炼钢参数表!$X$5/1000 -> 0 | BF60: =AL60*$BF$4*炼钢参数表!$X$5/1000 -> 0 | BG60: =AM60*$BG$4*炼钢参数表!$X$5/1000 -> 0 | BH60: =SUM(BB60:BG60) -> 0.033493765 | BI60: =AZ60+BH60 -> 0.10761821 | BJ60: =BI60-I60 -> -0.05238179
A61: 57 | B61: Q355B-SD | C61: 01 | D61: 1.5 | E61: 5.99 | F61: Q355B-SD1 | G61: B 低合金钢-低合金高强结构钢-B46 Q355B-SD | H61: 1517 | I61: 0.16 | J61: 0.07 | K61: 0.35 | L61: 0.02 | M61: 0.01 | P61: 0.04 | Q61: 0.02 | AB61: =IF(J61<=0.04,0,IF((BA61-AL61*BF$4*炼钢参数表!$X$5/1000-AM61*BG$4*炼钢参数表!$X$5/1000)<=0.03,0,IF((J61/100/0.1769/炼钢参数表!K61*1000)>(K61-炼钢参数表!J61)/100/0.6566/炼钢参数表!L61*1000,IF(K61<1.6,(K61-炼钢参数表!J61)/100/0.6566/炼钢参数表!L61*1000,(K61-0.08-炼钢参数表!J61)/100/0.6566/炼钢参数表!L61*1000),IF(K61<1.6,J61/100/0.1769/炼钢参数表!K61*1000,(J61-0.08)/100/0.1769/炼钢参数表!K61*1000)))) -> 3.9680813 | AC61: =IF((BA61-AB61*$BB$4*0.9/1000-AL61*BF$4*炼钢参数表!$X$5/1000-AM61*BG$4*炼钢参数表!$X$5/1000)<(K61-炼钢参数表!J61-AB61*0.6566*炼钢参数表!L61/10)*0.082,0,(K61-炼钢参数表!J61-AB61*0.6566*炼钢参数表!L61/10)/100/($AC$3/100)/炼钢参数表!L61*1000) -> 0 | AD61: =IF((BA61-AB61*$BB$4*0.9/1000-AC61*$BC$4*0.9/1000-AL61*BF$4*炼钢参数表!$X$5/1000-AM61*BG$4*炼钢参数表!$X$5/1000)<=(K61-炼钢参数表!J61-AB61*0.6566*炼钢参数表!L61/10-AC61*($AC$3/100)*炼钢参数表!L61/10)*0.02,0,((K61-炼钢参数表!J61-AB61*0.6566*炼钢参数表!L61/10-AC61*($AC$3/100)*炼钢参数表!L61/10)/100/($AD$3/100)/炼钢参数表!L61*1000)) -> 0 | AE61: =(K61-炼钢参数表!J61-AB61*0.6566*炼钢参数表!L61/10-AC61*($AC$3/100)*炼钢参数表!L61/10-AD61*($AD$3/100)*炼钢参数表!L61/10)/100/($AE$3/100)/炼钢参数表!L61*1000 -> 0 | AF61: 0 | AG61: =IF(J61<=0.04,0,((J61-(AB61*0.1769*炼钢参数表!K61/1000*100))/100/炼钢参数表!K61/($AG$3/100)*1000)) -> 0.23957693 | AH61: 1.4 | AI61: =IF(N61="",0,IF(N61<=0.002,0,((N61)/100)/($AI$3/100)/炼钢参数表!M61*1000)) -> 0 | AJ61: =IF(O61="",0,IF(O61<=0.002,0,((O61)/100)/($AJ$3/100)/炼钢参数表!N61*1000)) -> 0 | AK61: =IF(P61="",0,IF(P61<=0.002,0,((P61+0.005)/100)/($AK$3/100)/炼钢参数表!O61*1000)) -> 0.89809604 | AL61: =IF((BA61-J61*0.00003-K61*0.00024)<=0.05,0,IF(T61="",0,IF(T61<=0.03,0,IF(((BA61-J61*0.00003-K61*0.00024)-0.05)/0.18/100/($AL$3/100)/炼钢参数表!P61*1000<=T61/100/($AL$3/100)/炼钢参数表!P61*1000,((BA61-J61*0.00003-K61*0.00024)-0.05)/0.18/100/($AL$3/100)/炼钢参数表!P61*1000,T61/100/($AL$3/100)/炼钢参数表!P61*1000)))) -> 0 | AM61: =IF(T61="",0,IF(T61<=0.03,0,((T61-AL61*($AL$3/100)*炼钢参数表!P61/10)/100/($AM$3/100)/炼钢参数表!P61*1000))) -> 0 | AN61: =IF(U61="",0,IF(U61<=0.02,0,(U61/100)/($AN$3/100)/炼钢参数表!Q61*1000)) -> 0 | AO61: =IF(V61="",0,IF(V61<=0.02,0,(V61/100)/($AO$3/100)/炼钢参数表!R61*1000)) -> 0 | AP61: =IF(W61="",0,IF(W61<=0.02,0,(W61/100)/($AP$3/100)/炼钢参数表!S61*1000)) -> 0 | AQ61: =IF(X61="",0,IF(X61<=0.0002,0,(X61/100)/($AQ$3/100)/炼钢参数表!T61*1000)) -> 0 | AR61: =IF(Y61="",0,IF(Y61<=0.02,0,(Y61/100)/($AR$3/100)/炼钢参数表!U61*1000)) -> 0 | AS61: =IF(L61<=0.04,0,((L61-0.04)/100)/($AS$3/100)/炼钢参数表!V61*1000) -> 0 | AT61: =IF(M61<=0.03,0,((M61-0.03)/100)/($AT$3/100)/炼钢参数表!W61*1000) -> 0 | AV61: =SUM(AB61:AU61) -> 6.5057543 | AW61: {=SUMPRODUCT($AB$4:$AU$4,AB61:AU61)/1000} -> 75.658293 | AY61: =F61 -> Q355B-SD1 | AZ61: =VLOOKUP(AY61,炼钢参数表!$F$5:$J$1027,4,0) -> 0.064666667 | BA61: =I61-AZ61 -> 0.095333333 | BB61: =AB61*$BB$4*炼钢参数表!$X$5/1000 -> 0.0061425898 | BC61: =AC61*$BC$4*炼钢参数表!$X$5/1000 -> 0 | BD61: =AD61*$BD$4*炼钢参数表!$X$5/1000 -> 0 | BE61: =AE61*$BE$4*炼钢参数表!$X$5/1000 -> 0 | BF61: =AL61*$BF$4*炼钢参数表!$X$5/1000 -> 0 | BG61: =AM61*$BG$4*炼钢参数表!$X$5/1000 -> 0 | BH61: =SUM(BB61:BG61) -> 0.0061425898 | BI61: =AZ61+BH61 -> 0.070809257 | BJ61: =BI61-I61 -> -0.089190743
A62: 58 | B62: Q355B-SD | C62: 02 | D62: 6 | E62: 15.99 | F62: Q355B-SD2 | G62: B 低合金钢-低合金高强结构钢-B46 Q355B-SD | H62: 1517 | I62: 0.16 | J62: 0.07 | K62: 0.5 | L62: 0.02 | M62: 0.01 | P62: 0.04 | Q62: 0.02 | AB62: =IF(J62<=0.04,0,IF((BA62-AL62*BF$4*炼钢参数表!$X$5/1000-AM62*BG$4*炼钢参数表!$X$5/1000)<=0.03,0,IF((J62/100/0.1769/炼钢参数表!K62*1000)>(K62-炼钢参数表!J62)/100/0.6566/炼钢参数表!L62*1000,IF(K62<1.6,(K62-炼钢参数表!J62)/100/0.6566/炼钢参数表!L62*1000,(K62-0.08-炼钢参数表!J62)/100/0.6566/炼钢参数表!L62*1000),IF(K62<1.6,J62/100/0.1769/炼钢参数表!K62*1000,(J62-0.08)/100/0.1769/炼钢参数表!K62*1000)))) -> 4.9462973 | AC62: =IF((BA62-AB62*$BB$4*0.9/1000-AL62*BF$4*炼钢参数表!$X$5/1000-AM62*BG$4*炼钢参数表!$X$5/1000)<(K62-炼钢参数表!J62-AB62*0.6566*炼钢参数表!L62/10)*0.082,0,(K62-炼钢参数表!J62-AB62*0.6566*炼钢参数表!L62/10)/100/($AC$3/100)/炼钢参数表!L62*1000) -> 1.1907716 | AD62: =IF((BA62-AB62*$BB$4*0.9/1000-AC62*$BC$4*0.9/1000-AL62*BF$4*炼钢参数表!$X$5/1000-AM62*BG$4*炼钢参数表!$X$5/1000)<=(K62-炼钢参数表!J62-AB62*0.6566*炼钢参数表!L62/10-AC62*($AC$3/100)*炼钢参数表!L62/10)*0.02,0,((K62-炼钢参数表!J62-AB62*0.6566*炼钢参数表!L62/10-AC62*($AC$3/100)*炼钢参数表!L62/10)/100/($AD$3/100)/炼钢参数表!L62*1000)) -> 0 | AE62: =(K62-炼钢参数表!J62-AB62*0.6566*炼钢参数表!L62/10-AC62*($AC$3/100)*炼钢参数表!L62/10-AD62*($AD$3/100)*炼钢参数表!L62/10)/100/($AE$3/100)/炼钢参数表!L62*1000 -> 0 | AF62: 0 | AG62: =IF(J62<=0.04,0,((J62-(AB62*0.1769*炼钢参数表!K62/1000*100))/100/炼钢参数表!K62/($AG$3/100)*1000)) -> 0 | AH62: 1.4 | AI62: =IF(N62="",0,IF(N62<=0.002,0,((N62)/100)/($AI$3/100)/炼钢参数表!M62*1000)) -> 0 | AJ62: =IF(O62="",0,IF(O62<=0.002,0,((O62)/100)/($AJ$3/100)/炼钢参数表!N62*1000)) -> 0 | AK62: =IF(P62="",0,IF(P62<=0.002,0,((P62+0.005)/100)/($AK$3/100)/炼钢参数表!O62*1000)) -> 0.89809604 | AL62: =IF((BA62-J62*0.00003-K62*0.00024)<=0.05,0,IF(T62="",0,IF(T62<=0.03,0,IF(((BA62-J62*0.00003-K62*0.00024)-0.05)/0.18/100/($AL$3/100)/炼钢参数表!P62*1000<=T62/100/($AL$3/100)/炼钢参数表!P62*1000,((BA62-J62*0.00003-K62*0.00024)-0.05)/0.18/100/($AL$3/100)/炼钢参数表!P62*1000,T62/100/($AL$3/100)/炼钢参数表!P62*1000)))) -> 0 | AM62: =IF(T62="",0,IF(T62<=0.03,0,((T62-AL62*($AL$3/100)*炼钢参数表!P62/10)/100/($AM$3/100)/炼钢参数表!P62*1000))) -> 0 | AN62: =IF(U62="",0,IF(U62<=0.02,0,(U62/100)/($AN$3/100)/炼钢参数表!Q62*1000)) -> 0 | AO62: =IF(V62="",0,IF(V62<=0.02,0,(V62/100)/($AO$3/100)/炼钢参数表!R62*1000)) -> 0 | AP62: =IF(W62="",0,IF(W62<=0.02,0,(W62/100)/($AP$3/100)/炼钢参数表!S62*1000)) -> 0 | AQ62: =IF(X62="",0,IF(X62<=0.0002,0,(X62/100)/($AQ$3/100)/炼钢参数表!T62*1000)) -> 0 | AR62: =IF(Y62="",0,IF(Y62<=0.02,0,(Y62/100)/($AR$3/100)/炼钢参数表!U62*1000)) -> 0 | AS62: =IF(L62<=0.04,0,((L62-0.04)/100)/($AS$3/100)/炼钢参数表!V62*1000) -> 0 | AT62: =IF(M62<=0.03,0,((M62-0.03)/100)/($AT$3/100)/炼钢参数表!W62*1000) -> 0 | AV62: =SUM(AB62:AU62) -> 8.4351649 | AW62: {=SUMPRODUCT($AB$4:$AU$4,AB62:AU62)/1000} -> 86.919809 | AY62: =F62 -> Q355B-SD2 | AZ62: =VLOOKUP(AY62,炼钢参数表!$F$5:$J$1027,4,0) -> 0.064666667 | BA62: =I62-AZ62 -> 0.095333333 | BB62: =AB62*$BB$4*炼钢参数表!$X$5/1000 -> 0.0076568683 | BC62: =AC62*$BC$4*炼钢参数表!$X$5/1000 -> 0.0071696356 | BD62: =AD62*$BD$4*炼钢参数表!$X$5/1000 -> 0 | BE62: =AE62*$BE$4*炼钢参数表!$X$5/1000 -> 0 | BF62: =AL62*$BF$4*炼钢参数表!$X$5/1000 -> 0 | BG62: =AM62*$BG$4*炼钢参数表!$X$5/1000 -> 0 | BH62: =SUM(BB62:BG62) -> 0.014826504 | BI62: =AZ62+BH62 -> 0.079493171 | BJ62: =BI62-I62 -> -0.080506829
A63: 59 | B63: Q355B-SD | C63: 03 | D63: 16 | E63: 28 | F63: Q355B-SD3 | G63: B 低合金钢-低合金高强结构钢-B46 Q355B-SD | H63: 1514 | I63: 0.16 | J63: 0.07 | K63: 1.1 | L63: 0.02 | M63: 0.01 | O63: 0.008 | P63: 0.025 | Q63: 0.02 | AB63: =IF(J63<=0.04,0,IF((BA63-AL63*BF$4*炼钢参数表!$X$5/1000-AM63*BG$4*炼钢参数表!$X$5/1000)<=0.03,0,IF((J63/100/0.1769/炼钢参数表!K63*1000)>(K63-炼钢参数表!J63)/100/0.6566/炼钢参数表!L63*1000,IF(K63<1.6,(K63-炼钢参数表!J63)/100/0.6566/炼钢参数表!L63*1000,(K63-0.08-炼钢参数表!J63)/100/0.6566/炼钢参数表!L63*1000),IF(K63<1.6,J63/100/0.1769/炼钢参数表!K63*1000,(J63-0.08)/100/0.1769/炼钢参数表!K63*1000)))) -> 4.9462973 | AC63: =IF((BA63-AB63*$BB$4*0.9/1000-AL63*BF$4*炼钢参数表!$X$5/1000-AM63*BG$4*炼钢参数表!$X$5/1000)<(K63-炼钢参数表!J63-AB63*0.6566*炼钢参数表!L63/10)*0.082,0,(K63-炼钢参数表!J63-AB63*0.6566*炼钢参数表!L63/10)/100/($AC$3/100)/炼钢参数表!L63*1000) -> 9.3978077 | AD63: =IF((BA63-AB63*$BB$4*0.9/1000-AC63*$BC$4*0.9/1000-AL63*BF$4*炼钢参数表!$X$5/1000-AM63*BG$4*炼钢参数表!$X$5/1000)<=(K63-炼钢参数表!J63-AB63*0.6566*炼钢参数表!L63/10-AC63*($AC$3/100)*炼钢参数表!L63/10)*0.02,0,((K63-炼钢参数表!J63-AB63*0.6566*炼钢参数表!L63/10-AC63*($AC$3/100)*炼钢参数表!L63/10)/100/($AD$3/100)/炼钢参数表!L63*1000)) -> 0 | AE63: =(K63-炼钢参数表!J63-AB63*0.6566*炼钢参数表!L63/10-AC63*($AC$3/100)*炼钢参数表!L63/10-AD63*($AD$3/100)*炼钢参数表!L63/10)/100/($AE$3/100)/炼钢参数表!L63*1000 -> 0 | AF63: 0 | AG63: =IF(J63<=0.04,0,((J63-(AB63*0.1769*炼钢参数表!K63/1000*100))/100/炼钢参数表!K63/($AG$3/100)*1000)) -> 0 | AH63: 1.4 | AI63: =IF(N63="",0,IF(N63<=0.002,0,((N63)/100)/($AI$3/100)/炼钢参数表!M63*1000)) -> 0 | AJ63: =IF(O63="",0,IF(O63<=0.002,0,((O63)/100)/($AJ$3/100)/炼钢参数表!N63*1000)) -> 0.12551146 | AK63: =IF(P63="",0,IF(P63<=0.002,0,((P63+0.005)/100)/($AK$3/100)/炼钢参数表!O63*1000)) -> 0.59873069 | AL63: =IF((BA63-J63*0.00003-K63*0.00024)<=0.05,0,IF(T63="",0,IF(T63<=0.03,0,IF(((BA63-J63*0.00003-K63*0.00024)-0.05)/0.18/100/($AL$3/100)/炼钢参数表!P63*1000<=T63/100/($AL$3/100)/炼钢参数表!P63*1000,((BA63-J63*0.00003-K63*0.00024)-0.05)/0.18/100/($AL$3/100)/炼钢参数表!P63*1000,T63/100/($AL$3/100)/炼钢参数表!P63*1000)))) -> 0 | AM63: =IF(T63="",0,IF(T63<=0.03,0,((T63-AL63*($AL$3/100)*炼钢参数表!P63/10)/100/($AM$3/100)/炼钢参数表!P63*1000))) -> 0 | AN63: =IF(U63="",0,IF(U63<=0.02,0,(U63/100)/($AN$3/100)/炼钢参数表!Q63*1000)) -> 0 | AO63: =IF(V63="",0,IF(V63<=0.02,0,(V63/100)/($AO$3/100)/炼钢参数表!R63*1000)) -> 0 | AP63: =IF(W63="",0,IF(W63<=0.02,0,(W63/100)/($AP$3/100)/炼钢参数表!S63*1000)) -> 0 | AQ63: =IF(X63="",0,IF(X63<=0.0002,0,(X63/100)/($AQ$3/100)/炼钢参数表!T63*1000)) -> 0 | AR63: =IF(Y63="",0,IF(Y63<=0.02,0,(Y63/100)/($AR$3/100)/炼钢参数表!U63*1000)) -> 0 | AS63: =IF(L63<=0.04,0,((L63-0.04)/100)/($AS$3/100)/炼钢参数表!V63*1000) -> 0 | AT63: =IF(M63<=0.03,0,((M63-0.03)/100)/($AT$3/100)/炼钢参数表!W63*1000) -> 0 | AV63: =SUM(AB63:AU63) -> 16.468347 | AW63: {=SUMPRODUCT($AB$4:$AU$4,AB63:AU63)/1000} -> 156.35138 | AY63: =F63 -> Q355B-SD3 | AZ63: =VLOOKUP(AY63,炼钢参数表!$F$5:$J$1027,4,0) -> 0.064666667 | BA63: =I63-AZ63 -> 0.095333333 | BB63: =AB63*$BB$4*炼钢参数表!$X$5/1000 -> 0.0076568683 | BC63: =AC63*$BC$4*炼钢参数表!$X$5/1000 -> 0.0565842 | BD63: =AD63*$BD$4*炼钢参数表!$X$5/1000 -> 0 | BE63: =AE63*$BE$4*炼钢参数表!$X$5/1000 -> 0 | BF63: =AL63*$BF$4*炼钢参数表!$X$5/1000 -> 0 | BG63: =AM63*$BG$4*炼钢参数表!$X$5/1000 -> 0 | BH63: =SUM(BB63:BG63) -> 0.064241069 | BI63: =AZ63+BH63 -> 0.12890774 | BJ63: =BI63-I63 -> -0.031092265
A64: 60 | B64: Q355B-DX | C64: 01 | D64: 1.5 | E64: 8 | F64: Q355B-DX1 | G64: B 低合金钢-低合金高强结构钢-B20 Q355B-DX | H64: 1518 | I64: 0.16 | J64: 0.02 | K64: 0.6 | L64: 0.01 | M64: 0.008 | P64: 0.04 | Q64: 0.02 | Z64: 45 | AB64: =IF(J64<=0.04,0,IF((BA64-AL64*BF$4*炼钢参数表!$X$5/1000-AM64*BG$4*炼钢参数表!$X$5/1000)<=0.03,0,IF((J64/100/0.1769/炼钢参数表!K64*1000)>(K64-炼钢参数表!J64)/100/0.6566/炼钢参数表!L64*1000,IF(K64<1.6,(K64-炼钢参数表!J64)/100/0.6566/炼钢参数表!L64*1000,(K64-0.08-炼钢参数表!J64)/100/0.6566/炼钢参数表!L64*1000),IF(K64<1.6,J64/100/0.1769/炼钢参数表!K64*1000,(J64-0.08)/100/0.1769/炼钢参数表!K64*1000)))) -> 0 | AC64: =IF((BA64-AB64*$BB$4*0.9/1000-AL64*BF$4*炼钢参数表!$X$5/1000-AM64*BG$4*炼钢参数表!$X$5/1000)<(K64-炼钢参数表!J64-AB64*0.6566*炼钢参数表!L64/10)*0.082,0,(K64-炼钢参数表!J64-AB64*0.6566*炼钢参数表!L64/10)/100/($AC$3/100)/炼钢参数表!L64*1000) -> 7.0895114 | AD64: =IF((BA64-AB64*$BB$4*0.9/1000-AC64*$BC$4*0.9/1000-AL64*BF$4*炼钢参数表!$X$5/1000-AM64*BG$4*炼钢参数表!$X$5/1000)<=(K64-炼钢参数表!J64-AB64*0.6566*炼钢参数表!L64/10-AC64*($AC$3/100)*炼钢参数表!L64/10)*0.02,0,((K64-炼钢参数表!J64-AB64*0.6566*炼钢参数表!L64/10-AC64*($AC$3/100)*炼钢参数表!L64/10)/100/($AD$3/100)/炼钢参数表!L64*1000)) -> 0 | AE64: =(K64-炼钢参数表!J64-AB64*0.6566*炼钢参数表!L64/10-AC64*($AC$3/100)*炼钢参数表!L64/10-AD64*($AD$3/100)*炼钢参数表!L64/10)/100/($AE$3/100)/炼钢参数表!L64*1000 -> 0 | AF64: 0 | AG64: =IF(J64<=0.04,0,((J64-(AB64*0.1769*炼钢参数表!K64/1000*100))/100/炼钢参数表!K64/($AG$3/100)*1000)) -> 0 | AH64: 1.5299962 | AI64: =IF(N64="",0,IF(N64<=0.002,0,((N64)/100)/($AI$3/100)/炼钢参数表!M64*1000)) -> 0 | AJ64: =IF(O64="",0,IF(O64<=0.002,0,((O64)/100)/($AJ$3/100)/炼钢参数表!N64*1000)) -> 0 | AK64: =IF(P64="",0,IF(P64<=0.002,0,((P64+0.005)/100)/($AK$3/100)/炼钢参数表!O64*1000)) -> 0.89809604 | AL64: =IF((BA64-J64*0.00003-K64*0.00024)<=0.05,0,IF(T64="",0,IF(T64<=0.03,0,IF(((BA64-J64*0.00003-K64*0.00024)-0.05)/0.18/100/($AL$3/100)/炼钢参数表!P64*1000<=T64/100/($AL$3/100)/炼钢参数表!P64*1000,((BA64-J64*0.00003-K64*0.00024)-0.05)/0.18/100/($AL$3/100)/炼钢参数表!P64*1000,T64/100/($AL$3/100)/炼钢参数表!P64*1000)))) -> 0 | AM64: =IF(T64="",0,IF(T64<=0.03,0,((T64-AL64*($AL$3/100)*炼钢参数表!P64/10)/100/($AM$3/100)/炼钢参数表!P64*1000))) -> 0 | AN64: =IF(U64="",0,IF(U64<=0.02,0,(U64/100)/($AN$3/100)/炼钢参数表!Q64*1000)) -> 0 | AO64: =IF(V64="",0,IF(V64<=0.02,0,(V64/100)/($AO$3/100)/炼钢参数表!R64*1000)) -> 0 | AP64: =IF(W64="",0,IF(W64<=0.02,0,(W64/100)/($AP$3/100)/炼钢参数表!S64*1000)) -> 0 | AQ64: =IF(X64="",0,IF(X64<=0.0002,0,(X64/100)/($AQ$3/100)/炼钢参数表!T64*1000)) -> 0 | AR64: =IF(Y64="",0,IF(Y64<=0.02,0,(Y64/100)/($AR$3/100)/炼钢参数表!U64*1000)) -> 0 | AS64: =IF(L64<=0.04,0,((L64-0.04)/100)/($AS$3/100)/炼钢参数表!V64*1000) -> 0 | AT64: =IF(M64<=0.03,0,((M64-0.03)/100)/($AT$3/100)/炼钢参数表!W64*1000) -> 0 | AV64: =SUM(AB64:AU64) -> 9.5176036 | AW64: {=SUMPRODUCT($AB$4:$AU$4,AB64:AU64)/1000} -> 98.644432 | AY64: =F64 -> Q355B-DX1 | AZ64: =VLOOKUP(AY64,炼钢参数表!$F$5:$J$1027,4,0) -> 0.0551 | BA64: =I64-AZ64 -> 0.1049 | BB64: =AB64*$BB$4*炼钢参数表!$X$5/1000 -> 0 | BC64: =AC64*$BC$4*炼钢参数表!$X$5/1000 -> 0.042685948 | BD64: =AD64*$BD$4*炼钢参数表!$X$5/1000 -> 0 | BE64: =AE64*$BE$4*炼钢参数表!$X$5/1000 -> 0 | BF64: =AL64*$BF$4*炼钢参数表!$X$5/1000 -> 0 | BG64: =AM64*$BG$4*炼钢参数表!$X$5/1000 -> 0 | BH64: =SUM(BB64:BG64) -> 0.042685948 | BI64: =AZ64+BH64 -> 0.097785948 | BJ64: =BI64-I64 -> -0.062214052
A65: 61 | B65: Q355B-ZW | C65: 01 | D65: 12 | E65: 19 | F65: Q355B-ZW3 | G65: B 低合金钢-低合金高强结构钢-B19 Q355B-ZW | H65: 1516 | I65: 0.15 | J65: 0.1 | K65: 1 | L65: 0.02 | M65: 0.01 | O65: 0.008 | P65: 0.03 | Q65: 0.02 | Z65: 45 | AB65: =IF(J65<=0.04,0,IF((BA65-AL65*BF$4*炼钢参数表!$X$5/1000-AM65*BG$4*炼钢参数表!$X$5/1000)<=0.03,0,IF((J65/100/0.1769/炼钢参数表!K65*1000)>(K65-炼钢参数表!J65)/100/0.6566/炼钢参数表!L65*1000,IF(K65<1.6,(K65-炼钢参数表!J65)/100/0.6566/炼钢参数表!L65*1000,(K65-0.08-炼钢参数表!J65)/100/0.6566/炼钢参数表!L65*1000),IF(K65<1.6,J65/100/0.1769/炼钢参数表!K65*1000,(J65-0.08)/100/0.1769/炼钢参数表!K65*1000)))) -> 7.0661391 | AC65: =IF((BA65-AB65*$BB$4*0.9/1000-AL65*BF$4*炼钢参数表!$X$5/1000-AM65*BG$4*炼钢参数表!$X$5/1000)<(K65-炼钢参数表!J65-AB65*0.6566*炼钢参数表!L65/10)*0.082,0,(K65-炼钢参数表!J65-AB65*0.6566*炼钢参数表!L65/10)/100/($AC$3/100)/炼钢参数表!L65*1000) -> 6.3415298 | AD65: =IF((BA65-AB65*$BB$4*0.9/1000-AC65*$BC$4*0.9/1000-AL65*BF$4*炼钢参数表!$X$5/1000-AM65*BG$4*炼钢参数表!$X$5/1000)<=(K65-炼钢参数表!J65-AB65*0.6566*炼钢参数表!L65/10-AC65*($AC$3/100)*炼钢参数表!L65/10)*0.02,0,((K65-炼钢参数表!J65-AB65*0.6566*炼钢参数表!L65/10-AC65*($AC$3/100)*炼钢参数表!L65/10)/100/($AD$3/100)/炼钢参数表!L65*1000)) -> 0 | AE65: =(K65-炼钢参数表!J65-AB65*0.6566*炼钢参数表!L65/10-AC65*($AC$3/100)*炼钢参数表!L65/10-AD65*($AD$3/100)*炼钢参数表!L65/10)/100/($AE$3/100)/炼钢参数表!L65*1000 -> 0 | AF65: 0 | AG65: =IF(J65<=0.04,0,((J65-(AB65*0.1769*炼钢参数表!K65/1000*100))/100/炼钢参数表!K65/($AG$3/100)*1000)) -> 0 | AH65: 1.4 | AI65: =IF(N65="",0,IF(N65<=0.002,0,((N65)/100)/($AI$3/100)/炼钢参数表!M65*1000)) -> 0 | AJ65: =IF(O65="",0,IF(O65<=0.002,0,((O65)/100)/($AJ$3/100)/炼钢参数表!N65*1000)) -> 0.12551146 | AK65: =IF(P65="",0,IF(P65<=0.002,0,((P65+0.005)/100)/($AK$3/100)/炼钢参数表!O65*1000)) -> 0.69851914 | AL65: =IF((BA65-J65*0.00003-K65*0.00024)<=0.05,0,IF(T65="",0,IF(T65<=0.03,0,IF(((BA65-J65*0.00003-K65*0.00024)-0.05)/0.18/100/($AL$3/100)/炼钢参数表!P65*1000<=T65/100/($AL$3/100)/炼钢参数表!P65*1000,((BA65-J65*0.00003-K65*0.00024)-0.05)/0.18/100/($AL$3/100)/炼钢参数表!P65*1000,T65/100/($AL$3/100)/炼钢参数表!P65*1000)))) -> 0 | AM65: =IF(T65="",0,IF(T65<=0.03,0,((T65-AL65*($AL$3/100)*炼钢参数表!P65/10)/100/($AM$3/100)/炼钢参数表!P65*1000))) -> 0 | AN65: =IF(U65="",0,IF(U65<=0.02,0,(U65/100)/($AN$3/100)/炼钢参数表!Q65*1000)) -> 0 | AO65: =IF(V65="",0,IF(V65<=0.02,0,(V65/100)/($AO$3/100)/炼钢参数表!R65*1000)) -> 0 | AP65: =IF(W65="",0,IF(W65<=0.02,0,(W65/100)/($AP$3/100)/炼钢参数表!S65*1000)) -> 0 | AQ65: =IF(X65="",0,IF(X65<=0.0002,0,(X65/100)/($AQ$3/100)/炼钢参数表!T65*1000)) -> 0 | AR65: =IF(Y65="",0,IF(Y65<=0.02,0,(Y65/100)/($AR$3/100)/炼钢参数表!U65*1000)) -> 0 | AS65: =IF(L65<=0.04,0,((L65-0.04)/100)/($AS$3/100)/炼钢参数表!V65*1000) -> 0 | AT65: =IF(M65<=0.03,0,((M65-0.03)/100)/($AT$3/100)/炼钢参数表!W65*1000) -> 0 | AV65: =SUM(AB65:AU65) -> 15.631699 | AW65: {=SUMPRODUCT($AB$4:$AU$4,AB65:AU65)/1000} -> 151.78014 | AY65: =F65 -> Q355B-ZW3 | AZ65: =VLOOKUP(AY65,炼钢参数表!$F$5:$J$1027,4,0) -> 0.0551 | BA65: =I65-AZ65 -> 0.0949 | BB65: =AB65*$BB$4*炼钢参数表!$X$5/1000 -> 0.010938383 | BC65: =AC65*$BC$4*炼钢参数表!$X$5/1000 -> 0.038182351 | BD65: =AD65*$BD$4*炼钢参数表!$X$5/1000 -> 0 | BE65: =AE65*$BE$4*炼钢参数表!$X$5/1000 -> 0 | BF65: =AL65*$BF$4*炼钢参数表!$X$5/1000 -> 0 | BG65: =AM65*$BG$4*炼钢参数表!$X$5/1000 -> 0 | BH65: =SUM(BB65:BG65) -> 0.049120734 | BI65: =AZ65+BH65 -> 0.10422073 | BJ65: =BI65-I65 -> -0.045779266
A66: 62 | B66: Q355B-ZW | C66: 02 | D66: 19.01 | E66: 28 | F66: Q355B-ZW4 | G66: B 低合金钢-低合金高强结构钢-B19 Q355B-ZW | H66: 1516 | I66: 0.15 | J66: 0.1 | K66: 1.1 | L66: 0.02 | M66: 0.01 | O66: 0.008 | P66: 0.03 | Q66: 0.02 | Z66: 45 | AB66: =IF(J66<=0.04,0,IF((BA66-AL66*BF$4*炼钢参数表!$X$5/1000-AM66*BG$4*炼钢参数表!$X$5/1000)<=0.03,0,IF((J66/100/0.1769/炼钢参数表!K66*1000)>(K66-炼钢参数表!J66)/100/0.6566/炼钢参数表!L66*1000,IF(K66<1.6,(K66-炼钢参数表!J66)/100/0.6566/炼钢参数表!L66*1000,(K66-0.08-炼钢参数表!J66)/100/0.6566/炼钢参数表!L66*1000),IF(K66<1.6,J66/100/0.1769/炼钢参数表!K66*1000,(J66-0.08)/100/0.1769/炼钢参数表!K66*1000)))) -> 7.0661391 | AC66: =IF((BA66-AB66*$BB$4*0.9/1000-AL66*BF$4*炼钢参数表!$X$5/1000-AM66*BG$4*炼钢参数表!$X$5/1000)<(K66-炼钢参数表!J66-AB66*0.6566*炼钢参数表!L66/10)*0.082,0,(K66-炼钢参数表!J66-AB66*0.6566*炼钢参数表!L66/10)/100/($AC$3/100)/炼钢参数表!L66*1000) -> 7.7093692 | AD66: =IF((BA66-AB66*$BB$4*0.9/1000-AC66*$BC$4*0.9/1000-AL66*BF$4*炼钢参数表!$X$5/1000-AM66*BG$4*炼钢参数表!$X$5/1000)<=(K66-炼钢参数表!J66-AB66*0.6566*炼钢参数表!L66/10-AC66*($AC$3/100)*炼钢参数表!L66/10)*0.02,0,((K66-炼钢参数表!J66-AB66*0.6566*炼钢参数表!L66/10-AC66*($AC$3/100)*炼钢参数表!L66/10)/100/($AD$3/100)/炼钢参数表!L66*1000)) -> 0 | AE66: =(K66-炼钢参数表!J66-AB66*0.6566*炼钢参数表!L66/10-AC66*($AC$3/100)*炼钢参数表!L66/10-AD66*($AD$3/100)*炼钢参数表!L66/10)/100/($AE$3/100)/炼钢参数表!L66*1000 -> 0 | AF66: 0 | AG66: =IF(J66<=0.04,0,((J66-(AB66*0.1769*炼钢参数表!K66/1000*100))/100/炼钢参数表!K66/($AG$3/100)*1000)) -> 0 | AH66: 1.4 | AI66: =IF(N66="",0,IF(N66<=0.002,0,((N66)/100)/($AI$3/100)/炼钢参数表!M66*1000)) -> 0 | AJ66: =IF(O66="",0,IF(O66<=0.002,0,((O66)/100)/($AJ$3/100)/炼钢参数表!N66*1000)) -> 0.12551146 | AK66: =IF(P66="",0,IF(P66<=0.002,0,((P66+0.005)/100)/($AK$3/100)/炼钢参数表!O66*1000)) -> 0.69851914 | AL66: =IF((BA66-J66*0.00003-K66*0.00024)<=0.05,0,IF(T66="",0,IF(T66<=0.03,0,IF(((BA66-J66*0.00003-K66*0.00024)-0.05)/0.18/100/($AL$3/100)/炼钢参数表!P66*1000<=T66/100/($AL$3/100)/炼钢参数表!P66*1000,((BA66-J66*0.00003-K66*0.00024)-0.05)/0.18/100/($AL$3/100)/炼钢参数表!P66*1000,T66/100/($AL$3/100)/炼钢参数表!P66*1000)))) -> 0 | AM66: =IF(T66="",0,IF(T66<=0.03,0,((T66-AL66*($AL$3/100)*炼钢参数表!P66/10)/100/($AM$3/100)/炼钢参数表!P66*1000))) -> 0 | AN66: =IF(U66="",0,IF(U66<=0.02,0,(U66/100)/($AN$3/100)/炼钢参数表!Q66*1000)) -> 0 | AO66: =IF(V66="",0,IF(V66<=0.02,0,(V66/100)/($AO$3/100)/炼钢参数表!R66*1000)) -> 0 | AP66: =IF(W66="",0,IF(W66<=0.02,0,(W66/100)/($AP$3/100)/炼钢参数表!S66*1000)) -> 0 | AQ66: =IF(X66="",0,IF(X66<=0.0002,0,(X66/100)/($AQ$3/100)/炼钢参数表!T66*1000)) -> 0 | AR66: =IF(Y66="",0,IF(Y66<=0.02,0,(Y66/100)/($AR$3/100)/炼钢参数表!U66*1000)) -> 0 | AS66: =IF(L66<=0.04,0,((L66-0.04)/100)/($AS$3/100)/炼钢参数表!V66*1000) -> 0 | AT66: =IF(M66<=0.03,0,((M66-0.03)/100)/($AT$3/100)/炼钢参数表!W66*1000) -> 0 | AV66: =SUM(AB66:AU66) -> 16.999539 | AW66: {=SUMPRODUCT($AB$4:$AU$4,AB66:AU66)/1000} -> 160.0477 | AY66: =F66 -> Q355B-ZW4 | AZ66: =VLOOKUP(AY66,炼钢参数表!$F$5:$J$1027,4,0) -> 0.0551 | BA66: =I66-AZ66 -> 0.0949 | BB66: =AB66*$BB$4*炼钢参数表!$X$5/1000 -> 0.010938383 | BC66: =AC66*$BC$4*炼钢参数表!$X$5/1000 -> 0.046418112 | BD66: =AD66*$BD$4*炼钢参数表!$X$5/1000 -> 0 | BE66: =AE66*$BE$4*炼钢参数表!$X$5/1000 -> 0 | BF66: =AL66*$BF$4*炼钢参数表!$X$5/1000 -> 0 | BG66: =AM66*$BG$4*炼钢参数表!$X$5/1000 -> 0 | BH66: =SUM(BB66:BG66) -> 0.057356495 | BI66: =AZ66+BH66 -> 0.1124565 | BJ66: =BI66-I66 -> -0.037543505
A67: 63 | B67: Q355B-HL1 | C67: 03 | D67: 0.1 | E67: 6 | F67: Q355B-1 | G67: B 结构钢-低合金高强结构钢-B01 Q355B | H67: 1518 | I67: 0.16 | J67: 0.08 | K67: 0.35 | L67: 0.02 | M67: 0.01 | P67: 0.04 | Q67: 0.02 | AB67: =IF(J67<=0.04,0,IF((BA67-AL67*BF$4*炼钢参数表!$X$5/1000-AM67*BG$4*炼钢参数表!$X$5/1000)<=0.03,0,IF((J67/100/0.1769/炼钢参数表!K67*1000)>(K67-炼钢参数表!J67)/100/0.6566/炼钢参数表!L67*1000,IF(K67<1.6,(K67-炼钢参数表!J67)/100/0.6566/炼钢参数表!L67*1000,(K67-0.08-炼钢参数表!J67)/100/0.6566/炼钢参数表!L67*1000),IF(K67<1.6,J67/100/0.1769/炼钢参数表!K67*1000,(J67-0.08)/100/0.1769/炼钢参数表!K67*1000)))) -> 3.5358864 | AC67: =IF((BA67-AB67*$BB$4*0.9/1000-AL67*BF$4*炼钢参数表!$X$5/1000-AM67*BG$4*炼钢参数表!$X$5/1000)<(K67-炼钢参数表!J67-AB67*0.6566*炼钢参数表!L67/10)*0.082,0,(K67-炼钢参数表!J67-AB67*0.6566*炼钢参数表!L67/10)/100/($AC$3/100)/炼钢参数表!L67*1000) -> 0 | AD67: =IF((BA67-AB67*$BB$4*0.9/1000-AC67*$BC$4*0.9/1000-AL67*BF$4*炼钢参数表!$X$5/1000-AM67*BG$4*炼钢参数表!$X$5/1000)<=(K67-炼钢参数表!J67-AB67*0.6566*炼钢参数表!L67/10-AC67*($AC$3/100)*炼钢参数表!L67/10)*0.02,0,((K67-炼钢参数表!J67-AB67*0.6566*炼钢参数表!L67/10-AC67*($AC$3/100)*炼钢参数表!L67/10)/100/($AD$3/100)/炼钢参数表!L67*1000)) -> 0 | AE67: =(K67-炼钢参数表!J67-AB67*0.6566*炼钢参数表!L67/10-AC67*($AC$3/100)*炼钢参数表!L67/10-AD67*($AD$3/100)*炼钢参数表!L67/10)/100/($AE$3/100)/炼钢参数表!L67*1000 -> 0 | AF67: 0 | AG67: =IF(J67<=0.04,0,((J67-(AB67*0.1769*炼钢参数表!K67/1000*100))/100/炼钢参数表!K67/($AG$3/100)*1000)) -> 0.51848498 | AH67: 1.4277685 | AI67: =IF(N67="",0,IF(N67<=0.002,0,((N67)/100)/($AI$3/100)/炼钢参数表!M67*1000)) -> 0 | AJ67: =IF(O67="",0,IF(O67<=0.002,0,((O67)/100)/($AJ$3/100)/炼钢参数表!N67*1000)) -> 0 | AK67: =IF(P67="",0,IF(P67<=0.002,0,((P67+0.005)/100)/($AK$3/100)/炼钢参数表!O67*1000)) -> 0.89809604 | AL67: =IF((BA67-J67*0.00003-K67*0.00024)<=0.05,0,IF(T67="",0,IF(T67<=0.03,0,IF(((BA67-J67*0.00003-K67*0.00024)-0.05)/0.18/100/($AL$3/100)/炼钢参数表!P67*1000<=T67/100/($AL$3/100)/炼钢参数表!P67*1000,((BA67-J67*0.00003-K67*0.00024)-0.05)/0.18/100/($AL$3/100)/炼钢参数表!P67*1000,T67/100/($AL$3/100)/炼钢参数表!P67*1000)))) -> 0 | AM67: =IF(T67="",0,IF(T67<=0.03,0,((T67-AL67*($AL$3/100)*炼钢参数表!P67/10)/100/($AM$3/100)/炼钢参数表!P67*1000))) -> 0 | AN67: =IF(U67="",0,IF(U67<=0.02,0,(U67/100)/($AN$3/100)/炼钢参数表!Q67*1000)) -> 0 | AO67: =IF(V67="",0,IF(V67<=0.02,0,(V67/100)/($AO$3/100)/炼钢参数表!R67*1000)) -> 0 | AP67: =IF(W67="",0,IF(W67<=0.02,0,(W67/100)/($AP$3/100)/炼钢参数表!S67*1000)) -> 0 | AQ67: =IF(X67="",0,IF(X67<=0.0002,0,(X67/100)/($AQ$3/100)/炼钢参数表!T67*1000)) -> 0 | AR67: =IF(Y67="",0,IF(Y67<=0.02,0,(Y67/100)/($AR$3/100)/炼钢参数表!U67*1000)) -> 0 | AS67: =IF(L67<=0.04,0,((L67-0.04)/100)/($AS$3/100)/炼钢参数表!V67*1000) -> 0 | AT67: =IF(M67<=0.03,0,((M67-0.03)/100)/($AT$3/100)/炼钢参数表!W67*1000) -> 0 | AV67: =SUM(AB67:AU67) -> 6.3802358 | AW67: {=SUMPRODUCT($AB$4:$AU$4,AB67:AU67)/1000} -> 75.380373 | AY67: =F67 -> Q355B-1 | AZ67: =VLOOKUP(AY67,炼钢参数表!$F$5:$J$1027,4,0) -> 0.070817568 | BA67: =I67-AZ67 -> 0.089182432 | BB67: =AB67*$BB$4*炼钢参数表!$X$5/1000 -> 0.0054735521 | BC67: =AC67*$BC$4*炼钢参数表!$X$5/1000 -> 0 | BD67: =AD67*$BD$4*炼钢参数表!$X$5/1000 -> 0 | BE67: =AE67*$BE$4*炼钢参数表!$X$5/1000 -> 0 | BF67: =AL67*$BF$4*炼钢参数表!$X$5/1000 -> 0 | BG67: =AM67*$BG$4*炼钢参数表!$X$5/1000 -> 0 | BH67: =SUM(BB67:BG67) -> 0.0054735521 | BI67: =AZ67+BH67 -> 0.07629112 | BJ67: =BI67-I67 -> -0.08370888
A68: 64 | B68: Q355B-HL1 | C68: 01 | D68: 6.01 | E68: 16.44 | F68: Q355B-2 | G68: B 结构钢-低合金高强结构钢-B01 Q355B | H68: 1517 | I68: 0.16 | J68: 0.08 | K68: 0.5 | L68: 0.02 | M68: 0.01 | P68: 0.04 | Q68: 0.02 | AB68: =IF(J68<=0.04,0,IF((BA68-AL68*BF$4*炼钢参数表!$X$5/1000-AM68*BG$4*炼钢参数表!$X$5/1000)<=0.03,0,IF((J68/100/0.1769/炼钢参数表!K68*1000)>(K68-炼钢参数表!J68)/100/0.6566/炼钢参数表!L68*1000,IF(K68<1.6,(K68-炼钢参数表!J68)/100/0.6566/炼钢参数表!L68*1000,(K68-0.08-炼钢参数表!J68)/100/0.6566/炼钢参数表!L68*1000),IF(K68<1.6,J68/100/0.1769/炼钢参数表!K68*1000,(J68-0.08)/100/0.1769/炼钢参数表!K68*1000)))) -> 5.6529112 | AC68: =IF((BA68-AB68*$BB$4*0.9/1000-AL68*BF$4*炼钢参数表!$X$5/1000-AM68*BG$4*炼钢参数表!$X$5/1000)<(K68-炼钢参数表!J68-AB68*0.6566*炼钢参数表!L68/10)*0.082,0,(K68-炼钢参数表!J68-AB68*0.6566*炼钢参数表!L68/10)/100/($AC$3/100)/炼钢参数表!L68*1000) -> 0.20585112 | AD68: =IF((BA68-AB68*$BB$4*0.9/1000-AC68*$BC$4*0.9/1000-AL68*BF$4*炼钢参数表!$X$5/1000-AM68*BG$4*炼钢参数表!$X$5/1000)<=(K68-炼钢参数表!J68-AB68*0.6566*炼钢参数表!L68/10-AC68*($AC$3/100)*炼钢参数表!L68/10)*0.02,0,((K68-炼钢参数表!J68-AB68*0.6566*炼钢参数表!L68/10-AC68*($AC$3/100)*炼钢参数表!L68/10)/100/($AD$3/100)/炼钢参数表!L68*1000)) -> 0 | AE68: =(K68-炼钢参数表!J68-AB68*0.6566*炼钢参数表!L68/10-AC68*($AC$3/100)*炼钢参数表!L68/10-AD68*($AD$3/100)*炼钢参数表!L68/10)/100/($AE$3/100)/炼钢参数表!L68*1000 -> 0 | AF68: 0 | AG68: =IF(J68<=0.04,0,((J68-(AB68*0.1769*炼钢参数表!K68/1000*100))/100/炼钢参数表!K68/($AG$3/100)*1000)) -> 0 | AH68: 1.4 | AI68: =IF(N68="",0,IF(N68<=0.002,0,((N68)/100)/($AI$3/100)/炼钢参数表!M68*1000)) -> 0 | AJ68: =IF(O68="",0,IF(O68<=0.002,0,((O68)/100)/($AJ$3/100)/炼钢参数表!N68*1000)) -> 0 | AK68: =IF(P68="",0,IF(P68<=0.002,0,((P68+0.005)/100)/($AK$3/100)/炼钢参数表!O68*1000)) -> 0.89809604 | AL68: =IF((BA68-J68*0.00003-K68*0.00024)<=0.05,0,IF(T68="",0,IF(T68<=0.03,0,IF(((BA68-J68*0.00003-K68*0.00024)-0.05)/0.18/100/($AL$3/100)/炼钢参数表!P68*1000<=T68/100/($AL$3/100)/炼钢参数表!P68*1000,((BA68-J68*0.00003-K68*0.00024)-0.05)/0.18/100/($AL$3/100)/炼钢参数表!P68*1000,T68/100/($AL$3/100)/炼钢参数表!P68*1000)))) -> 0 | AM68: =IF(T68="",0,IF(T68<=0.03,0,((T68-AL68*($AL$3/100)*炼钢参数表!P68/10)/100/($AM$3/100)/炼钢参数表!P68*1000))) -> 0 | AN68: =IF(U68="",0,IF(U68<=0.02,0,(U68/100)/($AN$3/100)/炼钢参数表!Q68*1000)) -> 0 | AO68: =IF(V68="",0,IF(V68<=0.02,0,(V68/100)/($AO$3/100)/炼钢参数表!R68*1000)) -> 0 | AP68: =IF(W68="",0,IF(W68<=0.02,0,(W68/100)/($AP$3/100)/炼钢参数表!S68*1000)) -> 0 | AQ68: =IF(X68="",0,IF(X68<=0.0002,0,(X68/100)/($AQ$3/100)/炼钢参数表!T68*1000)) -> 0 | AR68: =IF(Y68="",0,IF(Y68<=0.02,0,(Y68/100)/($AR$3/100)/炼钢参数表!U68*1000)) -> 0 | AS68: =IF(L68<=0.04,0,((L68-0.04)/100)/($AS$3/100)/炼钢参数表!V68*1000) -> 0 | AT68: =IF(M68<=0.03,0,((M68-0.03)/100)/($AT$3/100)/炼钢参数表!W68*1000) -> 0 | AV68: =SUM(AB68:AU68) -> 8.1568584 | AW68: {=SUMPRODUCT($AB$4:$AU$4,AB68:AU68)/1000} -> 84.79993 | AY68: =F68 -> Q355B-2 | AZ68: =VLOOKUP(AY68,炼钢参数表!$F$5:$J$1027,4,0) -> 0.074004318 | BA68: =I68-AZ68 -> 0.085995682 | BB68: =AB68*$BB$4*炼钢参数表!$X$5/1000 -> 0.0087507066 | BC68: =AC68*$BC$4*炼钢参数表!$X$5/1000 -> 0.0012394296 | BD68: =AD68*$BD$4*炼钢参数表!$X$5/1000 -> 0 | BE68: =AE68*$BE$4*炼钢参数表!$X$5/1000 -> 0 | BF68: =AL68*$BF$4*炼钢参数表!$X$5/1000 -> 0 | BG68: =AM68*$BG$4*炼钢参数表!$X$5/1000 -> 0 | BH68: =SUM(BB68:BG68) -> 0.0099901362 | BI68: =AZ68+BH68 -> 0.083994455 | BJ68: =BI68-I68 -> -0.076005545
A69: 65 | B69: Q355B-HL1 | C69: 02 | D69: 16.45 | E69: 30 | F69: Q355B-3A | G69: B 低合金钢-低合金高强结构钢-B01 Q355B | H69: 1515 | I69: 0.16 | J69: 0.18 | K69: 0.8 | L69: 0.02 | M69: 0.01 | P69: 0.035 | Q69: 0.02 | AB69: =IF(J69<=0.04,0,IF((BA69-AL69*BF$4*炼钢参数表!$X$5/1000-AM69*BG$4*炼钢参数表!$X$5/1000)<=0.03,0,IF((J69/100/0.1769/炼钢参数表!K69*1000)>(K69-炼钢参数表!J69)/100/0.6566/炼钢参数表!L69*1000,IF(K69<1.6,(K69-炼钢参数表!J69)/100/0.6566/炼钢参数表!L69*1000,(K69-0.08-炼钢参数表!J69)/100/0.6566/炼钢参数表!L69*1000),IF(K69<1.6,J69/100/0.1769/炼钢参数表!K69*1000,(J69-0.08)/100/0.1769/炼钢参数表!K69*1000)))) -> 10.525062 | AC69: =IF((BA69-AB69*$BB$4*0.9/1000-AL69*BF$4*炼钢参数表!$X$5/1000-AM69*BG$4*炼钢参数表!$X$5/1000)<(K69-炼钢参数表!J69-AB69*0.6566*炼钢参数表!L69/10)*0.082,0,(K69-炼钢参数表!J69-AB69*0.6566*炼钢参数表!L69/10)/100/($AC$3/100)/炼钢参数表!L69*1000) -> 0 | AD69: =IF((BA69-AB69*$BB$4*0.9/1000-AC69*$BC$4*0.9/1000-AL69*BF$4*炼钢参数表!$X$5/1000-AM69*BG$4*炼钢参数表!$X$5/1000)<=(K69-炼钢参数表!J69-AB69*0.6566*炼钢参数表!L69/10-AC69*($AC$3/100)*炼钢参数表!L69/10)*0.02,0,((K69-炼钢参数表!J69-AB69*0.6566*炼钢参数表!L69/10-AC69*($AC$3/100)*炼钢参数表!L69/10)/100/($AD$3/100)/炼钢参数表!L69*1000)) -> 0 | AE69: =(K69-炼钢参数表!J69-AB69*0.6566*炼钢参数表!L69/10-AC69*($AC$3/100)*炼钢参数表!L69/10-AD69*($AD$3/100)*炼钢参数表!L69/10)/100/($AE$3/100)/炼钢参数表!L69*1000 -> 0 | AF69: 0 | AG69: =IF(J69<=0.04,0,((J69-(AB69*0.1769*炼钢参数表!K69/1000*100))/100/炼钢参数表!K69/($AG$3/100)*1000)) -> 0.53733418 | AH69: 1.4 | AI69: =IF(N69="",0,IF(N69<=0.002,0,((N69)/100)/($AI$3/100)/炼钢参数表!M69*1000)) -> 0 | AJ69: =IF(O69="",0,IF(O69<=0.002,0,((O69)/100)/($AJ$3/100)/炼钢参数表!N69*1000)) -> 0 | AK69: =IF(P69="",0,IF(P69<=0.002,0,((P69+0.005)/100)/($AK$3/100)/炼钢参数表!O69*1000)) -> 0.79830759 | AL69: =IF((BA69-J69*0.00003-K69*0.00024)<=0.05,0,IF(T69="",0,IF(T69<=0.03,0,IF(((BA69-J69*0.00003-K69*0.00024)-0.05)/0.18/100/($AL$3/100)/炼钢参数表!P69*1000<=T69/100/($AL$3/100)/炼钢参数表!P69*1000,((BA69-J69*0.00003-K69*0.00024)-0.05)/0.18/100/($AL$3/100)/炼钢参数表!P69*1000,T69/100/($AL$3/100)/炼钢参数表!P69*1000)))) -> 0 | AM69: =IF(T69="",0,IF(T69<=0.03,0,((T69-AL69*($AL$3/100)*炼钢参数表!P69/10)/100/($AM$3/100)/炼钢参数表!P69*1000))) -> 0 | AN69: =IF(U69="",0,IF(U69<=0.02,0,(U69/100)/($AN$3/100)/炼钢参数表!Q69*1000)) -> 0 | AO69: =IF(V69="",0,IF(V69<=0.02,0,(V69/100)/($AO$3/100)/炼钢参数表!R69*1000)) -> 0 | AP69: =IF(W69="",0,IF(W69<=0.02,0,(W69/100)/($AP$3/100)/炼钢参数表!S69*1000)) -> 0 | AQ69: =IF(X69="",0,IF(X69<=0.0002,0,(X69/100)/($AQ$3/100)/炼钢参数表!T69*1000)) -> 0 | AR69: =IF(Y69="",0,IF(Y69<=0.02,0,(Y69/100)/($AR$3/100)/炼钢参数表!U69*1000)) -> 0 | AS69: =IF(L69<=0.04,0,((L69-0.04)/100)/($AS$3/100)/炼钢参数表!V69*1000) -> 0 | AT69: =IF(M69<=0.03,0,((M69-0.03)/100)/($AT$3/100)/炼钢参数表!W69*1000) -> 0 | AV69: =SUM(AB69:AU69) -> 13.260704 | AW69: {=SUMPRODUCT($AB$4:$AU$4,AB69:AU69)/1000} -> 110.3706 | AY69: =F69 -> Q355B-3A | AZ69: =VLOOKUP(AY69,炼钢参数表!$F$5:$J$1027,4,0) -> 0.072048951 | BA69: =I69-AZ69 -> 0.087951049 | BB69: =AB69*$BB$4*炼钢参数表!$X$5/1000 -> 0.016292796 | BC69: =AC69*$BC$4*炼钢参数表!$X$5/1000 -> 0 | BD69: =AD69*$BD$4*炼钢参数表!$X$5/1000 -> 0 | BE69: =AE69*$BE$4*炼钢参数表!$X$5/1000 -> 0 | BF69: =AL69*$BF$4*炼钢参数表!$X$5/1000 -> 0 | BG69: =AM69*$BG$4*炼钢参数表!$X$5/1000 -> 0 | BH69: =SUM(BB69:BG69) -> 0.016292796 | BI69: =AZ69+BH69 -> 0.088341748 | BJ69: =BI69-I69 -> -0.071658252
A70: 66 | B70: Q355B-HL2 | C70: 01 | D70: 0.1 | E70: 6 | F70: Q355B-1 | G70: B 结构钢-低合金高强结构钢-B01 Q355B | H70: 1518 | I70: 0.16 | J70: 0.08 | K70: 0.35 | L70: 0.02 | M70: 0.01 | P70: 0.04 | Q70: 0.02 | AB70: =IF(J70<=0.04,0,IF((BA70-AL70*BF$4*炼钢参数表!$X$5/1000-AM70*BG$4*炼钢参数表!$X$5/1000)<=0.03,0,IF((J70/100/0.1769/炼钢参数表!K70*1000)>(K70-炼钢参数表!J70)/100/0.6566/炼钢参数表!L70*1000,IF(K70<1.6,(K70-炼钢参数表!J70)/100/0.6566/炼钢参数表!L70*1000,(K70-0.08-炼钢参数表!J70)/100/0.6566/炼钢参数表!L70*1000),IF(K70<1.6,J70/100/0.1769/炼钢参数表!K70*1000,(J70-0.08)/100/0.1769/炼钢参数表!K70*1000)))) -> 3.5358864 | AC70: =IF((BA70-AB70*$BB$4*0.9/1000-AL70*BF$4*炼钢参数表!$X$5/1000-AM70*BG$4*炼钢参数表!$X$5/1000)<(K70-炼钢参数表!J70-AB70*0.6566*炼钢参数表!L70/10)*0.082,0,(K70-炼钢参数表!J70-AB70*0.6566*炼钢参数表!L70/10)/100/($AC$3/100)/炼钢参数表!L70*1000) -> 0 | AD70: =IF((BA70-AB70*$BB$4*0.9/1000-AC70*$BC$4*0.9/1000-AL70*BF$4*炼钢参数表!$X$5/1000-AM70*BG$4*炼钢参数表!$X$5/1000)<=(K70-炼钢参数表!J70-AB70*0.6566*炼钢参数表!L70/10-AC70*($AC$3/100)*炼钢参数表!L70/10)*0.02,0,((K70-炼钢参数表!J70-AB70*0.6566*炼钢参数表!L70/10-AC70*($AC$3/100)*炼钢参数表!L70/10)/100/($AD$3/100)/炼钢参数表!L70*1000)) -> 0 | AE70: =(K70-炼钢参数表!J70-AB70*0.6566*炼钢参数表!L70/10-AC70*($AC$3/100)*炼钢参数表!L70/10-AD70*($AD$3/100)*炼钢参数表!L70/10)/100/($AE$3/100)/炼钢参数表!L70*1000 -> 0 | AF70: 0 | AG70: =IF(J70<=0.04,0,((J70-(AB70*0.1769*炼钢参数表!K70/1000*100))/100/炼钢参数表!K70/($AG$3/100)*1000)) -> 0.51848498 | AH70: 1.4277685 | AI70: =IF(N70="",0,IF(N70<=0.002,0,((N70)/100)/($AI$3/100)/炼钢参数表!M70*1000)) -> 0 | AJ70: =IF(O70="",0,IF(O70<=0.002,0,((O70)/100)/($AJ$3/100)/炼钢参数表!N70*1000)) -> 0 | AK70: =IF(P70="",0,IF(P70<=0.002,0,((P70+0.005)/100)/($AK$3/100)/炼钢参数表!O70*1000)) -> 0.89809604 | AL70: =IF((BA70-J70*0.00003-K70*0.00024)<=0.05,0,IF(T70="",0,IF(T70<=0.03,0,IF(((BA70-J70*0.00003-K70*0.00024)-0.05)/0.18/100/($AL$3/100)/炼钢参数表!P70*1000<=T70/100/($AL$3/100)/炼钢参数表!P70*1000,((BA70-J70*0.00003-K70*0.00024)-0.05)/0.18/100/($AL$3/100)/炼钢参数表!P70*1000,T70/100/($AL$3/100)/炼钢参数表!P70*1000)))) -> 0 | AM70: =IF(T70="",0,IF(T70<=0.03,0,((T70-AL70*($AL$3/100)*炼钢参数表!P70/10)/100/($AM$3/100)/炼钢参数表!P70*1000))) -> 0 | AN70: =IF(U70="",0,IF(U70<=0.02,0,(U70/100)/($AN$3/100)/炼钢参数表!Q70*1000)) -> 0 | AO70: =IF(V70="",0,IF(V70<=0.02,0,(V70/100)/($AO$3/100)/炼钢参数表!R70*1000)) -> 0 | AP70: =IF(W70="",0,IF(W70<=0.02,0,(W70/100)/($AP$3/100)/炼钢参数表!S70*1000)) -> 0 | AQ70: =IF(X70="",0,IF(X70<=0.0002,0,(X70/100)/($AQ$3/100)/炼钢参数表!T70*1000)) -> 0 | AR70: =IF(Y70="",0,IF(Y70<=0.02,0,(Y70/100)/($AR$3/100)/炼钢参数表!U70*1000)) -> 0 | AS70: =IF(L70<=0.04,0,((L70-0.04)/100)/($AS$3/100)/炼钢参数表!V70*1000) -> 0 | AT70: =IF(M70<=0.03,0,((M70-0.03)/100)/($AT$3/100)/炼钢参数表!W70*1000) -> 0 | AV70: =SUM(AB70:AU70) -> 6.3802358 | AW70: {=SUMPRODUCT($AB$4:$AU$4,AB70:AU70)/1000} -> 75.380373 | AY70: =F70 -> Q355B-1 | AZ70: =VLOOKUP(AY70,炼钢参数表!$F$5:$J$1027,4,0) -> 0.070817568 | BA70: =I70-AZ70 -> 0.089182432 | BB70: =AB70*$BB$4*炼钢参数表!$X$5/1000 -> 0.0054735521 | BC70: =AC70*$BC$4*炼钢参数表!$X$5/1000 -> 0 | BD70: =AD70*$BD$4*炼钢参数表!$X$5/1000 -> 0 | BE70: =AE70*$BE$4*炼钢参数表!$X$5/1000 -> 0 | BF70: =AL70*$BF$4*炼钢参数表!$X$5/1000 -> 0 | BG70: =AM70*$BG$4*炼钢参数表!$X$5/1000 -> 0 | BH70: =SUM(BB70:BG70) -> 0.0054735521 | BI70: =AZ70+BH70 -> 0.07629112 | BJ70: =BI70-I70 -> -0.08370888
A71: 67 | B71: Q355B-HL2 | C71: 02 | D71: 6.01 | E71: 16.29 | F71: Q355B-2 | G71: B 结构钢-低合金高强结构钢-B01 Q355B | H71: 1517 | I71: 0.16 | J71: 0.08 | K71: 0.5 | L71: 0.02 | M71: 0.01 | P71: 0.04 | Q71: 0.02 | AB71: =IF(J71<=0.04,0,IF((BA71-AL71*BF$4*炼钢参数表!$X$5/1000-AM71*BG$4*炼钢参数表!$X$5/1000)<=0.03,0,IF((J71/100/0.1769/炼钢参数表!K71*1000)>(K71-炼钢参数表!J71)/100/0.6566/炼钢参数表!L71*1000,IF(K71<1.6,(K71-炼钢参数表!J71)/100/0.6566/炼钢参数表!L71*1000,(K71-0.08-炼钢参数表!J71)/100/0.6566/炼钢参数表!L71*1000),IF(K71<1.6,J71/100/0.1769/炼钢参数表!K71*1000,(J71-0.08)/100/0.1769/炼钢参数表!K71*1000)))) -> 5.6529112 | AC71: =IF((BA71-AB71*$BB$4*0.9/1000-AL71*BF$4*炼钢参数表!$X$5/1000-AM71*BG$4*炼钢参数表!$X$5/1000)<(K71-炼钢参数表!J71-AB71*0.6566*炼钢参数表!L71/10)*0.082,0,(K71-炼钢参数表!J71-AB71*0.6566*炼钢参数表!L71/10)/100/($AC$3/100)/炼钢参数表!L71*1000) -> 0.20585112 | AD71: =IF((BA71-AB71*$BB$4*0.9/1000-AC71*$BC$4*0.9/1000-AL71*BF$4*炼钢参数表!$X$5/1000-AM71*BG$4*炼钢参数表!$X$5/1000)<=(K71-炼钢参数表!J71-AB71*0.6566*炼钢参数表!L71/10-AC71*($AC$3/100)*炼钢参数表!L71/10)*0.02,0,((K71-炼钢参数表!J71-AB71*0.6566*炼钢参数表!L71/10-AC71*($AC$3/100)*炼钢参数表!L71/10)/100/($AD$3/100)/炼钢参数表!L71*1000)) -> 0 | AE71: =(K71-炼钢参数表!J71-AB71*0.6566*炼钢参数表!L71/10-AC71*($AC$3/100)*炼钢参数表!L71/10-AD71*($AD$3/100)*炼钢参数表!L71/10)/100/($AE$3/100)/炼钢参数表!L71*1000 -> 0 | AF71: 0 | AG71: =IF(J71<=0.04,0,((J71-(AB71*0.1769*炼钢参数表!K71/1000*100))/100/炼钢参数表!K71/($AG$3/100)*1000)) -> 0 | AH71: 1.4 | AI71: =IF(N71="",0,IF(N71<=0.002,0,((N71)/100)/($AI$3/100)/炼钢参数表!M71*1000)) -> 0 | AJ71: =IF(O71="",0,IF(O71<=0.002,0,((O71)/100)/($AJ$3/100)/炼钢参数表!N71*1000)) -> 0 | AK71: =IF(P71="",0,IF(P71<=0.002,0,((P71+0.005)/100)/($AK$3/100)/炼钢参数表!O71*1000)) -> 0.89809604 | AL71: =IF((BA71-J71*0.00003-K71*0.00024)<=0.05,0,IF(T71="",0,IF(T71<=0.03,0,IF(((BA71-J71*0.00003-K71*0.00024)-0.05)/0.18/100/($AL$3/100)/炼钢参数表!P71*1000<=T71/100/($AL$3/100)/炼钢参数表!P71*1000,((BA71-J71*0.00003-K71*0.00024)-0.05)/0.18/100/($AL$3/100)/炼钢参数表!P71*1000,T71/100/($AL$3/100)/炼钢参数表!P71*1000)))) -> 0 | AM71: =IF(T71="",0,IF(T71<=0.03,0,((T71-AL71*($AL$3/100)*炼钢参数表!P71/10)/100/($AM$3/100)/炼钢参数表!P71*1000))) -> 0 | AN71: =IF(U71="",0,IF(U71<=0.02,0,(U71/100)/($AN$3/100)/炼钢参数表!Q71*1000)) -> 0 | AO71: =IF(V71="",0,IF(V71<=0.02,0,(V71/100)/($AO$3/100)/炼钢参数表!R71*1000)) -> 0 | AP71: =IF(W71="",0,IF(W71<=0.02,0,(W71/100)/($AP$3/100)/炼钢参数表!S71*1000)) -> 0 | AQ71: =IF(X71="",0,IF(X71<=0.0002,0,(X71/100)/($AQ$3/100)/炼钢参数表!T71*1000)) -> 0 | AR71: =IF(Y71="",0,IF(Y71<=0.02,0,(Y71/100)/($AR$3/100)/炼钢参数表!U71*1000)) -> 0 | AS71: =IF(L71<=0.04,0,((L71-0.04)/100)/($AS$3/100)/炼钢参数表!V71*1000) -> 0 | AT71: =IF(M71<=0.03,0,((M71-0.03)/100)/($AT$3/100)/炼钢参数表!W71*1000) -> 0 | AV71: =SUM(AB71:AU71) -> 8.1568584 | AW71: {=SUMPRODUCT($AB$4:$AU$4,AB71:AU71)/1000} -> 84.79993 | AY71: =F71 -> Q355B-2 | AZ71: =VLOOKUP(AY71,炼钢参数表!$F$5:$J$1027,4,0) -> 0.074004318 | BA71: =I71-AZ71 -> 0.085995682 | BB71: =AB71*$BB$4*炼钢参数表!$X$5/1000 -> 0.0087507066 | BC71: =AC71*$BC$4*炼钢参数表!$X$5/1000 -> 0.0012394296 | BD71: =AD71*$BD$4*炼钢参数表!$X$5/1000 -> 0 | BE71: =AE71*$BE$4*炼钢参数表!$X$5/1000 -> 0 | BF71: =AL71*$BF$4*炼钢参数表!$X$5/1000 -> 0 | BG71: =AM71*$BG$4*炼钢参数表!$X$5/1000 -> 0 | BH71: =SUM(BB71:BG71) -> 0.0099901362 | BI71: =AZ71+BH71 -> 0.083994455 | BJ71: =BI71-I71 -> -0.076005545
A72: 68 | B72: Q355B-HL2 | C72: 03 | D72: 16.3 | E72: 30 | F72: Q355B-3A | G72: B 低合金钢-低合金高强结构钢-B01 Q355B | H72: 1515 | I72: 0.16 | J72: 0.18 | K72: 0.8 | L72: 0.02 | M72: 0.01 | P72: 0.035 | Q72: 0.02 | AB72: =IF(J72<=0.04,0,IF((BA72-AL72*BF$4*炼钢参数表!$X$5/1000-AM72*BG$4*炼钢参数表!$X$5/1000)<=0.03,0,IF((J72/100/0.1769/炼钢参数表!K72*1000)>(K72-炼钢参数表!J72)/100/0.6566/炼钢参数表!L72*1000,IF(K72<1.6,(K72-炼钢参数表!J72)/100/0.6566/炼钢参数表!L72*1000,(K72-0.08-炼钢参数表!J72)/100/0.6566/炼钢参数表!L72*1000),IF(K72<1.6,J72/100/0.1769/炼钢参数表!K72*1000,(J72-0.08)/100/0.1769/炼钢参数表!K72*1000)))) -> 10.525062 | AC72: =IF((BA72-AB72*$BB$4*0.9/1000-AL72*BF$4*炼钢参数表!$X$5/1000-AM72*BG$4*炼钢参数表!$X$5/1000)<(K72-炼钢参数表!J72-AB72*0.6566*炼钢参数表!L72/10)*0.082,0,(K72-炼钢参数表!J72-AB72*0.6566*炼钢参数表!L72/10)/100/($AC$3/100)/炼钢参数表!L72*1000) -> 0 | AD72: =IF((BA72-AB72*$BB$4*0.9/1000-AC72*$BC$4*0.9/1000-AL72*BF$4*炼钢参数表!$X$5/1000-AM72*BG$4*炼钢参数表!$X$5/1000)<=(K72-炼钢参数表!J72-AB72*0.6566*炼钢参数表!L72/10-AC72*($AC$3/100)*炼钢参数表!L72/10)*0.02,0,((K72-炼钢参数表!J72-AB72*0.6566*炼钢参数表!L72/10-AC72*($AC$3/100)*炼钢参数表!L72/10)/100/($AD$3/100)/炼钢参数表!L72*1000)) -> 0 | AE72: =(K72-炼钢参数表!J72-AB72*0.6566*炼钢参数表!L72/10-AC72*($AC$3/100)*炼钢参数表!L72/10-AD72*($AD$3/100)*炼钢参数表!L72/10)/100/($AE$3/100)/炼钢参数表!L72*1000 -> 0 | AF72: 0 | AG72: =IF(J72<=0.04,0,((J72-(AB72*0.1769*炼钢参数表!K72/1000*100))/100/炼钢参数表!K72/($AG$3/100)*1000)) -> 0.53733418 | AH72: 1.4 | AI72: =IF(N72="",0,IF(N72<=0.002,0,((N72)/100)/($AI$3/100)/炼钢参数表!M72*1000)) -> 0 | AJ72: =IF(O72="",0,IF(O72<=0.002,0,((O72)/100)/($AJ$3/100)/炼钢参数表!N72*1000)) -> 0 | AK72: =IF(P72="",0,IF(P72<=0.002,0,((P72+0.005)/100)/($AK$3/100)/炼钢参数表!O72*1000)) -> 0.79830759 | AL72: =IF((BA72-J72*0.00003-K72*0.00024)<=0.05,0,IF(T72="",0,IF(T72<=0.03,0,IF(((BA72-J72*0.00003-K72*0.00024)-0.05)/0.18/100/($AL$3/100)/炼钢参数表!P72*1000<=T72/100/($AL$3/100)/炼钢参数表!P72*1000,((BA72-J72*0.00003-K72*0.00024)-0.05)/0.18/100/($AL$3/100)/炼钢参数表!P72*1000,T72/100/($AL$3/100)/炼钢参数表!P72*1000)))) -> 0 | AM72: =IF(T72="",0,IF(T72<=0.03,0,((T72-AL72*($AL$3/100)*炼钢参数表!P72/10)/100/($AM$3/100)/炼钢参数表!P72*1000))) -> 0 | AN72: =IF(U72="",0,IF(U72<=0.02,0,(U72/100)/($AN$3/100)/炼钢参数表!Q72*1000)) -> 0 | AO72: =IF(V72="",0,IF(V72<=0.02,0,(V72/100)/($AO$3/100)/炼钢参数表!R72*1000)) -> 0 | AP72: =IF(W72="",0,IF(W72<=0.02,0,(W72/100)/($AP$3/100)/炼钢参数表!S72*1000)) -> 0 | AQ72: =IF(X72="",0,IF(X72<=0.0002,0,(X72/100)/($AQ$3/100)/炼钢参数表!T72*1000)) -> 0 | AR72: =IF(Y72="",0,IF(Y72<=0.02,0,(Y72/100)/($AR$3/100)/炼钢参数表!U72*1000)) -> 0 | AS72: =IF(L72<=0.04,0,((L72-0.04)/100)/($AS$3/100)/炼钢参数表!V72*1000) -> 0 | AT72: =IF(M72<=0.03,0,((M72-0.03)/100)/($AT$3/100)/炼钢参数表!W72*1000) -> 0 | AV72: =SUM(AB72:AU72) -> 13.260704 | AW72: {=SUMPRODUCT($AB$4:$AU$4,AB72:AU72)/1000} -> 110.3706 | AY72: =F72 -> Q355B-3A | AZ72: =VLOOKUP(AY72,炼钢参数表!$F$5:$J$1027,4,0) -> 0.072048951 | BA72: =I72-AZ72 -> 0.087951049 | BB72: =AB72*$BB$4*炼钢参数表!$X$5/1000 -> 0.016292796 | BC72: =AC72*$BC$4*炼钢参数表!$X$5/1000 -> 0 | BD72: =AD72*$BD$4*炼钢参数表!$X$5/1000 -> 0 | BE72: =AE72*$BE$4*炼钢参数表!$X$5/1000 -> 0 | BF72: =AL72*$BF$4*炼钢参数表!$X$5/1000 -> 0 | BG72: =AM72*$BG$4*炼钢参数表!$X$5/1000 -> 0 | BH72: =SUM(BB72:BG72) -> 0.016292796 | BI72: =AZ72+BH72 -> 0.088341748 | BJ72: =BI72-I72 -> -0.071658252
