Workbook

Sheet 目标成分
A2: 序号 | B2: 适用 牌号 | C2: 分类 序号 | D2: 最小厚度mm | E2: 最大厚度mm | F2: 炼钢 牌号 | G2: 钢种类型 | H2: 液相线温度℃ | I2: 内控成分目标值/wt% | AA2: 备注
I3: C | J3: Si | K3: Mn | L3: P | M3: S | N3: V | O3: Nb | P3: Ti | Q3: Als | R3: Alt | S3: Ca | T3: Cr | U3: Ni | V3: Cu | W3: Mo | X3: B | Y3: Sb | Z3: N
B4: 合金不含税价格
A5: 1 | B5: Q195 | C5: 01 | D5: 1.5 | E5: 12 | F5: Q195-1 | G5: A 碳素钢-碳素结构钢-A20 Q195 | H5: 1527 | I5: 0.07 | J5: 0.15 | K5: 0.25 | L5: 0.02 | M5: 0.015 | P5: 0.01 | Q5: 0.01 | Z5: 60
A6: 2 | B6: Q195 | C6: 02 | D6: 12.01 | E6: 28 | F6: Q195-2 | G6: A 碳素钢-碳素结构钢-A20 Q195 | H6: 1527 | I6: 0.07 | J6: 0.15 | K6: 0.32 | L6: 0.02 | M6: 0.015 | Q6: 0.01 | Z6: 60
A7: 3 | B7: Q235B | C7: 01 | D7: 1.45 | E7: 12 | F7: Q235B-1 | G7: A 碳素钢-碳素结构钢-A01 Q235B | H7: 1519 | I7: 0.16 | J7: 0.08 | K7: 0.23 | L7: 0.025 | M7: 0.02 | Q7: 0.01
A8: 4 | B8: Q235B | C8: 02 | D8: 12.01 | E8: 28 | F8: Q235B-2 | G8: A 碳素钢-碳素结构钢-A01 Q235B | H8: 1519 | I8: 0.16 | J8: 0.08 | K8: 0.38 | L8: 0.025 | M8: 0.02 | Q8: 0.01
A9: 5 | B9: Q235C | C9: 01 | D9: 1.6 | E9: 12 | F9: Q235C-1 | G9: A 碳素钢-碳素结构钢-A02 Q235C | H9: 1519 | I9: 0.15 | J9: 0.1 | K9: 0.35 | L9: 0.015 | M9: 0.01 | Q9: 0.025
A10: 6 | B10: Q235C | C10: 02 | D10: 12.01 | E10: 25.4 | F10: Q235C-2 | G10: A 碳素钢-碳素结构钢-A02 Q235C | H10: 1519 | I10: 0.15 | J10: 0.1 | K10: 0.5 | L10: 0.015 | M10: 0.01 | Q10: 0.025
A11: 7 | B11: Q235B-WJ | C11: 01 | D11: 1.45 | E11: 12 | F11: Q235B-1 | G11: A 碳素钢-碳素结构钢-A01 Q235B | H11: 1519 | I11: 0.16 | J11: 0.08 | K11: 0.23 | L11: 0.025 | M11: 0.02 | Q11: 0.01
A12: 8 | B12: Q235B-WJ | C12: 02 | D12: 12.01 | E12: 28 | F12: Q235B-2 | G12: A 碳素钢-碳素结构钢-A01 Q235B | H12: 1519 | I12: 0.16 | J12: 0.08 | K12: 0.38 | L12: 0.025 | M12: 0.02 | Q12: 0.01
A13: 9 | B13: Q235B-LX | C13: 01 | D13: 1.45 | E13: 12 | F13: Q235B-1 | G13: A 碳素钢-碳素结构钢-A01 Q235B | H13: 1519 | I13: 0.16 | J13: 0.08 | K13: 0.23 | L13: 0.025 | M13: 0.02 | Q13: 0.01
A14: 10 | B14: Q235B-LX | C14: 02 | D14: 12.01 | E14: 28 | F14: Q235B-2 | G14: A 碳素钢-碳素结构钢-A01 Q235B | H14: 1519 | I14: 0.16 | J14: 0.08 | K14: 0.38 | L14: 0.025 | M14: 0.02 | Q14: 0.01
A15: 11 | B15: Q235B-HX | C15: 01 | D15: 1.45 | E15: 12 | F15: Q235B-1 | G15: A 碳素钢-碳素结构钢-A01 Q235B | H15: 1519 | I15: 0.16 | J15: 0.08 | K15: 0.23 | L15: 0.025 | M15: 0.02 | Q15: 0.01
A16: 12 | B16: Q235B-HX | C16: 02 | D16: 12.01 | E16: 28 | F16: Q235B-2 | G16: A 碳素钢-碳素结构钢-A01 Q235B | H16: 1519 | I16: 0.16 | J16: 0.08 | K16: 0.38 | L16: 0.025 | M16: 0.02 | Q16: 0.01
A17: 13 | B17: Q235B-GL | C17: 01 | D17: 1.6 | E17: 5 | F17: Q235B-GL1 | G17: A 碳素钢-碳素结构钢-A06 Q235B-GL | H17: 1520 | I17: 0.15 | J17: 0.12 | K17: 0.25 | L17: 0.015 | M17: 0.005 | Q17: 0.015
A18: 14 | B18: Q235B-GL | C18: 02 | D18: 5.01 | E18: 14 | F18: Q235B-GL2 | G18: A 碳素钢-碳素结构钢-A06 Q235B-GL | H18: 1520 | I18: 0.15 | J18: 0.12 | K18: 0.35 | L18: 0.015 | M18: 0.005 | Q18: 0.015
... A30: 26 | B30: A36-HW | C30: 01 | D30: 1.5 | E30: 12 | F30: A36-1 | G30: A 碳素钢-碳素结构钢-A09 A36 | H30: 1519 | I30: 0.16 | J30: 0.08 | K30: 0.25 | L30: 0.015 | M30: 0.01 | Q30: 0.02
A31: 27 | B31: Q235-HW | C31: 01 | D31: 1.5 | E31: 16 | F31: Q235-HW | G31: E 花纹板-花纹板类钢材-E01 Q235-HW | H31: 1519 | I31: 0.16 | J31: 0.1 | K31: 0.25 | L31: 0.035 | M31: 0.02
A32: 28 | B32: Q355-HW | C32: 01 | D32: 3 | E32: 6 | F32: Q355-HW1 | G32: E 花纹板-花纹板类钢材-E04 Q355-HW | H32: 1518 | I32: 0.16 | J32: 0.08 | K32: 0.35 | L32: 0.02 | M32: 0.01 | P32: 0.04 | Q32: 0.02 | AA32: Q355级别花纹板
A33: 29 | B33: Q355-HW | C33: 02 | D33: 6.01 | E33: 10 | F33: Q355-HW2 | G33: E 花纹板-花纹板类钢材-E04 Q355-HW | H33: 1517 | I33: 0.16 | J33: 0.08 | K33: 0.5 | L33: 0.02 | M33: 0.01 | P33: 0.04 | Q33: 0.02 | AA33: Q355级别花纹板
A34: 30 | B34: SPHC | C34: 01 | D34: 1.6 | E34: 8 | F34: SPHC-ZT | G34: C 热轧低碳钢-冷轧基料-C01 SPHC | H34: 1531 | I34: 0.05 | J34: 0.015 | K34: 0.23 | L34: 0.015 | M34: 0.01 | Q34: 0.025 | Z34: 40
A35: 31 | B35: SPHC | C35: 02 | D35: 8.01 | E35: 16 | F35: SPHC-SX | G35: C 热轧低碳钢-冷轧基料-C01 SPHC | H35: 1531 | I35: 0.05 | J35: 0.015 | K35: 0.23 | L35: 0.015 | M35: 0.01 | Q35: 0.025 | Z35: 40
A36: 32 | B36: SPHC | C36: 01 | D36: 8.01 | E36: 16 | F36: SPHC-SX | G36: C 热轧低碳钢-冷轧基料-C01 SPHC | H36: 1531 | I36: 0.05 | J36: 0.015 | K36: 0.23 | L36: 0.015 | M36: 0.01 | Q36: 0.025 | Z36: 40 | AA36: SPHC-SX
A37: 33 | B37: SPHC-M | C37: 01 | D37: 2.5 | E37: 5 | F37: SPHC-M | G37: C 热轧低碳钢-冷轧基料-C02 SPHC-M | H37: 1531 | I37: 0.045 | J37: 0.02 | K37: 0.25 | L37: 0.015 | M37: 0.006 | Q37: 0.025 | Z37: 45
A38: 34 | B38: SPHC-M(B) | C38: 01 | D38: 2.5 | E38: 6 | F38: SPHC-M(B) | G38: C 热轧低碳钢-冷轧基料-C05 SPHC-M(B) | H38: 1531 | I38: 0.045 | J38: 0.02 | K38: 0.25 | L38: 0.015 | M38: 0.006 | Q38: 0.025 | X38: 0.0014 | AA38: 含硼马口铁
A39: 35 | B39: MRT2.5 | C39: 01 | D39: 2.5 | E39: 6 | F39: MRT2.5 | G39: C 热轧低碳钢-冷轧基料-C03 MRT2.5 | H39: 1529 | I39: 0.06 | J39: 0 | K39: 0.28 | L39: 0.015 | M39: 0.006 | Q39: 0.03 | AA39: 供日照昱岚新材料有限公司冷轧用热轧卷板
A40: 36 | B40: YFMRT2.5 | C40: 01 | D40: 2.5 | E40: 6 | F40: YFMRT2.5 | G40: C 热轧低碳钢-冷轧基料-C07 YFMRT2.5 | H40: 1529 | I40: 0.06 | J40: 0 | K40: 0.28 | L40: 0.015 | M40: 0.006 | Q40: 0.03 | AA40: 供友富用热轧卷板
A41: 37 | B41: YLMRT3 | C41: 01 | D41: 2.5 | E41: 3.5 | F41: YLMRT3 | G41: C 热轧低碳钢-冷轧基料-C04 YLMRT3 | H41: 1528 | I41: 0.07 | J41: 0 | K41: 0.35 | L41: 0.015 | M41: 0.006 | Q41: 0.03 | AA41: 供日照昱岚新材料有限公司冷轧用热轧卷板
A42: 38 | B42: Q355B | C42: 02 | D42: 0.1 | E42: 5.99 | F42: Q355B-1 | G42: B 结构钢-低合金高强结构钢-B01 Q355B | H42: 1518 | I42: 0.16 | J42: 0.08 | K42: 0.35 | L42: 0.02 | M42: 0.01 | P42: 0.04 | Q42: 0.02
A43: 39 | B43: Q355B | C43: 01 | D43: 6 | E43: 15.99 | F43: Q355B-2 | G43: B 结构钢-低合金高强结构钢-B01 Q355B | H43: 1517 | I43: 0.16 | J43: 0.08 | K43: 0.5 | L43: 0.02 | M43: 0.01 | P43: 0.04 | Q43: 0.02
A44: 40 | B44: Q355B | C44: 03 | D44: 16 | E44: 28 | F44: Q355B-3B | G44: B 低合金钢-低合金高强结构钢-B01 Q355B | H44: 1514 | I44: 0.16 | J44: 0.18 | K44: 1.1 | L44: 0.02 | M44: 0.01 | O44: 0.008 | P44: 0.025 | Q44: 0.02
A45: 41 | B45: Q355C | C45: 01 | D45: 2 | E45: 12 | F45: Q355C-1 | G45: B 低合金钢-低合金高强结构钢-B03 Q355C | H45: 1517 | I45: 0.16 | J45: 0.15 | K45: 1 | L45: 0.018 | M45: 0.01 | P45: 0.03 | Q45: 0.025 | Z45: 40
A46: 42 | B46: Q355C | C46: 02 | D46: 12.01 | E46: 19 | F46: Q355C-2 | G46: B 低合金钢-低合金高强结构钢-B03 Q355C | H46: 1517 | I46: 0.16 | J46: 0.15 | K46: 1.15 | L46: 0.018 | M46: 0.01 | O46: 0.012 | P46: 0.015 | Q46: 0.025 | Z46: 40
A47: 43 | B47: Q355C | C47: 03 | D47: 19.01 | E47: 29 | F47: Q355C-3 | G47: B 低合金钢-低合金高强结构钢-B03 Q355C | H47: 1517 | I47: 0.16 | J47: 0.15 | K47: 1.35 | L47: 0.018 | M47: 0.01 | O47: 0.015 | P47: 0.025 | Q47: 0.025 | Z47: 40
A48: 44 | B48: Q355D | C48: 01 | D48: 2 | E48: 12 | F48: Q355D-1 | G48: B 低合金钢-低合金高强结构钢-B04 Q355D | H48: 1517 | I48: 0.16 | J48: 0.15 | K48: 1 | L48: 0.018 | M48: 0.008 | P48: 0.03 | Q48: 0.025
A49: 45 | B49: Q355D | C49: 02 | D49: 12.01 | E49: 19 | F49: Q355D-2 | G49: B 低合金钢-低合金高强结构钢-B04 Q355D | H49: 1521 | I49: 0.16 | J49: 0.15 | K49: 1.15 | L49: 0.018 | M49: 0.008 | O49: 0.012 | P49: 0.015 | Q49: 0.025 | Z49: 40
A50: 46 | B50: Q355D | C50: 03 | D50: 19.01 | E50: 29 | F50: Q355D-3 | G50: B 低合金钢-低合金高强结构钢-B04 Q355D | H50: 1521 | I50: 0.16 | J50: 0.15 | K50: 1.3 | L50: 0.018 | M50: 0.008 | O50: 0.015 | P50: 0.015 | Q50: 0.025 | Z50: 40
A51: 47 | B51: Q355B-T | C51: 01 | D51: 2 | E51: 7.55 | F51: Q355B-T1 | G51: B 低合金钢-低合金高强结构钢-B17 Q355B-T | H51: 1514 | I51: 0.16 | J51: 0.15 | K51: 1.1 | L51: 0.015 | M51: 0.01 | P51: 0.025 | Q51: 0.02
A52: 48 | B52: Q355B-T | C52: 02 | D52: 7.56 | E52: 16 | F52: Q355B-T2 | G52: B 低合金钢-低合金高强结构钢-B17 Q355B-T | H52: 1514 | I52: 0.16 | J52: 0.15 | K52: 1.1 | L52: 0.015 | M52: 0.01 | P52: 0.035 | Q52: 0.02
A53: 49 | B53: Q355B-T | C53: 03 | D53: 16.01 | E53: 28 | F53: Q355B-T3 | G53: B 低合金钢-低合金高强结构钢-B17 Q355B-T | H53: 1514 | I53: 0.16 | J53: 0.15 | K53: 1.15 | L53: 0.015 | M53: 0.01 | O53: 0.015 | P53: 0.025 | Q53: 0.02
A54: 50 | B54: Q355ME | C54: 02 | D54: 2 | E54: 5 | F54: Q355ME-1 | G54: B 低合金钢-低合金高强结构钢-B26 Q355ME | H54: 1522 | I54: 0.075 | J54: 0.15 | K54: 1.1 | L54: 0.015 | M54: 0.004 | O54: 0.01 | P54: 0.02 | Q54: 0.025 | Z54: 45
A55: 51 | B55: Q355ME | C55: 01 | D55: 5.01 | E55: 12 | F55: Q355ME-2 | G55: B 低合金钢-低合金高强结构钢-B26 Q355ME | H55: 1522 | I55: 0.075 | J55: 0.15 | K55: 1.25 | L55: 0.015 | M55: 0.004 | O55: 0.015 | P55: 0.02 | Q55: 0.025 | Z55: 45
A56: 52 | B56: Q355ME | C56: 03 | D56: 12.01 | E56: 25.4 | F56: Q355ME-3 | G56: B 低合金钢-低合金高强结构钢-B26 Q355ME | H56: 1522 | I56: 0.075 | J56: 0.15 | K56: 1.35 | L56: 0.015 | M56: 0.004 | O56: 0.015 | P56: 0.02 | Q56: 0.025 | Z56: 45
A57: 53 | B57: Q355B-S | C57: 01 | D57: 1.8 | E57: 5.99 | F57: Q355B-S | G57: B 低合金钢-低合金高强结构钢-B24 Q355B-S | H57: 1525 | I57: 0.07 | J57: 0.1 | K57: 0.95 | L57: 0.02 | M57: 0.006 | O57: 0.01 | P57: 0.03 | Q57: 0.025 | Z57: 45
A58: 54 | B58: Q355B-SS | C58: 02 | D58: 0.1 | E58: 5.99 | F58: Q355B-1 | G58: B 结构钢-低合金高强结构钢-B01 Q355B | H58: 1518 | I58: 0.16 | J58: 0.08 | K58: 0.35 | L58: 0.02 | M58: 0.01 | P58: 0.04 | Q58: 0.02
A59: 55 | B59: Q355B-SS | C59: 01 | D59: 6 | E59: 15.99 | F59: Q355B-2 | G59: B 结构钢-低合金高强结构钢-B01 Q355B | H59: 1517 | I59: 0.16 | J59: 0.08 | K59: 0.5 | L59: 0.02 | M59: 0.01 | P59: 0.04 | Q59: 0.02
A60: 56 | B60: Q355B-SS | C60: 03 | D60: 16 | E60: 28 | F60: Q355B-3B | G60: B 低合金钢-低合金高强结构钢-B01 Q355B | H60: 1514 | I60: 0.16 | J60: 0.18 | K60: 1.1 | L60: 0.02 | M60: 0.01 | O60: 0.008 | P60: 0.025 | Q60: 0.02
A61: 57 | B61: Q355B-SD | C61: 01 | D61: 1.5 | E61: 5.99 | F61: Q355B-SD1 | G61: B 低合金钢-低合金高强结构钢-B46 Q355B-SD | H61: 1517 | I61: 0.16 | J61: 0.07 | K61: 0.35 | L61: 0.02 | M61: 0.01 | P61: 0.04 | Q61: 0.02
A62: 58 | B62: Q355B-SD | C62: 02 | D62: 6 | E62: 15.99 | F62: Q355B-SD2 | G62: B 低合金钢-低合金高强结构钢-B46 Q355B-SD | H62: 1517 | I62: 0.16 | J62: 0.07 | K62: 0.5 | L62: 0.02 | M62: 0.01 | P62: 0.04 | Q62: 0.02
A63: 59 | B63: Q355B-SD | C63: 03 | D63: 16 | E63: 28 | F63: Q355B-SD3 | G63: B 低合金钢-低合金高强结构钢-B46 Q355B-SD | H63: 1514 | I63: 0.16 | J63: 0.07 | K63: 1.1 | L63: 0.02 | M63: 0.01 | O63: 0.008 | P63: 0.025 | Q63: 0.02
A64: 60 | B64: Q355B-DX | C64: 01 | D64: 1.5 | E64: 8 | F64: Q355B-DX1 | G64: B 低合金钢-低合金高强结构钢-B20 Q355B-DX | H64: 1518 | I64: 0.16 | J64: 0.02 | K64: 0.6 | L64: 0.01 | M64: 0.008 | P64: 0.04 | Q64: 0.02 | Z64: 45
A65: 61 | B65: Q355B-ZW | C65: 01 | D65: 12 | E65: 19 | F65: Q355B-ZW3 | G65: B 低合金钢-低合金高强结构钢-B19 Q355B-ZW | H65: 1516 | I65: 0.15 | J65: 0.1 | K65: 1 | L65: 0.02 | M65: 0.01 | O65: 0.008 | P65: 0.03 | Q65: 0.02 | Z65: 45
A66: 62 | B66: Q355B-ZW | C66: 02 | D66: 19.01 | E66: 28 | F66: Q355B-ZW4 | G66: B 低合金钢-低合金高强结构钢-B19 Q355B-ZW | H66: 1516 | I66: 0.15 | J66: 0.1 | K66: 1.1 | L66: 0.02 | M66: 0.01 | O66: 0.008 | P66: 0.03 | Q66: 0.02 | Z66: 45
A67: 63 | B67: Q355B-HL1 | C67: 03 | D67: 0.1 | E67: 6 | F67: Q355B-1 | G67: B 结构钢-低合金高强结构钢-B01 Q355B | H67: 1518 | I67: 0.16 | J67: 0.08 | K67: 0.35 | L67: 0.02 | M67: 0.01 | P67: 0.04 | Q67: 0.02
A68: 64 | B68: Q355B-HL1 | C68: 01 | D68: 6.01 | E68: 16.44 | F68: Q355B-2 | G68: B 结构钢-低合金高强结构钢-B01 Q355B | H68: 1517 | I68: 0.16 | J68: 0.08 | K68: 0.5 | L68: 0.02 | M68: 0.01 | P68: 0.04 | Q68: 0.02
A69: 65 | B69: Q355B-HL1 | C69: 02 | D69: 16.45 | E69: 30 | F69: Q355B-3A | G69: B 低合金钢-低合金高强结构钢-B01 Q355B | H69: 1515 | I69: 0.16 | J69: 0.18 | K69: 0.8 | L69: 0.02 | M69: 0.01 | P69: 0.035 | Q69: 0.02
A70: 66 | B70: Q355B-HL2 | C70: 01 | D70: 0.1 | E70: 6 | F70: Q355B-1 | G70: B 结构钢-低合金高强结构钢-B01 Q355B | H70: 1518 | I70: 0.16 | J70: 0.08 | K70: 0.35 | L70: 0.02 | M70: 0.01 | P70: 0.04 | Q70: 0.02
A71: 67 | B71: Q355B-HL2 | C71: 02 | D71: 6.01 | E71: 16.29 | F71: Q355B-2 | G71: B 结构钢-低合金高强结构钢-B01 Q355B | H71: 1517 | I71: 0.16 | J71: 0.08 | K71: 0.5 | L71: 0.02 | M71: 0.01 | P71: 0.04 | Q71: 0.02
A72: 68 | B72: Q355B-HL2 | C72: 03 | D72: 16.3 | E72: 30 | F72: Q355B-3A | G72: B 低合金钢-低合金高强结构钢-B01 Q355B | H72: 1515 | I72: 0.16 | J72: 0.18 | K72: 0.8 | L72: 0.02 | M72: 0.01 | P72: 0.035 | Q72: 0.02
A73: 69 | B73: Q355B-HL3 | C73: 03 | D73: 0.1 | E73: 6 | F73: Q355B-1 | G73: B 结构钢-低合金高强结构钢-B01 Q355B | H73: 1518 | I73: 0.16 | J73: 0.08 | K73: 0.35 | L73: 0.02 | M73: 0.01 | P73: 0.04 | Q73: 0.02
A74: 70 | B74: Q355B-HL3 | C74: 02 | D74: 6.01 | E74: 16.24 | F74: Q355B-2 | G74: B 结构钢-低合金高强结构钢-B01 Q355B | H74: 1517 | I74: 0.16 | J74: 0.08 | K74: 0.5 | L74: 0.02 | M74: 0.01 | P74: 0.04 | Q74: 0.02
A75: 71 | B75: Q355B-HL3 | C75: 01 | D75: 16.25 | E75: 30 | F75: Q355B-3A | G75: B 低合金钢-低合金高强结构钢-B01 Q355B | H75: 1515 | I75: 0.16 | J75: 0.18 | K75: 0.8 | L75: 0.02 | M75: 0.01 | P75: 0.035 | Q75: 0.02
A76: 72 | B76: Q355B-HL4 | C76: 01 | D76: 0.1 | E76: 6 | F76: Q355B-1 | G76: B 结构钢-低合金高强结构钢-B01 Q355B | H76: 1518 | I76: 0.16 | J76: 0.08 | K76: 0.35 | L76: 0.02 | M76: 0.01 | P76: 0.04 | Q76: 0.02
A77: 73 | B77: Q355B-HL4 | C77: 03 | D77: 6.01 | E77: 15.99 | F77: Q355B-2 | G77: B 结构钢-低合金高强结构钢-B01 Q355B | H77: 1517 | I77: 0.16 | J77: 0.08 | K77: 0.5 | L77: 0.02 | M77: 0.01 | P77: 0.04 | Q77: 0.02
A78: 74 | B78: Q355B-HL4 | C78: 02 | D78: 16 | E78: 30 | F78: Q355B-3A | G78: B 低合金钢-低合金高强结构钢-B01 Q355B | H78: 1515 | I78: 0.16 | J78: 0.18 | K78: 0.8 | L78: 0.02 | M78: 0.01 | P78: 0.035 | Q78: 0.02
A79: 75 | B79: Q355C-HL3 | C79: 01 | D79: 2 | E79: 12 | F79: Q355C-1 | G79: B 低合金钢-低合金高强结构钢-B03 Q355C | H79: 1517 | I79: 0.16 | J79: 0.15 | K79: 1 | L79: 0.018 | M79: 0.01 | P79: 0.03 | Q79: 0.025 | Z79: 40
A80: 76 | B80: Q355C-HL3 | C80: 02 | D80: 12.01 | E80: 19 | F80: Q355C-2 | G80: B 低合金钢-低合金高强结构钢-B03 Q355C | H80: 1517 | I80: 0.16 | J80: 0.15 | K80: 1.15 | L80: 0.018 | M80: 0.01 | O80: 0.012 | P80: 0.015 | Q80: 0.025 | Z80: 40
A81: 77 | B81: Q355C-HL3 | C81: 03 | D81: 19.01 | E81: 29 | F81: Q355C-3 | G81: B 低合金钢-低合金高强结构钢-B03 Q355C | H81: 1517 | I81: 0.16 | J81: 0.15 | K81: 1.35 | L81: 0.018 | M81: 0.01 | O81: 0.015 | P81: 0.025 | Q81: 0.025 | Z81: 40
A82: 78 | B82: Q390B | C82: 02 | D82: 3 | E82: 10 | F82: Q390B-1 | G82: B 低合金钢-低合金高强结构钢-B16 Q390B | H82: 1515 | I82: 0.16 | J82: 0.15 | K82: 0.9 | L82: 0.015 | M82: 0.01 | P82: 0.045 | Q82: 0.02 | Z82: 45
A83: 79 | B83: Q390B | C83: 03 | D83: 10.01 | E83: 16.5 | F83: Q390B-2 | G83: B 低合金钢-低合金高强结构钢-B16 Q390B | H83: 1515 | I83: 0.16 | J83: 0.15 | K83: 1.05 | L83: 0.015 | M83: 0.01 | P83: 0.045 | Q83: 0.02 | Z83: 45
A84: 80 | B84: Q390B | C84: 01 | D84: 16.51 | E84: 28 | F84: Q390B-3 | G84: B 低合金钢-低合金高强结构钢-B16 Q390B | H84: 1515 | I84: 0.16 | J84: 0.15 | K84: 1.1 | L84: 0.015 | M84: 0.006 | O84: 0.015 | P84: 0.04 | Q84: 0.02 | Z84: 45
A85: 81 | B85: Q420B | C85: 01 | D85: 3 | E85: 10 | F85: Q420B-1 | G85: B 低合金钢-低合金高强结构钢-B02 Q420B | H85: 1516 | I85: 0.14 | J85: 0.15 | K85: 1.1 | L85: 0.015 | M85: 0.01 | O85: 0.012 | P85: 0.04 | Q85: 0.02 | Z85: 45
A86: 82 | B86: Q420B | C86: 02 | D86: 10.01 | E86: 25 | F86: Q420B-2 | G86: B 低合金钢-低合金高强结构钢-B02 Q420B | H86: 1516 | I86: 0.14 | J86: 0.15 | K86: 1.2 | L86: 0.015 | M86: 0.01 | O86: 0.012 | P86: 0.04 | Q86: 0.02 | Z86: 45
A87: 83 | B87: Q420MB | C87: 01 | D87: 3 | E87: 10 | F87: Q420B-1 | G87: B 低合金钢-低合金高强结构钢-B02 Q420B | H87: 1516 | I87: 0.14 | J87: 0.15 | K87: 1.1 | L87: 0.015 | M87: 0.01 | O87: 0.012 | P87: 0.04 | Q87: 0.02 | Z87: 45
A88: 84 | B88: Q420MB | C88: 02 | D88: 10.01 | E88: 25 | F88: Q420B-2 | G88: B 低合金钢-低合金高强结构钢-B02 Q420B | H88: 1516 | I88: 0.14 | J88: 0.15 | K88: 1.2 | L88: 0.015 | M88: 0.01 | O88: 0.012 | P88: 0.04 | Q88: 0.02 | Z88: 45
A89: 85 | B89: Q420B-HL1 | C89: 01 | D89: 3 | E89: 10 | F89: Q420B-1 | G89: B 低合金钢-低合金高强结构钢-B02 Q420B | H89: 1516 | I89: 0.14 | J89: 0.15 | K89: 1.1 | L89: 0.015 | M89: 0.01 | O89: 0.012 | P89: 0.04 | Q89: 0.02 | Z89: 45
A90: 86 | B90: Q420B-HL1 | C90: 02 | D90: 10.01 | E90: 25 | F90: Q420B-2 | G90: B 低合金钢-低合金高强结构钢-B02 Q420B | H90: 1516 | I90: 0.14 | J90: 0.15 | K90: 1.2 | L90: 0.015 | M90: 0.01 | O90: 0.012 | P90: 0.04 | Q90: 0.02 | Z90: 45
A91: 87 | B91: Q420B-HL2 | C91: 01 | D91: 3 | E91: 10 | F91: Q420B-1 | G91: B 低合金钢-低合金高强结构钢-B02 Q420B | H91: 1516 | I91: 0.14 | J91: 0.15 | K91: 1.1 | L91: 0.015 | M91: 0.01 | O91: 0.012 | P91: 0.04 | Q91: 0.02 | Z91: 45
A92: 88 | B92: Q420B-HL2 | C92: 02 | D92: 10.01 | E92: 25 | F92: Q420B-2 | G92: B 低合金钢-低合金高强结构钢-B02 Q420B | H92: 1516 | I92: 0.14 | J92: 0.15 | K92: 1.2 | L92: 0.015 | M92: 0.01 | O92: 0.012 | P92: 0.04 | Q92: 0.02 | Z92: 45
A93: 89 | B93: Q420C | C93: 01 | D93: 3 | E93: 10 | F93: Q420C-1 | G93: B 低合金钢-低合金高强结构钢-B29 Q420C | H93: 1516 | I93: 0.14 | J93: 0.15 | K93: 1.1 | L93: 0.015 | M93: 0.006 | O93: 0.02 | P93: 0.035 | Q93: 0.02 | Z93: 45
A94: 90 | B94: Q420C | C94: 02 | D94: 10.01 | E94: 24 | F94: Q420C-2 | G94: B 低合金钢-低合金高强结构钢-B29 Q420C | H94: 1516 | I94: 0.14 | J94: 0.15 | K94: 1.2 | L94: 0.015 | M94: 0.005 | O94: 0.02 | P94: 0.035 | Q94: 0.02 | Z94: 45
A95: 91 | B95: Q420MD | C95: 01 | D95: 3 | E95: 10 | F95: Q420MD-1 | G95: B 低合金钢-低合金高强结构钢-B48 Q420MD-HL2 | H95: 1516 | I95: 0.14 | J95: 0.15 | K95: 1.1 | L95: 0.012 | M95: 0.005 | O95: 0.02 | P95: 0.035 | Q95: 0.02 | Z95: 45
... A106: 102 | B106: Q460MC | C106: 02 | D106: 10.31 | E106: 16.5 | F106: Q460MC-2 | G106: B 低合金钢-低合金高强结构钢-B06 Q460MC | H106: 1520 | I106: 0.07 | J106: 0.16 | K106: 1.15 | L106: 0.018 | M106: 0.005 | O106: 0.02 | P106: 0.055 | Q106: 0.025 | Z106: 50
A107: 103 | B107: Q460MC(YZ) | C107: 01 | D107: 16.01 | E107: 25.4 | F107: Q460MC(YZ)-2 | G107: B 低合金钢-低合金高强结构钢-B56 Q460MC(YZ) | H107: 1520 | I107: 0.14 | J107: 0.16 | K107: 1.4 | L107: 0.015 | M107: 0.005 | O107: 0.03 | P107: 0.03 | R107: 0.025 | S107: 0 | T107: 0 | U107: 0 | V107: 0 | W107: 0 | Z107: 40
A108: 104 | B108: Q460MD | C108: 01 | D108: 3 | E108: 10.3 | F108: Q460MD-1 | G108: B 低合金钢-低合金高强结构钢-B07 Q460MD | H108: 1520 | I108: 0.07 | J108: 0.16 | K108: 1.3 | L108: 0.018 | M108: 0.003 | O108: 0.015 | P108: 0.055 | Q108: 0.025 | Z108: 50
A109: 105 | B109: Q460MD | C109: 02 | D109: 10.31 | E109: 16.5 | F109: Q460MD-2 | G109: B 低合金钢-低合金高强结构钢-B07 Q460MD | H109: 1520 | I109: 0.07 | J109: 0.16 | K109: 1.35 | L109: 0.018 | M109: 0.003 | O109: 0.015 | P109: 0.065 | Q109: 0.025
A110: 106 | B110: Q500MC | C110: 01 | D110: 3 | E110: 10.3 | F110: Q500MC-1 | G110: B 低合金钢-低合金高强结构钢-B49 Q500MC | H110: 1521 | I110: 0.07 | J110: 0.15 | K110: 1.4 | L110: 0.02 | M110: 0.01 | O110: 0.02 | P110: 0.055 | Q110: 0.025
A111: 107 | B111: Q500MC | C111: 02 | D111: 10.31 | E111: 16.5 | F111: Q500MC-2 | G111: B 低合金钢-低合金高强结构钢-B49 Q500MC | H111: 1521 | I111: 0.07 | J111: 0.15 | K111: 1.5 | L111: 0.02 | M111: 0.01 | O111: 0.02 | P111: 0.055 | Q111: 0.025
A112: 108 | B112: Q500MD | C112: 01 | D112: 3 | E112: 10.3 | F112: Q500MD-1 | G112: B 低合金钢-低合金高强结构钢-B50 Q500MD | H112: 1521 | I112: 0.07 | J112: 0.15 | K112: 1.2 | L112: 0.015 | M112: 0.005 | O112: 0.03 | P112: 0.04 | Q112: 0.025
A113: 109 | B113: Q500MD | C113: 02 | D113: 10.31 | E113: 16.5 | F113: Q500MD-2 | G113: B 低合金钢-低合金高强结构钢-B50 Q500MD | H113: 1521 | I113: 0.07 | J113: 0.15 | K113: 1.3 | L113: 0.015 | M113: 0.005 | O113: 0.03 | P113: 0.04 | Q113: 0.025
A114: 110 | B114: Q550MD | C114: 01 | D114: 3 | E114: 12 | F114: Q550MD | G114: B 低合金钢-低合金高强结构钢-B38 Q550MD | H114: 1520 | I114: 0.07 | J114: 0.15 | K114: 1.45 | L114: 0.015 | M114: 0.004 | O114: 0.02 | P114: 0.08 | Q114: 0.025 | Z114: 50
A115: 111 | B115: Q390GJB | C115: 01 | D115: 3 | E115: 10 | F115: Q390GJB-1 | G115: B 低合金钢-低合金高强结构钢-B40 Q390GJB | H115: 1514 | I115: 0.15 | J115: 0.2 | K115: 1.35 | L115: 0.015 | M115: 0.005 | O115: 0.015 | P115: 0.015 | Q115: 0.025 | Z115: 45
A116: 112 | B116: Q390GJB | C116: 02 | D116: 10.01 | E116: 25.4 | F116: Q390GJB-2 | G116: B 低合金钢-低合金高强结构钢-B40 Q390GJB | H116: 1514 | I116: 0.15 | J116: 0.2 | K116: 1.45 | L116: 0.015 | M116: 0.005 | O116: 0.018 | P116: 0.015 | Q116: 0.025 | Z116: 45
A117: 113 | B117: A572Gr50 | C117: 02 | D117: 2 | E117: 9.99 | F117: A572Gr50-1 | G117: B 低合金钢-低合金高强结构钢-B25 A572Gr50 | H117: 1517 | I117: 0.16 | J117: 0.1 | K117: 0.7 | L117: 0.015 | M117: 0.008 | O117: 0.006 | P117: 0.03 | Q117: 0.02
A118: 114 | B118: A572Gr50 | C118: 01 | D118: 10 | E118: 15.99 | F118: A572Gr50-2 | G118: B 低合金钢-低合金高强结构钢-B25 A572Gr50 | H118: 1516 | I118: 0.16 | J118: 0.1 | K118: 0.85 | L118: 0.015 | M118: 0.01 | O118: 0.006 | P118: 0.03 | Q118: 0.02
A119: 115 | B119: A572Gr50 | C119: 03 | D119: 16 | E119: 28 | F119: A572Gr50-3 | G119: B 低合金钢-低合金高强结构钢-B25 A572Gr50 | H119: 1515 | I119: 0.16 | J119: 0.1 | K119: 1.15 | L119: 0.015 | M119: 0.008 | O119: 0.015 | P119: 0.025 | Q119: 0.02
A120: 116 | B120: A572Gr50-DX | C120: 02 | D120: 2 | E120: 9.99 | F120: A572Gr50-DX1 | G120: B 低合金钢-低合金高强结构钢-B55 A572Gr50-DX | H120: 1517 | I120: 0.16 | J120: 0.02 | K120: 0.7 | L120: 0.015 | M120: 0.008 | O120: 0.006 | P120: 0.03 | Q120: 0.02 | Z120: 45
A121: 117 | B121: A572Gr50-DX | C121: 01 | D121: 10 | E121: 15.99 | F121: A572Gr50-DX2 | G121: B 低合金钢-低合金高强结构钢-B55 A572Gr50-DX | H121: 1516 | I121: 0.16 | J121: 0.02 | K121: 0.85 | L121: 0.015 | M121: 0.01 | O121: 0.006 | P121: 0.03 | Q121: 0.02
A122: 118 | B122: A572Gr50-DX | C122: 03 | D122: 16 | E122: 28 | F122: A572Gr50-DX3 | G122: B 低合金钢-低合金高强结构钢-B55 A572Gr50-DX | H122: 1515 | I122: 0.16 | J122: 0.02 | K122: 1.15 | L122: 0.015 | M122: 0.008 | O122: 0.015 | P122: 0.025 | Q122: 0.02
...

Sheet 终点成分与元素回收率
A2: 序号 | B2: 适用牌号 | C2: 厚度mm | D2: 厚度mm | E2: 厚度mm | F2: 炼钢牌号 | G2: 钢种类型 | H2: 液相线温度℃ | I2: 终点碳 | J2: 终点锰 | K2: 终点Cr | L2: 硅回收率 | M2: 锰回收率 | N2: 钒回收率 | O2: 铌回收率 | P2: 钛回收率 | Q2: 铬回收率
A5: 1 | B5: Q195 | C5: 01 | D5: 1.5 | E5: 12 | F5: Q195-1 | G5: A 碳素钢-碳素结构钢-A20 Q195 | H5: 1527 | I5: =VLOOKUP(F5,[1]终点成分!$A$5:$C$1000,2,0) -> 0.041666667 | J5: =VLOOKUP(F5,[1]终点成分!$A$5:$C$1000,3,0) -> 0.103 | K5: 0 | L5: 0.75 | M5: 0.98 | N5: 0.98 | O5: 0.98 | P5: 0.7 | Q5: 0.96
A6: 2 | B6: Q195 | C6: 02 | D6: 12.01 | E6: 28 | F6: Q195-2 | G6: A 碳素钢-碳素结构钢-A20 Q195 | H6: 1527 | I6: 0.041666667 | J6: 0.103 | K6: 0 | L6: 0.75 | M6: 0.98 | N6: 0.98 | O6: 0.98 | P6: 0.7 | Q6: 0.96
A7: 3 | B7: Q235B | C7: 01 | D7: 1.45 | E7: 12 | F7: Q235B-1 | G7: A 碳素钢-碳素结构钢-A01 Q235B | H7: 1519 | I7: =VLOOKUP(F7,[1]终点成分!$A$5:$C$1000,2,0) -> 0.07293667 | J7: =VLOOKUP(F7,[1]终点成分!$A$5:$C$1000,3,0) -> 0.12229229 | K7: 0 | L7: 0.75 | M7: 0.98 | N7: 0.98 | O7: 0.98 | P7: 0.7 | Q7: 0.96
A8: 4 | B8: Q235B | C8: 02 | D8: 12.01 | E8: 28 | F8: Q235B-2 | G8: A 碳素钢-碳素结构钢-A01 Q235B | H8: 1519 | I8: =VLOOKUP(F8,[1]终点成分!$A$5:$C$1000,2,0) -> 0.074405858 | J8: =VLOOKUP(F8,[1]终点成分!$A$5:$C$1000,3,0) -> 0.12264435 | K8: 0 | L8: 0.75 | M8: 0.98 | N8: 0.98 | O8: 0.98 | P8: 0.7 | Q8: 0.96
A9: 5 | B9: Q235C | C9: 01 | D9: 1.6 | E9: 12 | F9: Q235C-1 | G9: A 碳素钢-碳素结构钢-A02 Q235C | H9: 1519 | I9: =VLOOKUP(F9,[1]终点成分!$A$5:$C$1000,2,0) -> 0.068953488 | J9: =VLOOKUP(F9,[1]终点成分!$A$5:$C$1000,3,0) -> 0.11909302 | K9: 0 | L9: 0.8 | M9: 0.98 | N9: 0.98 | O9: 0.98 | P9: 0.7 | Q9: 0.96
A10: 6 | B10: Q235C | C10: 02 | D10: 12.01 | E10: 25.4 | F10: Q235C-2 | G10: A 碳素钢-碳素结构钢-A02 Q235C | H10: 1519 | I10: =VLOOKUP(F10,[1]终点成分!$A$5:$C$1000,2,0) -> 0.0625 | J10: =VLOOKUP(F10,[1]终点成分!$A$5:$C$1000,3,0) -> 0.1289 | K10: 0 | L10: 0.8 | M10: 0.98 | N10: 0.98 | O10: 0.98 | P10: 0.7 | Q10: 0.96
A11: 7 | B11: Q235B-WJ | C11: 01 | D11: 1.45 | E11: 12 | F11: Q235B-1 | G11: A 碳素钢-碳素结构钢-A01 Q235B | H11: 1519 | I11: =VLOOKUP(F11,[1]终点成分!$A$5:$C$1000,2,0) -> 0.07293667 | J11: =VLOOKUP(F11,[1]终点成分!$A$5:$C$1000,3,0) -> 0.12229229 | K11: 0 | L11: 0.75 | M11: 0.98 | N11: 0.98 | O11: 0.98 | P11: 0.7 | Q11: 0.96
A12: 8 | B12: Q235B-WJ | C12: 02 | D12: 12.01 | E12: 28 | F12: Q235B-2 | G12: A 碳素钢-碳素结构钢-A01 Q235B | H12: 1519 | I12: =VLOOKUP(F12,[1]终点成分!$A$5:$C$1000,2,0) -> 0.074405858 | J12: =VLOOKUP(F12,[1]终点成分!$A$5:$C$1000,3,0) -> 0.12264435 | K12: 0 | L12: 0.75 | M12: 0.98 | N12: 0.98 | O12: 0.98 | P12: 0.7 | Q12: 0.96
A13: 9 | B13: Q235B-LX | C13: 01 | D13: 1.45 | E13: 12 | F13: Q235B-1 | G13: A 碳素钢-碳素结构钢-A01 Q235B | H13: 1519 | I13: =VLOOKUP(F13,[1]终点成分!$A$5:$C$1000,2,0) -> 0.07293667 | J13: =VLOOKUP(F13,[1]终点成分!$A$5:$C$1000,3,0) -> 0.12229229 | K13: 0 | L13: 0.75 | M13: 0.98 | N13: 0.98 | O13: 0.98 | P13: 0.7 | Q13: 0.96
A14: 10 | B14: Q235B-LX | C14: 02 | D14: 12.01 | E14: 28 | F14: Q235B-2 | G14: A 碳素钢-碳素结构钢-A01 Q235B | H14: 1519 | I14: =VLOOKUP(F14,[1]终点成分!$A$5:$C$1000,2,0) -> 0.074405858 | J14: =VLOOKUP(F14,[1]终点成分!$A$5:$C$1000,3,0) -> 0.12264435 | K14: 0 | L14: 0.75 | M14: 0.98 | N14: 0.98 | O14: 0.98 | P14: 0.7 | Q14: 0.96
A15: 11 | B15: Q235B-HX | C15: 01 | D15: 1.45 | E15: 12 | F15: Q235B-1 | G15: A 碳素钢-碳素结构钢-A01 Q235B | H15: 1519 | I15: =VLOOKUP(F15,[1]终点成分!$A$5:$C$1000,2,0) -> 0.07293667 | J15: =VLOOKUP(F15,[1]终点成分!$A$5:$C$1000,3,0) -> 0.12229229 | K15: 0 | L15: 0.75 | M15: 0.98 | N15: 0.98 | O15: 0.98 | P15: 0.7 | Q15: 0.96
A16: 12 | B16: Q235B-HX | C16: 02 | D16: 12.01 | E16: 28 | F16: Q235B-2 | G16: A 碳素钢-碳素结构钢-A01 Q235B | H16: 1519 | I16: =VLOOKUP(F16,[1]终点成分!$A$5:$C$1000,2,0) -> 0.074405858 | J16: =VLOOKUP(F16,[1]终点成分!$A$5:$C$1000,3,0) -> 0.12264435 | K16: 0 | L16: 0.75 | M16: 0.98 | N16: 0.98 | O16: 0.98 | P16: 0.7 | Q16: 0.96
A17: 13 | B17: Q235B-GL | C17: 01 | D17: 1.6 | E17: 5 | F17: Q235B-GL1 | G17: A 碳素钢-碳素结构钢-A06 Q235B-GL | H17: 1520 | I17: 0.074405858 | J17: 0.12264435 | K17: 0 | L17: 0.8 | M17: 0.98 | N17: 0.98 | O17: 0.98 | P17: 0.7 | Q17: 0.96
A18: 14 | B18: Q235B-GL | C18: 02 | D18: 5.01 | E18: 14 | F18: Q235B-GL2 | G18: A 碳素钢-碳素结构钢-A06 Q235B-GL | H18: 1520 | I18: 0.074405858 | J18: 0.12264435 | K18: 0 | L18: 0.8 | M18: 0.98 | N18: 0.98 | O18: 0.98 | P18: 0.7 | Q18: 0.96
A19: 15 | B19: Q235B-GC | C19: 01 | D19: 3 | E19: 12 | F19: Q235B-GC1 | G19: A 碳素钢-碳素结构钢-A33 Q235B-GC | H19: 1519 | I19: =VLOOKUP(F19,[1]终点成分!$A$5:$C$1000,2,0) -> 0.073875 | J19: =VLOOKUP(F19,[1]终点成分!$A$5:$C$1000,3,0) -> 0.0935 | K19: 0 | L19: 0.75 | M19: 0.98 | N19: 0.98 | O19: 0.98 | P19: 0.7 | Q19: 0.96
A20: 16 | B20: Q235B-GC | C20: 02 | D20: 12.01 | E20: 25.4 | F20: Q235B-GC2 | G20: A 碳素钢-碳素结构钢-A33 Q235B-GC | H20: 1519 | I20: 0.073875 | J20: 0.0935 | K20: 0 | L20: 0.75 | M20: 0.98 | N20: 0.98 | O20: 0.98 | P20: 0.7 | Q20: 0.96
A21: 17 | B21: Q235B-SD | C21: 01 | D21: 3 | E21: 12 | F21: Q235B-SD1 | G21: A 碳素钢-碳素结构钢-A22 Q235B-SD | H21: 1519 | I21: =VLOOKUP(F21,[1]终点成分!$A$5:$C$1000,2,0) -> 0.073305085 | J21: =VLOOKUP(F21,[1]终点成分!$A$5:$C$1000,3,0) -> 0.12259322 | K21: 0 | L21: 0.75 | M21: 0.98 | N21: 0.98 | O21: 0.98 | P21: 0.7 | Q21: 0.96
A22: 18 | B22: Q235B-SD | C22: 02 | D22: 12.01 | E22: 25.4 | F22: Q235B-SD2 | G22: A 碳素钢-碳素结构钢-A22 Q235B-SD | H22: 1519 | I22: =VLOOKUP(F22,[1]终点成分!$A$5:$C$1000,2,0) -> 0.073272727 | J22: =VLOOKUP(F22,[1]终点成分!$A$5:$C$1000,3,0) -> 0.12463636 | K22: 0 | L22: 0.75 | M22: 0.98 | N22: 0.98 | O22: 0.98 | P22: 0.7 | Q22: 0.96
A23: 19 | B23: Q235B-HG | C23: 01 | D23: 1.5 | E23: 28 | F23: Q235B-HG | G23: A 碳素钢-碳素结构钢-A05 Q235B-HG | H23: 1519 | I23: =VLOOKUP(F23,[1]终点成分!$A$5:$C$1000,2,0) -> 0.075793852 | J23: =VLOOKUP(F23,[1]终点成分!$A$5:$C$1000,3,0) -> 0.13061844 | K23: 0 | L23: 0.8 | M23: 0.98 | N23: 0.98 | O23: 0.98 | P23: 0.7 | Q23: 0.96
A24: 20 | B24: A36 | C24: 01 | D24: 1.5 | E24: 12 | F24: A36-1 | G24: A 碳素钢-碳素结构钢-A09 A36 | H24: 1519 | I24: =VLOOKUP(F24,[1]终点成分!$A$5:$C$1000,2,0) -> 0.070300926 | J24: =VLOOKUP(F24,[1]终点成分!$A$5:$C$1000,3,0) -> 0.11168056 | K24: 0 | L24: 0.75 | M24: 0.98 | N24: 0.98 | O24: 0.98 | P24: 0.7 | Q24: 0.96
A25: 21 | B25: A36 | C25: 02 | D25: 12.01 | E25: 25 | F25: A36-2 | G25: A 碳素钢-碳素结构钢-A09 A36 | H25: 1519 | I25: =VLOOKUP(F25,[1]终点成分!$A$5:$C$1000,2,0) -> 0.068611111 | J25: =VLOOKUP(F25,[1]终点成分!$A$5:$C$1000,3,0) -> 0.11275 | K25: 0 | L25: 0.75 | M25: 0.98 | N25: 0.98 | O25: 0.98 | P25: 0.7 | Q25: 0.96
A26: 22 | B26: A36-DX | C26: 01 | D26: 1.5 | E26: 12 | F26: A36-DX1 | G26: A 碳素钢-碳素结构钢-A36 A36-DX | H26: 1519 | I26: =VLOOKUP(F26,[1]终点成分!$A$5:$C$1000,2,0) -> 0.07025 | J26: =VLOOKUP(F26,[1]终点成分!$A$5:$C$1000,3,0) -> 0.12091667 | K26: 0 | L26: 0 | M26: 0.98 | N26: 0.98 | O26: 0.98 | P26: 0.7 | Q26: 0.96
A27: 23 | B27: A36-DX | C27: 02 | D27: 12.01 | E27: 20 | F27: A36-DX2 | G27: A 碳素钢-碳素结构钢-A36 A36-DX | H27: 1519 | I27: =VLOOKUP(F27,[1]终点成分!$A$5:$C$1000,2,0) -> 0.079 | J27: =VLOOKUP(F27,[1]终点成分!$A$5:$C$1000,3,0) -> 0.1325 | K27: 0 | L27: 0 | M27: 0.98 | N27: 0.98 | O27: 0.98 | P27: 0.7 | Q27: 0.96
A28: 24 | B28: SS400 | C28: 01 | D28: 1.6 | E28: 12 | F28: SS400-1 | G28: A 碳素钢-碳素结构钢-A18 SS400 | H28: 1519 | I28: =VLOOKUP(F28,[1]终点成分!$A$5:$C$1000,2,0) -> 0.070962963 | J28: =VLOOKUP(F28,[1]终点成分!$A$5:$C$1000,3,0) -> 0.11677778 | K28: 0 | L28: 0.75 | M28: 0.98 | N28: 0.98 | O28: 0.98 | P28: 0.7 | Q28: 0.96
A29: 25 | B29: SS400 | C29: 02 | D29: 12.01 | E29: 25.4 | F29: SS400-2 | G29: A 碳素钢-碳素结构钢-A18 SS400 | H29: 1519 | I29: =VLOOKUP(F29,[1]终点成分!$A$5:$C$1000,2,0) -> 0.079833333 | J29: =VLOOKUP(F29,[1]终点成分!$A$5:$C$1000,3,0) -> 0.11583333 | K29: 0 | L29: 0.75 | M29: 0.98 | N29: 0.98 | O29: 0.98 | P29: 0.7 | Q29: 0.96
A30: 26 | B30: A36-HW | C30: 01 | D30: 1.5 | E30: 12 | F30: A36-1 | G30: A 碳素钢-碳素结构钢-A09 A36 | H30: 1519 | I30: =VLOOKUP(F30,[1]终点成分!$A$5:$C$1000,2,0) -> 0.070300926 | J30: =VLOOKUP(F30,[1]终点成分!$A$5:$C$1000,3,0) -> 0.11168056 | K30: 0 | L30: 0.75 | M30: 0.98 | N30: 0.98 | O30: 0.98 | P30: 0.7 | Q30: 0.96
A31: 27 | B31: Q235-HW | C31: 01 | D31: 1.5 | E31: 16 | F31: Q235-HW | G31: E 花纹板-花纹板类钢材-E01 Q235-HW | H31: 1519 | I31: =VLOOKUP(F31,[1]终点成分!$A$5:$C$1000,2,0) -> 0.07280137 | J31: =VLOOKUP(F31,[1]终点成分!$A$5:$C$1000,3,0) -> 0.12987329 | K31: 0 | L31: 0.55 | M31: 0.98 | N31: 0.98 | O31: 0.98 | P31: 0.7 | Q31: 0.96
A32: 28 | B32: Q355-HW | C32: 01 | D32: 3 | E32: 6 | F32: Q355-HW1 | G32: E 花纹板-花纹板类钢材-E04 Q355-HW | H32: 1518 | I32: 0.070817568 | J32: 0.12247703 | K32: 0 | L32: 0.75 | M32: 0.98 | N32: 0.98 | O32: 0.98 | P32: 0.7 | Q32: 0.96
A33: 29 | B33: Q355-HW | C33: 02 | D33: 6.01 | E33: 10 | F33: Q355-HW2 | G33: E 花纹板-花纹板类钢材-E04 Q355-HW | H33: 1517 | I33: 0.070817568 | J33: 0.12247703 | K33: 0 | L33: 0.75 | M33: 0.98 | N33: 0.98 | O33: 0.98 | P33: 0.7 | Q33: 0.96
A34: 30 | B34: SPHC | C34: 01 | D34: 1.6 | E34: 8 | F34: SPHC-ZT | G34: C 热轧低碳钢-冷轧基料-C01 SPHC | H34: 1531 | I34: 0.04 | J34: 0.09024 | K34: 0 | L34: 0 | M34: 0.98 | N34: 0.98 | O34: 0.98 | P34: 0.7 | Q34: 0.96
A35: 31 | B35: SPHC | C35: 02 | D35: 8.01 | E35: 16 | F35: SPHC-SX | G35: C 热轧低碳钢-冷轧基料-C01 SPHC | H35: 1531 | I35: 0.04 | J35: =VLOOKUP(F35,[1]终点成分!$A$5:$C$1000,3,0) -> 0.09024 | K35: 0 | L35: 0 | M35: 0.98 | N35: 0.98 | O35: 0.98 | P35: 0.7 | Q35: 0.96
A36: 32 | B36: SPHC | C36: 01 | D36: 8.01 | E36: 16 | F36: SPHC-SX | G36: C 热轧低碳钢-冷轧基料-C01 SPHC | H36: 1531 | I36: 0.04 | J36: =VLOOKUP(F36,[1]终点成分!$A$5:$C$1000,3,0) -> 0.09024 | K36: 0 | L36: 0 | M36: 0.98 | N36: 0.98 | O36: 0.98 | P36: 0.7 | Q36: 0.96
A37: 33 | B37: SPHC-M | C37: 01 | D37: 2.5 | E37: 5 | F37: SPHC-M | G37: C 热轧低碳钢-冷轧基料-C02 SPHC-M | H37: 1531 | I37: 0.04 | J37: =VLOOKUP(F37,[1]终点成分!$A$5:$C$1000,3,0) -> 0.09024 | K37: 0 | L37: 0 | M37: 0.98 | N37: 0.98 | O37: 0.98 | P37: 0.7 | Q37: 0.96
A38: 34 | B38: SPHC-M(B) | C38: 01 | D38: 2.5 | E38: 6 | F38: SPHC-M(B) | G38: C 热轧低碳钢-冷轧基料-C05 SPHC-M(B) | H38: 1531 | I38: 0.04 | J38: =VLOOKUP(F38,[1]终点成分!$A$5:$C$1000,3,0) -> 0.10625 | K38: 0 | L38: 0 | M38: 0.98 | N38: 0.98 | O38: 0.98 | P38: 0.7 | Q38: 0.96
A39: 35 | B39: MRT2.5 | C39: 01 | D39: 2.5 | E39: 6 | F39: MRT2.5 | G39: C 热轧低碳钢-冷轧基料-C03 MRT2.5 | H39: 1529 | I39: 0.04 | J39: =VLOOKUP(F39,[1]终点成分!$A$5:$C$1000,3,0) -> 0.11299078 | K39: 0 | L39: 0 | M39: 0.98 | N39: 0.98 | O39: 0.98 | P39: 0.7 | Q39: 0.96
A40: 36 | B40: YFMRT2.5 | C40: 01 | D40: 2.5 | E40: 6 | F40: YFMRT2.5 | G40: C 热轧低碳钢-冷轧基料-C07 YFMRT2.5 | H40: 1529 | I40: 0.04 | J40: =VLOOKUP(F40,[1]终点成分!$A$5:$C$1000,3,0) -> 0.0985 | K40: 0 | L40: 0 | M40: 0.98 | N40: 0.98 | O40: 0.98 | P40: 0.7 | Q40: 0.96
A41: 37 | B41: YLMRT3 | C41: 01 | D41: 2.5 | E41: 3.5 | F41: YLMRT3 | G41: C 热轧低碳钢-冷轧基料-C04 YLMRT3 | H41: 1528 | I41: 0.04 | J41: 0.0985 | K41: 0 | L41: 0 | M41: 0.98 | N41: 0.98 | O41: 0.98 | P41: 0.7 | Q41: 0.96
A42: 38 | B42: Q355B | C42: 02 | D42: 0.1 | E42: 5.99 | F42: Q355B-1 | G42: B 结构钢-低合金高强结构钢-B01 Q355B | H42: 1518 | I42: =VLOOKUP(F42,[1]终点成分!$A$5:$C$1000,2,0) -> 0.070817568 | J42: =VLOOKUP(F42,[1]终点成分!$A$5:$C$1000,3,0) -> 0.12247703 | K42: 0 | L42: 0.8 | M42: 0.98 | N42: 0.98 | O42: 0.98 | P42: 0.7 | Q42: 0.96
A43: 39 | B43: Q355B | C43: 01 | D43: 6 | E43: 15.99 | F43: Q355B-2 | G43: B 结构钢-低合金高强结构钢-B01 Q355B | H43: 1517 | I43: =VLOOKUP(F43,[1]终点成分!$A$5:$C$1000,2,0) -> 0.074004318 | J43: =VLOOKUP(F43,[1]终点成分!$A$5:$C$1000,3,0) -> 0.12120389 | K43: 0 | L43: 0.8 | M43: 0.98 | N43: 0.98 | O43: 0.98 | P43: 0.7 | Q43: 0.96
A44: 40 | B44: Q355B | C44: 03 | D44: 16 | E44: 28 | F44: Q355B-3B | G44: B 低合金钢-低合金高强结构钢-B01 Q355B | H44: 1514 | I44: =VLOOKUP(F44,[1]终点成分!$A$5:$C$1000,2,0) -> 0.074124444 | J44: =VLOOKUP(F44,[1]终点成分!$A$5:$C$1000,3,0) -> 0.11395111 | K44: 0 | L44: 0.8 | M44: 0.98 | N44: 0.98 | O44: 0.98 | P44: 0.7 | Q44: 0.96
A45: 41 | B45: Q355C | C45: 01 | D45: 2 | E45: 12 | F45: Q355C-1 | G45: B 低合金钢-低合金高强结构钢-B03 Q355C | H45: 1517 | I45: =VLOOKUP(F45,[1]终点成分!$A$5:$C$1000,2,0) -> 0.071 | J45: =VLOOKUP(F45,[1]终点成分!$A$5:$C$1000,3,0) -> 0.112 | K45: 0 | L45: 0.8 | M45: 0.98 | N45: 0.98 | O45: 0.98 | P45: 0.7 | Q45: 0.96
A46: 42 | B46: Q355C | C46: 02 | D46: 12.01 | E46: 19 | F46: Q355C-2 | G46: B 低合金钢-低合金高强结构钢-B03 Q355C | H46: 1517 | I46: =VLOOKUP(F46,[1]终点成分!$A$5:$C$1000,2,0) -> 0.062065217 | J46: =VLOOKUP(F46,[1]终点成分!$A$5:$C$1000,3,0) -> 0.11317391 | K46: 0 | L46: 0.8 | M46: 0.98 | N46: 0.98 | O46: 0.98 | P46: 0.7 | Q46: 0.96
A47: 43 | B47: Q355C | C47: 03 | D47: 19.01 | E47: 29 | F47: Q355C-3 | G47: B 低合金钢-低合金高强结构钢-B03 Q355C | H47: 1517 | I47: =VLOOKUP(F47,[1]终点成分!$A$5:$C$1000,2,0) -> 0.067671053 | J47: =VLOOKUP(F47,[1]终点成分!$A$5:$C$1000,3,0) -> 0.10917105 | K47: 0 | L47: 0.8 | M47: 0.98 | N47: 0.98 | O47: 0.98 | P47: 0.7 | Q47: 0.96
A48: 44 | B48: Q355D | C48: 01 | D48: 2 | E48: 12 | F48: Q355D-1 | G48: B 低合金钢-低合金高强结构钢-B04 Q355D | H48: 1517 | I48: =VLOOKUP(F48,[1]终点成分!$A$5:$C$1000,2,0) -> 0.070258621 | J48: =VLOOKUP(F48,[1]终点成分!$A$5:$C$1000,3,0) -> 0.11615517 | K48: 0 | L48: 0.8 | M48: 0.98 | N48: 0.98 | O48: 0.98 | P48: 0.7 | Q48: 0.96
A49: 45 | B49: Q355D | C49: 02 | D49: 12.01 | E49: 19 | F49: Q355D-2 | G49: B 低合金钢-低合金高强结构钢-B04 Q355D | H49: 1521 | I49: =VLOOKUP(F49,[1]终点成分!$A$5:$C$1000,2,0) -> 0.056923077 | J49: =VLOOKUP(F49,[1]终点成分!$A$5:$C$1000,3,0) -> 0.099230769 | K49: 0 | L49: 0.8 | M49: 0.98 | N49: 0.98 | O49: 0.98 | P49: 0.7 | Q49: 0.96
A50: 46 | B50: Q355D | C50: 03 | D50: 19.01 | E50: 29 | F50: Q355D-3 | G50: B 低合金钢-低合金高强结构钢-B04 Q355D | H50: 1521 | I50: =VLOOKUP(F50,[1]终点成分!$A$5:$C$1000,2,0) -> 0.067 | J50: =VLOOKUP(F50,[1]终点成分!$A$5:$C$1000,3,0) -> 0.1105 | K50: 0 | L50: 0.8 | M50: 0.98 | N50: 0.98 | O50: 0.98 | P50: 0.7 | Q50: 0.96
A51: 47 | B51: Q355B-T | C51: 01 | D51: 2 | E51: 7.55 | F51: Q355B-T1 | G51: B 低合金钢-低合金高强结构钢-B17 Q355B-T | H51: 1514 | I51: =VLOOKUP(F51,[1]终点成分!$A$5:$C$1000,2,0) -> 0.062857143 | J51: =VLOOKUP(F51,[1]终点成分!$A$5:$C$1000,3,0) -> 0.11428571 | K51: 0 | L51: 0.8 | M51: 0.98 | N51: 0.98 | O51: 0.98 | P51: 0.7 | Q51: 0.96
A52: 48 | B52: Q355B-T | C52: 02 | D52: 7.56 | E52: 16 | F52: Q355B-T2 | G52: B 低合金钢-低合金高强结构钢-B17 Q355B-T | H52: 1514 | I52: =VLOOKUP(F52,[1]终点成分!$A$5:$C$1000,2,0) -> 0.068264706 | J52: =VLOOKUP(F52,[1]终点成分!$A$5:$C$1000,3,0) -> 0.12085294 | K52: 0 | L52: 0.8 | M52: 0.98 | N52: 0.98 | O52: 0.98 | P52: 0.7 | Q52: 0.96
A53: 49 | B53: Q355B-T | C53: 03 | D53: 16.01 | E53: 28 | F53: Q355B-T3 | G53: B 低合金钢-低合金高强结构钢-B17 Q355B-T | H53: 1514 | I53: =VLOOKUP(F53,[1]终点成分!$A$5:$C$1000,2,0) -> 0.0758 | J53: =VLOOKUP(F53,[1]终点成分!$A$5:$C$1000,3,0) -> 0.1214 | K53: 0 | L53: 0.8 | M53: 0.98 | N53: 0.98 | O53: 0.98 | P53: 0.7 | Q53: 0.96
A54: 50 | B54: Q355ME | C54: 02 | D54: 2 | E54: 5 | F54: Q355ME-1 | G54: B 低合金钢-低合金高强结构钢-B26 Q355ME | H54: 1522 | I54: 0.042733333 | J54: 0.10206667 | K54: 0 | L54: 0.8 | M54: 0.98 | N54: 0.98 | O54: 0.98 | P54: 0.7 | Q54: 0.96
A55: 51 | B55: Q355ME | C55: 01 | D55: 5.01 | E55: 12 | F55: Q355ME-2 | G55: B 低合金钢-低合金高强结构钢-B26 Q355ME | H55: 1522 | I55: 0.042733333 | J55: 0.10206667 | K55: 0 | L55: 0.8 | M55: 0.98 | N55: 0.98 | O55: 0.98 | P55: 0.7 | Q55: 0.96
A56: 52 | B56: Q355ME | C56: 03 | D56: 12.01 | E56: 25.4 | F56: Q355ME-3 | G56: B 低合金钢-低合金高强结构钢-B26 Q355ME | H56: 1522 | I56: =VLOOKUP(F56,[1]终点成分!$A$5:$C$1000,2,0) -> 0.042733333 | J56: =VLOOKUP(F56,[1]终点成分!$A$5:$C$1000,3,0) -> 0.10206667 | K56: 0 | L56: 0.8 | M56: 0.98 | N56: 0.98 | O56: 0.98 | P56: 0.7 | Q56: 0.96
A57: 53 | B57: Q355B-S | C57: 01 | D57: 1.8 | E57: 5.99 | F57: Q355B-S | G57: B 低合金钢-低合金高强结构钢-B24 Q355B-S | H57: 1525 | I57: =VLOOKUP(F57,[1]终点成分!$A$5:$C$1000,2,0) -> 0.044 | J57: =VLOOKUP(F57,[1]终点成分!$A$5:$C$1000,3,0) -> 0.10533333 | K57: 0 | L57: 0.8 | M57: 0.98 | N57: 0.98 | O57: 0.98 | P57: 0.7 | Q57: 0.96
A58: 54 | B58: Q355B-SS | C58: 02 | D58: 0.1 | E58: 5.99 | F58: Q355B-1 | G58: B 结构钢-低合金高强结构钢-B01 Q355B | H58: 1518 | I58: =VLOOKUP(F58,[1]终点成分!$A$5:$C$1000,2,0) -> 0.070817568 | J58: =VLOOKUP(F58,[1]终点成分!$A$5:$C$1000,3,0) -> 0.12247703 | K58: 0 | L58: 0.8 | M58: 0.98 | N58: 0.98 | O58: 0.98 | P58: 0.7 | Q58: 0.96
A59: 55 | B59: Q355B-SS | C59: 01 | D59: 6 | E59: 15.99 | F59: Q355B-2 | G59: B 结构钢-低合金高强结构钢-B01 Q355B | H59: 1517 | I59: =VLOOKUP(F59,[1]终点成分!$A$5:$C$1000,2,0) -> 0.074004318 | J59: =VLOOKUP(F59,[1]终点成分!$A$5:$C$1000,3,0) -> 0.12120389 | K59: 0 | L59: 0.8 | M59: 0.98 | N59: 0.98 | O59: 0.98 | P59: 0.7 | Q59: 0.96
A60: 56 | B60: Q355B-SS | C60: 03 | D60: 16 | E60: 28 | F60: Q355B-3B | G60: B 低合金钢-低合金高强结构钢-B01 Q355B | H60: 1514 | I60: =VLOOKUP(F60,[1]终点成分!$A$5:$C$1000,2,0) -> 0.074124444 | J60: =VLOOKUP(F60,[1]终点成分!$A$5:$C$1000,3,0) -> 0.11395111 | K60: 0 | L60: 0.8 | M60: 0.98 | N60: 0.98 | O60: 0.98 | P60: 0.7 | Q60: 0.96
A61: 57 | B61: Q355B-SD | C61: 01 | D61: 1.5 | E61: 5.99 | F61: Q355B-SD1 | G61: B 低合金钢-低合金高强结构钢-B46 Q355B-SD | H61: 1517 | I61: 0.064666667 | J61: 0.094666667 | K61: 0 | L61: 0.8 | M61: 0.98 | N61: 0.98 | O61: 0.98 | P61: 0.7 | Q61: 0.96
A62: 58 | B62: Q355B-SD | C62: 02 | D62: 6 | E62: 15.99 | F62: Q355B-SD2 | G62: B 低合金钢-低合金高强结构钢-B46 Q355B-SD | H62: 1517 | I62: =VLOOKUP(F62,[1]终点成分!$A$5:$C$1000,2,0) -> 0.064666667 | J62: =VLOOKUP(F62,[1]终点成分!$A$5:$C$1000,3,0) -> 0.094666667 | K62: 0 | L62: 0.8 | M62: 0.98 | N62: 0.98 | O62: 0.98 | P62: 0.7 | Q62: 0.96
A63: 59 | B63: Q355B-SD | C63: 03 | D63: 16 | E63: 28 | F63: Q355B-SD3 | G63: B 低合金钢-低合金高强结构钢-B46 Q355B-SD | H63: 1514 | I63: 0.064666667 | J63: 0.094666667 | K63: 0 | L63: 0.8 | M63: 0.98 | N63: 0.98 | O63: 0.98 | P63: 0.7 | Q63: 0.96
A64: 60 | B64: Q355B-DX | C64: 01 | D64: 1.5 | E64: 8 | F64: Q355B-DX1 | G64: B 低合金钢-低合金高强结构钢-B20 Q355B-DX | H64: 1518 | I64: =VLOOKUP(F64,[1]终点成分!$A$5:$C$1000,2,0) -> 0.0551 | J64: =VLOOKUP(F64,[1]终点成分!$A$5:$C$1000,3,0) -> 0.0817 | K64: 0 | L64: 0 | M64: 0.98 | N64: 0.98 | O64: 0.98 | P64: 0.7 | Q64: 0.96
A65: 61 | B65: Q355B-ZW | C65: 01 | D65: 12 | E65: 19 | F65: Q355B-ZW3 | G65: B 低合金钢-低合金高强结构钢-B19 Q355B-ZW | H65: 1516 | I65: 0.0551 | J65: 0.0817 | K65: 0 | L65: 0.8 | M65: 0.98 | N65: 0.98 | O65: 0.98 | P65: 0.7 | Q65: 0.96
A66: 62 | B66: Q355B-ZW | C66: 02 | D66: 19.01 | E66: 28 | F66: Q355B-ZW4 | G66: B 低合金钢-低合金高强结构钢-B19 Q355B-ZW | H66: 1516 | I66: 0.0551 | J66: 0.0817 | K66: 0 | L66: 0.8 | M66: 0.98 | N66: 0.98 | O66: 0.98 | P66: 0.7 | Q66: 0.96
A67: 63 | B67: Q355B-HL1 | C67: 03 | D67: 0.1 | E67: 6 | F67: Q355B-1 | G67: B 结构钢-低合金高强结构钢-B01 Q355B | H67: 1518 | I67: =VLOOKUP(F67,[1]终点成分!$A$5:$C$1000,2,0) -> 0.070817568 | J67: =VLOOKUP(F67,[1]终点成分!$A$5:$C$1000,3,0) -> 0.12247703 | K67: 0 | L67: 0.8 | M67: 0.98 | N67: 0.98 | O67: 0.98 | P67: 0.7 | Q67: 0.96
A68: 64 | B68: Q355B-HL1 | C68: 01 | D68: 6.01 | E68: 16.44 | F68: Q355B-2 | G68: B 结构钢-低合金高强结构钢-B01 Q355B | H68: 1517 | I68: =VLOOKUP(F68,[1]终点成分!$A$5:$C$1000,2,0) -> 0.074004318 | J68: =VLOOKUP(F68,[1]终点成分!$A$5:$C$1000,3,0) -> 0.12120389 | K68: 0 | L68: 0.8 | M68: 0.98 | N68: 0.98 | O68: 0.98 | P68: 0.7 | Q68: 0.96
A69: 65 | B69: Q355B-HL1 | C69: 02 | D69: 16.45 | E69: 30 | F69: Q355B-3A | G69: B 低合金钢-低合金高强结构钢-B01 Q355B | H69: 1515 | I69: =VLOOKUP(F69,[1]终点成分!$A$5:$C$1000,2,0) -> 0.072048951 | J69: =VLOOKUP(F69,[1]终点成分!$A$5:$C$1000,3,0) -> 0.12274592 | K69: 0 | L69: 0.8 | M69: 0.98 | N69: 0.98 | O69: 0.98 | P69: 0.7 | Q69: 0.96
A70: 66 | B70: Q355B-HL2 | C70: 01 | D70: 0.1 | E70: 6 | F70: Q355B-1 | G70: B 结构钢-低合金高强结构钢-B01 Q355B | H70: 1518 | I70: =VLOOKUP(F70,[1]终点成分!$A$5:$C$1000,2,0) -> 0.070817568 | J70: =VLOOKUP(F70,[1]终点成分!$A$5:$C$1000,3,0) -> 0.12247703 | K70: 0 | L70: 0.8 | M70: 0.98 | N70: 0.98 | O70: 0.98 | P70: 0.7 | Q70: 0.96
A71: 67 | B71: Q355B-HL2 | C71: 02 | D71: 6.01 | E71: 16.29 | F71: Q355B-2 | G71: B 结构钢-低合金高强结构钢-B01 Q355B | H71: 1517 | I71: =VLOOKUP(F71,[1]终点成分!$A$5:$C$1000,2,0) -> 0.074004318 | J71: =VLOOKUP(F71,[1]终点成分!$A$5:$C$1000,3,0) -> 0.12120389 | K71: 0 | L71: 0.8 | M71: 0.98 | N71: 0.98 | O71: 0.98 | P71: 0.7 | Q71: 0.96
A72: 68 | B72: Q355B-HL2 | C72: 03 | D72: 16.3 | E72: 30 | F72: Q355B-3A | G72: B 低合金钢-低合金高强结构钢-B01 Q355B | H72: 1515 | I72: =VLOOKUP(F72,[1]终点成分!$A$5:$C$1000,2,0) -> 0.072048951 | J72: =VLOOKUP(F72,[1]终点成分!$A$5:$C$1000,3,0) -> 0.12274592 | K72: 0 | L72: 0.8 | M72: 0.98 | N72: 0.98 | O72: 0.98 | P72: 0.7 | Q72: 0.96
A73: 69 | B73: Q355B-HL3 | C73: 03 | D73: 0.1 | E73: 6 | F73: Q355B-1 | G73: B 结构钢-低合金高强结构钢-B01 Q355B | H73: 1518 | I73: =VLOOKUP(F73,[1]终点成分!$A$5:$C$1000,2,0) -> 0.070817568 | J73: =VLOOKUP(F73,[1]终点成分!$A$5:$C$1000,3,0) -> 0.12247703 | K73: 0 | L73: 0.8 | M73: 0.98 | N73: 0.98 | O73: 0.98 | P73: 0.7 | Q73: 0.96
A74: 70 | B74: Q355B-HL3 | C74: 02 | D74: 6.01 | E74: 16.24 | F74: Q355B-2 | G74: B 结构钢-低合金高强结构钢-B01 Q355B | H74: 1517 | I74: =VLOOKUP(F74,[1]终点成分!$A$5:$C$1000,2,0) -> 0.074004318 | J74: =VLOOKUP(F74,[1]终点成分!$A$5:$C$1000,3,0) -> 0.12120389 | K74: 0 | L74: 0.8 | M74: 0.98 | N74: 0.98 | O74: 0.98 | P74: 0.7 | Q74: 0.96
A75: 71 | B75: Q355B-HL3 | C75: 01 | D75: 16.25 | E75: 30 | F75: Q355B-3A | G75: B 低合金钢-低合金高强结构钢-B01 Q355B | H75: 1515 | I75: =VLOOKUP(F75,[1]终点成分!$A$5:$C$1000,2,0) -> 0.072048951 | J75: =VLOOKUP(F75,[1]终点成分!$A$5:$C$1000,3,0) -> 0.12274592 | K75: 0 | L75: 0.8 | M75: 0.98 | N75: 0.98 | O75: 0.98 | P75: 0.7 | Q75: 0.96
A76: 72 | B76: Q355B-HL4 | C76: 01 | D76: 0.1 | E76: 6 | F76: Q355B-1 | G76: B 结构钢-低合金高强结构钢-B01 Q355B | H76: 1518 | I76: =VLOOKUP(F76,[1]终点成分!$A$5:$C$1000,2,0) -> 0.070817568 | J76: =VLOOKUP(F76,[1]终点成分!$A$5:$C$1000,3,0) -> 0.12247703 | K76: 0 | L76: 0.8 | M76: 0.98 | N76: 0.98 | O76: 0.98 | P76: 0.7 | Q76: 0.96
A77: 73 | B77: Q355B-HL4 | C77: 03 | D77: 6.01 | E77: 15.99 | F77: Q355B-2 | G77: B 结构钢-低合金高强结构钢-B01 Q355B | H77: 1517 | I77: =VLOOKUP(F77,[1]终点成分!$A$5:$C$1000,2,0) -> 0.074004318 | J77: =VLOOKUP(F77,[1]终点成分!$A$5:$C$1000,3,0) -> 0.12120389 | K77: 0 | L77: 0.8 | M77: 0.98 | N77: 0.98 | O77: 0.98 | P77: 0.7 | Q77: 0.96
A78: 74 | B78: Q355B-HL4 | C78: 02 | D78: 16 | E78: 30 | F78: Q355B-3A | G78: B 低合金钢-低合金高强结构钢-B01 Q355B | H78: 1515 | I78: =VLOOKUP(F78,[1]终点成分!$A$5:$C$1000,2,0) -> 0.072048951 | J78: =VLOOKUP(F78,[1]终点成分!$A$5:$C$1000,3,0) -> 0.12274592 | K78: 0 | L78: 0.8 | M78: 0.98 | N78: 0.98 | O78: 0.98 | P78: 0.7 | Q78: 0.96
... A101: 97 | B101: Q420ME | C101: 01 | D101: 3 | E101: 10.49 | F101: Q420ME-1 | G101: B 低合金钢-低合金高强结构钢-B44 Q420ME | H101: 1516 | I101: =VLOOKUP(F101,[1]终点成分!$A$5:$C$1000,2,0) -> 0.065 | J101: =VLOOKUP(F101,[1]终点成分!$A$5:$C$1000,3,0) -> 0.093 | K101: 0 | L101: 0.8 | M101: 0.98 | N101: 0.98 | O101: 0.98 | P101: 0.7 | Q101: 0.96
A102: 98 | B102: Q420ME | C102: 02 | D102: 10.5 | E102: 20 | F102: Q420ME-2 | G102: B 低合金钢-低合金高强结构钢-B44 Q420ME | H102: 1516 | I102: 0.065 | J102: 0.093 | K102: 0 | L102: 0.8 | M102: 0.98 | N102: 0.98 | O102: 0.98 | P102: 0.7 | Q102: 0.96
A103: 99 | B103: Q460C | C103: 01 | D103: 3 | E103: 10.3 | F103: Q460C-1 | G103: B 低合金钢-低合金高强结构钢-B22 Q460C | H103: 1520 | I103: 0.051 | J103: 0.10333333 | K103: 0 | L103: 0.8 | M103: 0.98 | N103: 0.98 | O103: 0.98 | P103: 0.7 | Q103: 0.96
A104: 100 | B104: Q460C | C104: 02 | D104: 10.31 | E104: 16.5 | F104: Q460C-2 | G104: B 低合金钢-低合金高强结构钢-B22 Q460C | H104: 1520 | I104: =VLOOKUP(F104,[1]终点成分!$A$5:$C$1000,2,0) -> 0.051 | J104: =VLOOKUP(F104,[1]终点成分!$A$5:$C$1000,3,0) -> 0.10333333 | K104: 0 | L104: 0.8 | M104: 0.98 | N104: 0.98 | O104: 0.98 | P104: 0.7 | Q104: 0.96
A105: 101 | B105: Q460MC | C105: 01 | D105: 1.5 | E105: 10.3 | F105: Q460MC-1 | G105: B 低合金钢-低合金高强结构钢-B06 Q460MC | H105: 1520 | I105: 0.051 | J105: 0.10333333 | K105: 0 | L105: 0.8 | M105: 0.98 | N105: 0.98 | O105: 0.98 | P105: 0.7 | Q105: 0.96
A106: 102 | B106: Q460MC | C106: 02 | D106: 10.31 | E106: 16.5 | F106: Q460MC-2 | G106: B 低合金钢-低合金高强结构钢-B06 Q460MC | H106: 1520 | I106: 0.051 | J106: 0.10333333 | K106: 0 | L106: 0.8 | M106: 0.98 | N106: 0.98 | O106: 0.98 | P106: 0.7 | Q106: 0.96
A107: 103 | B107: Q460MC(YZ) | C107: 01 | D107: 16.01 | E107: 25.4 | F107: Q460MC(YZ)-2 | G107: B 低合金钢-低合金高强结构钢-B56 Q460MC(YZ) | K107: 0 | L107: 0.8 | M107: 0.98 | N107: 0.98 | O107: 0.98 | P107: 0.7 | Q107: 0.96
A108: 104 | B108: Q460MD | C108: 01 | D108: 3 | E108: 10.3 | F108: Q460MD-1 | G108: B 低合金钢-低合金高强结构钢-B07 Q460MD | H108: 1520 | I108: 0.051 | J108: 0.10333333 | K108: 0 | L108: 0.8 | M108: 0.98 | N108: 0.98 | O108: 0.98 | P108: 0.7 | Q108: 0.96
A109: 105 | B109: Q460MD | C109: 02 | D109: 10.31 | E109: 16.5 | F109: Q460MD-2 | G109: B 低合金钢-低合金高强结构钢-B07 Q460MD | H109: 1520 | I109: 0.051 | J109: 0.10333333 | K109: 0 | L109: 0.8 | M109: 0.98 | N109: 0.98 | O109: 0.98 | P109: 0.7 | Q109: 0.96
A110: 106 | B110: Q500MC | C110: 01 | D110: 3 | E110: 10.3 | F110: Q500MC-1 | G110: B 低合金钢-低合金高强结构钢-B49 Q500MC | H110: 1521 | I110: 0.035 | J110: 0.0905 | K110: 0 | L110: 0.8 | M110: 0.98 | N110: 0.98 | O110: 0.98 | P110: 0.7 | Q110: 0.96
A111: 107 | B111: Q500MC | C111: 02 | D111: 10.31 | E111: 16.5 | F111: Q500MC-2 | G111: B 低合金钢-低合金高强结构钢-B49 Q500MC | H111: 1521 | I111: =VLOOKUP(F111,[1]终点成分!$A$5:$C$1000,2,0) -> 0.035 | J111: =VLOOKUP(F111,[1]终点成分!$A$5:$C$1000,3,0) -> 0.0905 | K111: 0 | L111: 0.8 | M111: 0.98 | N111: 0.98 | O111: 0.98 | P111: 0.7 | Q111: 0.96
A112: 108 | B112: Q500MD | C112: 01 | D112: 3 | E112: 10.3 | F112: Q500MD-1 | G112: B 低合金钢-低合金高强结构钢-B50 Q500MD | H112: 1521 | I112: 0.035 | J112: 0.0905 | K112: 0 | L112: 0.8 | M112: 0.98 | N112: 0.98 | O112: 0.98 | P112: 0.7 | Q112: 0.96
A113: 109 | B113: Q500MD | C113: 02 | D113: 10.31 | E113: 16.5 | F113: Q500MD-2 | G113: B 低合金钢-低合金高强结构钢-B50 Q500MD | H113: 1521 | I113: 0.035 | J113: 0.0905 | K113: 0 | L113: 0.8 | M113: 0.98 | N113: 0.98 | O113: 0.98 | P113: 0.7 | Q113: 0.96
A114: 110 | B114: Q550MD | C114: 01 | D114: 3 | E114: 12 | F114: Q550MD | G114: B 低合金钢-低合金高强结构钢-B38 Q550MD | H114: 1520 | I114: 0.035 | J114: 0.0905 | K114: 0 | L114: 0.8 | M114: 0.98 | N114: 0.98 | O114: 0.98 | P114: 0.7 | Q114: 0.96
A115: 111 | B115: Q390GJB | C115: 01 | D115: 3 | E115: 10 | F115: Q390GJB-1 | G115: B 低合金钢-低合金高强结构钢-B40 Q390GJB | H115: 1514 | I115: =VLOOKUP(F115,[1]终点成分!$A$5:$C$1000,2,0) -> 0.055 | J115: =VLOOKUP(F115,[1]终点成分!$A$5:$C$1000,3,0) -> 0.1055 | K115: 0 | L115: 0.8 | M115: 0.98 | N115: 0.98 | O115: 0.98 | P115: 0.7 | Q115: 0.96
A116: 112 | B116: Q390GJB | C116: 02 | D116: 10.01 | E116: 25.4 | F116: Q390GJB-2 | G116: B 低合金钢-低合金高强结构钢-B40 Q390GJB | H116: 1514 | I116: =VLOOKUP(F116,[1]终点成分!$A$5:$C$1000,2,0) -> 0.055457143 | J116: =VLOOKUP(F116,[1]终点成分!$A$5:$C$1000,3,0) -> 0.10005714 | K116: 0 | L116: 0.8 | M116: 0.98 | N116: 0.98 | O116: 0.98 | P116: 0.7 | Q116: 0.96
A117: 113 | B117: A572Gr50 | C117: 02 | D117: 2 | E117: 9.99 | F117: A572Gr50-1 | G117: B 低合金钢-低合金高强结构钢-B25 A572Gr50 | H117: 1517 | I117: =VLOOKUP(F117,[1]终点成分!$A$5:$C$1000,2,0) -> 0.07221978 | J117: =VLOOKUP(F117,[1]终点成分!$A$5:$C$1000,3,0) -> 0.11582418 | K117: 0 | L117: 0.8 | M117: 0.98 | N117: 0.98 | O117: 0.98 | P117: 0.7 | Q117: 0.96
A118: 114 | B118: A572Gr50 | C118: 01 | D118: 10 | E118: 15.99 | F118: A572Gr50-2 | G118: B 低合金钢-低合金高强结构钢-B25 A572Gr50 | H118: 1516 | I118: =VLOOKUP(F118,[1]终点成分!$A$5:$C$1000,2,0) -> 0.068746269 | J118: =VLOOKUP(F118,[1]终点成分!$A$5:$C$1000,3,0) -> 0.11704478 | K118: 0 | L118: 0.8 | M118: 0.98 | N118: 0.98 | O118: 0.98 | P118: 0.7 | Q118: 0.96
A119: 115 | B119: A572Gr50 | C119: 03 | D119: 16 | E119: 28 | F119: A572Gr50-3 | G119: B 低合金钢-低合金高强结构钢-B25 A572Gr50 | H119: 1515 | I119: =VLOOKUP(F119,[1]终点成分!$A$5:$C$1000,2,0) -> 0.076913043 | J119: =VLOOKUP(F119,[1]终点成分!$A$5:$C$1000,3,0) -> 0.12882609 | K119: 0 | L119: 0.8 | M119: 0.98 | N119: 0.98 | O119: 0.98 | P119: 0.7 | Q119: 0.96
A120: 116 | B120: A572Gr50-DX | C120: 02 | D120: 2 | E120: 9.99 | F120: A572Gr50-DX1 | G120: B 低合金钢-低合金高强结构钢-B55 A572Gr50-DX | H120: 1517 | I120: =VLOOKUP(F120,[1]终点成分!$A$5:$C$1000,2,0) -> 0.069333333 | J120: =VLOOKUP(F120,[1]终点成分!$A$5:$C$1000,3,0) -> 0.10666667 | K120: 0 | L120: 0 | M120: 0.98 | N120: 0.98 | O120: 0.98 | P120: 0.7 | Q120: 0.96
A121: 117 | B121: A572Gr50-DX | C121: 01 | D121: 10 | E121: 15.99 | F121: A572Gr50-DX2 | G121: B 低合金钢-低合金高强结构钢-B55 A572Gr50-DX | H121: 1516 | I121: 0.069333333 | J121: 0.10666667 | K121: 0 | L121: 0 | M121: 0.98 | N121: 0.98 | O121: 0.98 | P121: 0.7 | Q121: 0.96
A122: 118 | B122: A572Gr50-DX | C122: 03 | D122: 16 | E122: 28 | F122: A572Gr50-DX3 | G122: B 低合金钢-低合金高强结构钢-B55 A572Gr50-DX | H122: 1515 | I122: 0.069333333 | J122: 0.10666667 | K122: 0 | L122: 0 | M122: 0.98 | N122: 0.98 | O122: 0.98 | P122: 0.7 | Q122: 0.96
A123: 119 | B123: A572GR60 | C123: 01 | D123: 2 | E123: 9.99 | F123: A572GR60-1 | G123: B 低合金钢-低合金高强结构钢-B54 A572GR60 | H123: 1515 | I123: 0.069333333 | J123: 0.10666667 | K123: 0 | L123: 0.8 | M123: 0.98 | N123: 0.98 | O123: 0.98 | P123: 0.7 | Q123: 0.96
A124: 120 | B124: A572GR60 | C124: 02 | D124: 10 | E124: 15.99 | F124: A572GR60-2 | G124: B 低合金钢-低合金高强结构钢-B54 A572GR60 | H124: 1515 | I124: =VLOOKUP(F124,[1]终点成分!$A$5:$C$1000,2,0) -> 0.042 | J124: =VLOOKUP(F124,[1]终点成分!$A$5:$C$1000,3,0) -> 0.107 | K124: 0 | L124: 0.8 | M124: 0.98 | N124: 0.98 | O124: 0.98 | P124: 0.7 | Q124: 0.96
A125: 121 | B125: A572GR60 | C125: 03 | D125: 16 | E125: 28 | F125: A572GR60-3 | G125: B 低合金钢-低合金高强结构钢-B54 A572GR60 | H125: 1515 | I125: 0.042 | J125: 0.107 | K125: 0 | L125: 0.8 | M125: 0.98 | N125: 0.98 | O125: 0.98 | P125: 0.7 | Q125: 0.96
...

Sheet 合金品位
A1: 项目 | B1: 价格 | C1: 单耗 | D1: C | E1: Si | F1: Mn | G1: Cr | H1: 备注
A2: 目标成分 | D2: 0.08 | E2: 0.2 | F2: 1.2 | G2: 0.4
A3: 残余元素
A4: 回收率 | D4: 0.9 | E4: 0.75 | F4: 0.98 | G4: 0.95
A5: 硅锰 | D5: 1.72 | E5: 17.69 | F5: 65.66 | H5: 合金成分含量
A6: 高碳锰铁 | D6: 6.69 | F6: 74.6
A7: 中碳锰铁 | D7: 1.5 | F7: 78.54
A8: 低碳锰铁 | D8: 0.64 | F8: 81.19
A9: 硅铁 | D9: 0.2 | E9: 72.23
A10: 高碳铬铁 | D10: 10 | G10: 52
A11: 低碳铬铁 | D11: 0.12 | G11: 59.44
A12: 最优合金成本

Sheet 合金价格
D1: 含税到厂价格（元/吨)
A2: 元素名称 | B2: 物料名称 | C2: 物料价格/元 | D2: 11.27 | E2: 12.11 | F2: 12.18 | G2: 12.25 | H2: 1.8 | I2: 1.15 | J2: 1.22 | K2: 1.29 | L2: 2.5 | M2: 2.12 | N2: 2.19 | O2: 2.26 | P2: 3.12 | Q2: 3.2 | R2: 3.26 | S2: 4.2 | T2: 4.16 | U2: 4.3 | V2: 5.7
A3: Si | B3: 硅铁 | C3: 5142 | D3: 5570 | E3: 5620 | F3: 5610 | G3: 5610 | H3: 5760 | I3: 5760 | J3: 5730 | K3: 5730 | L3: 5730 | M3: 5730 | N3: 5730 | O3: 5620 | P3: 5620 | Q3: 5810 | R3: 5935 | S3: 5935 | T3: 5810 | U3: 5810 | V3: 5810
A4: Mn | B4: 硅锰 | C4: 5252 | D4: 5650 | E4: 5650 | F4: 5600 | G4: 5600 | H4: 5800 | I4: 5800 | J4: 5750 | K4: 5750 | L4: 5750 | M4: 5750 | N4: 5750 | O4: 5750 | P4: 5750 | Q4: 5980 | R4: 5980 | S4: 6180 | T4: 6180 | U4: 6130 | V4: 6130
B5: 高碳锰铁 | C5: 5601 | D5: 6000 | E5: 5940 | F5: 5940 | G5: 5940 | H5: 5940 | I5: 5940 | J5: 6115 | K5: 6115 | L5: 6115 | M5: 6115 | N5: 6115 | O5: 6115 | P5: 6320 | Q5: 6320 | R5: 6320 | S5: 6830 | T5: 6830 | U5: 6830 | V5: 6830
B6: 中碳锰铁 | C6: 7443 | D6: 8230 | E6: 8150 | F6: 8150 | G6: 8150 | H6: 8150 | I6: 8150 | J6: 8320 | K6: 8320 | L6: 8320 | M6: 8320 | N6: 8320 | O6: 8320 | P6: 8385 | Q6: 8385 | R6: 8385 | S6: 8735 | T6: 8735 | U6: 8735 | V6: 8735
B7: 低碳锰铁 | C7: 8224 | D7: 9100 | E7: 8900 | F7: 8900 | G7: 8900 | H7: 8900 | I7: 8900 | J7: 10240 | K7: 10240 | L7: 10240 | M7: 10240 | N7: 10240 | O7: 8900 | P7: 8900 | Q7: 8900 | R7: 9500 | S7: 9500 | T7: 9500 | U7: 10150 | V7: 10150
B8: 金属锰 | C8: 12566 | D8: 14900 | E8: 15800 | F8: 15800 | G8: 15800 | H8: 15800 | I8: 15800 | J8: 15800 | K8: 15800 | L8: 15800 | M8: 15800 | N8: 15800 | O8: 17600 | P8: 17900 | Q8: 18150 | R8: 18150 | S8: 19100 | T8: 18900 | U8: 18900 | V8: 18900
A9: P | B9: 磷铁 | C9: 2761 | D9: 2700 | E9: 2700 | F9: 2700 | G9: 2700 | H9: 2700 | I9: 2700 | J9: 2700 | K9: 2700 | L9: 3200 | M9: 2700 | N9: 3200 | O9: 2900 | P9: 2800 | Q9: 2800 | R9: 2800 | S9: 2800 | T9: 2900 | U9: 2900 | V9: 2900
A10: S | B10: 硫铁线40 | C10: 3982 | D10: 5100 | E10: 5100 | F10: 5100 | G10: 5100 | H10: 5100 | I10: 5100 | J10: 5100 | K10: 5100 | L10: 5100 | M10: 5100 | N10: 5100 | O10: 5100 | P10: 5100 | Q10: 5100 | R10: 5100 | S10: 5100 | T10: 5100 | U10: 5100 | V10: 5100
A11: V | B11: 钒铁 | C11: 75450 | D11: 115900 | E11: 92000 | F11: 90000 | G11: 92000 | H11: 90000 | I11: 87000 | J11: 90000 | K11: 90000 | L11: 91000 | M11: 90000 | N11: 91000 | O11: 96000 | P11: 98000 | Q11: 94000 | R11: 94000 | S11: 94000 | T11: 96500 | U11: 96500 | V11: 96500
A12: Nb | B12: 铌铁 | C12: 217302 | D12: 244125 | E12: 244125 | F12: 244125 | G12: 246148 | H12: 246148 | I12: 246148 | J12: 246148 | K12: 246148 | L12: 246148 | M12: 246148 | N12: 246148 | O12: 246148 | P12: 242625 | Q12: 242625 | R12: 242625 | S12: 242625 | T12: 243375 | U12: 243375 | V12: 243375
A13: Ti | B13: 钛铁 | C13: 23723 | D13: 26750 | E13: 26800 | F13: 26800 | G13: 26800 | H13: 26700 | I13: 26700 | J13: 27100 | K13: 27100 | L13: 27100 | M13: 27100 | N13: 27100 | O13: 27400 | P13: 27600 | Q13: 27600 | R13: 27600 | S13: 27850 | T13: 27850 | U13: 27850 | V13: 27850
A14: Cr | B14: 高碳铬铁 | C14: 7635 | D14: 8700 | E14: 8500 | F14: 8700 | G14: 8600 | H14: 8800 | I14: 8650 | J14: 8900 | K14: 8900 | L14: 9000 | M14: 8900 | N14: 9000 | O14: 8800 | P14: 8700 | Q14: 9000 | R14: 9000 | S14: 9000 | T14: 9070 | U14: 9070 | V14: 8850
B15: 低碳铬铁 | C15: 7739 | D15: 14500 | E15: 15230 | F15: 13200 | G15: 13600 | H15: 13800 | I15: 13300 | J15: 14000 | K15: 14000 | L15: 16900 | M15: 14000 | N15: 16900 | O15: 16300 | P15: 16900 | Q15: 13800 | R15: 14200 | S15: 16900 | T15: 17080 | U15: 17080 | V15: 17080
A16: Ni | B16: 电解镍 | C16: 113628 | D16: 120100 | E16: 120300 | F16: 11900 | G16: 130000 | H16: 146000 | I16: 147000 | J16: 147000 | K16: 147000 | L16: 147000 | M16: 147000 | N16: 147000 | O16: 143750 | P16: 144050 | Q16: 139500 | R16: 139050 | S16: 137300 | T16: 144900 | U16: 155550 | V16: 155700
A17: Cu | B17: 电解铜 | C17: 76098 | D17: 87775 | E17: 94910 | F17: 94400 | G17: 98000 | H17: 103000 | I17: 104940 | J17: 103000 | K17: 103000 | L17: 103200 | M17: 103000 | N17: 103200 | O17: 102980 | P17: 103020 | Q17: 97890 | R17: 97790 | S17: 99720 | T17: 104490 | U17: 104830 | V17: 107010
A18: Mo | B18: 钼铁 | C18: 253301 | D18: 236000 | E18: 240000 | F18: 239000 | G18: 239000 | H18: 270000 | I18: 260000 | J18: 260000 | K18: 260000 | L18: 269500 | M18: 260000 | N18: 269500 | O18: 283000 | P18: 280800 | Q18: 281000 | R18: 280000 | S18: 291000 | T18: 289000 | U18: 295000 | V18: 308000
A19: B | B19: 硼铁 | C19: 17066 | D19: 23000 | E19: 23000 | F19: 23000 | G19: 23000 | H19: 25000 | I19: 24000 | J19: 24000 | K19: 24000 | L19: 21700 | M19: 24000 | N19: 21700 | O19: 21700 | P19: 21700 | Q19: 21700 | R19: 21700 | S19: 25000 | T19: 24350 | U19: 24350 | V19: 27200
A20: Als | B20: 铝块 | C20: 19218 | D20: 22380 | E20: 22380 | F20: 23030 | G20: 23030 | H20: 24950 | I20: 25440 | J20: 25440 | K20: 25600 | L20: 25600 | M20: 25600 | N20: 25600 | O20: 25330 | P20: 25330 | Q20: 25330 | R20: 25330 | S20: 25241 | T20: 25241 | U20: 25241 | V20: 25241
